ano,tipo_despesa,esfera_governo,valor_despesa
2010,Despesa total8/,Governo Central,0.28390703605276135
2010,Despesa total8/,Governos Estaduais,0.1335456593145563
2010,Despesa total8/,Governos Municipais,0.08083831232051003
2010,Despesa total8/,Coluna de Consolidação,-0.10313224071111994
2010,Despesa total8/,Governo Geral,0.3951587669767077
2011,Despesa total8/,Governo Central,0.2872520336035231
2011,Despesa total8/,Governos Estaduais,0.12364296054131575
2011,Despesa total8/,Governos Municipais,0.08049265370101209
2011,Despesa total8/,Coluna de Consolidação,-0.09771510676215135
2011,Despesa total8/,Governo Geral,0.3936725410836996
2012,Despesa total8/,Governo Central,0.28228207421264806
2012,Despesa total8/,Governos Estaduais,0.1264699541684484
2012,Despesa total8/,Governos Municipais,0.08387645821098287
2012,Despesa total8/,Coluna de Consolidação,-0.09953347007452226
2012,Despesa total8/,Governo Geral,0.39309501651755707
2013,Despesa total8/,Governo Central,0.28298296899356523
2013,Despesa total8/,Governos Estaduais,0.12817429723521767
2013,Despesa total8/,Governos Municipais,0.07951422568826695
2013,Despesa total8/,Coluna de Consolidação,-0.09287003490807395
2013,Despesa total8/,Governo Geral,0.3978014570089759
2014,Despesa total8/,Governo Central,0.29421058937880273
2014,Despesa total8/,Governos Estaduais,0.1290665246635107
2014,Despesa total8/,Governos Municipais,0.08388049893889077
2014,Despesa total8/,Coluna de Consolidação,-0.09289329737218993
2014,Despesa total8/,Governo Geral,0.4142643156090142
2015,Despesa total8/,Governo Central,0.33851833035416157
2015,Despesa total8/,Governos Estaduais,0.13391135858764486
2015,Despesa total8/,Governos Municipais,0.08699130756479644
2015,Despesa total8/,Coluna de Consolidação,-0.09751248902543098
2015,Despesa total8/,Governo Geral,0.46190850748117185
2016,Despesa total8/,Governo Central,0.33243737550991487
2016,Despesa total8/,Governos Estaduais,0.13251804454717586
2016,Despesa total8/,Governos Municipais,0.08813401915165855
2016,Despesa total8/,Coluna de Consolidação,-0.09806027019942874
2016,Despesa total8/,Governo Geral,0.45502916900932056
2017,Despesa total8/,Governo Central,0.320957968442005
2017,Despesa total8/,Governos Estaduais,0.12835424759250358
2017,Despesa total8/,Governos Municipais,0.08326430814759171
2017,Despesa total8/,Coluna de Consolidação,-0.08960327946521446
2017,Despesa total8/,Governo Geral,0.4429732447168858
2018,Despesa total8/,Governo Central,0.3207258640631667
2018,Despesa total8/,Governos Estaduais,0.12803771170467942
2018,Despesa total8/,Governos Municipais,0.08616452760162556
2018,Despesa total8/,Coluna de Consolidação,-0.09312150863620261
2018,Despesa total8/,Governo Geral,0.4418065947332691
2019,Despesa total8/,Governo Central,0.30881220716553415
2019,Despesa total8/,Governos Estaduais,0.12483867736631607
2019,Despesa total8/,Governos Municipais,0.08927234143903863
2019,Despesa total8/,Coluna de Consolidação,-0.09249446194691355
2019,Despesa total8/,Governo Geral,0.43042876402397523
2020,Despesa total8/,Governo Central,0.3464014077639451
2020,Despesa total8/,Governos Estaduais,0.12448399872793502
2020,Despesa total8/,Governos Municipais,0.0946067796068426
2020,Despesa total8/,Coluna de Consolidação,-0.10370796622968831
2020,Despesa total8/,Governo Geral,0.46178421986903434
2021,Despesa total8/,Governo Central,0.2917923636523447
2021,Despesa total8/,Governos Estaduais,0.12038344913817443
2021,Despesa total8/,Governos Municipais,0.08574303604362374
2021,Despesa total8/,Coluna de Consolidação,-0.09420896129179902
2021,Despesa total8/,Governo Geral,0.40370988754234377
2022,Despesa total8/,Governo Central,0.31412327363518955
2022,Despesa total8/,Governos Estaduais,0.1358938619329739
2022,Despesa total8/,Governos Municipais,0.0965764949167506
2022,Despesa total8/,Coluna de Consolidação,-0.11214035077723317
2022,Despesa total8/,Governo Geral,0.43445327970768083
2023,Despesa total8/,Governo Central,0.32255583115703174
2023,Despesa total8/,Governos Estaduais,0.13352383918389005
2023,Despesa total8/,Governos Municipais,0.10268034490360396
2023,Despesa total8/,Coluna de Consolidação,-0.10566708818850598
2023,Despesa total8/,Governo Geral,0.4530929270560198
2024,Despesa total8/,Governo Central,0.32236457901868903
2024,Despesa total8/,Governos Estaduais,0.13467569155147313
2024,Despesa total8/,Governos Municipais,0.11102528442791475
2024,Despesa total8/,Coluna de Consolidação,-0.11019808719142771
2024,Despesa total8/,Governo Geral,0.4578674678066492
2010,Serviços públicos gerais,Governo Central,0.11253653405112622
2010,Serviços públicos gerais,Governos Estaduais,0.046104400935146915
2010,Serviços públicos gerais,Governos Municipais,0.014414947720156635
2010,Serviços públicos gerais,Coluna de Consolidação,-0.07152793614003064
2010,Serviços públicos gerais,Governo Geral,0.10152794656639912
2011,Serviços públicos gerais,Governo Central,0.11904991092285834
2011,Serviços públicos gerais,Governos Estaduais,0.03979305113072646
2011,Serviços públicos gerais,Governos Municipais,0.0138946479813855
2011,Serviços públicos gerais,Coluna de Consolidação,-0.06743592014167327
2011,Serviços públicos gerais,Governo Geral,0.10530168989329704
2012,Serviços públicos gerais,Governo Central,0.11067206807768859
2012,Serviços públicos gerais,Governos Estaduais,0.04180445330529477
2012,Serviços públicos gerais,Governos Municipais,0.014081059786775825
2012,Serviços públicos gerais,Coluna de Consolidação,-0.06770782038984104
2012,Serviços públicos gerais,Governo Geral,0.09884976077991814
2013,Serviços públicos gerais,Governo Central,0.10891204325652025
2013,Serviços públicos gerais,Governos Estaduais,0.03949844575771273
2013,Serviços públicos gerais,Governos Municipais,0.013473968342801377
2013,Serviços públicos gerais,Coluna de Consolidação,-0.06434803474976575
2013,Serviços públicos gerais,Governo Geral,0.09753642260726861
2014,Serviços públicos gerais,Governo Central,0.11455098551056851
2014,Serviços públicos gerais,Governos Estaduais,0.03813812944756485
2014,Serviços públicos gerais,Governos Municipais,0.013555776405665564
2014,Serviços públicos gerais,Coluna de Consolidação,-0.06347213314326432
2014,Serviços públicos gerais,Governo Geral,0.10277275822053461
2015,Serviços públicos gerais,Governo Central,0.15805128241800595
2015,Serviços públicos gerais,Governos Estaduais,0.04356835409572863
2015,Serviços públicos gerais,Governos Municipais,0.01476622393687796
2015,Serviços públicos gerais,Coluna de Consolidação,-0.06874037875877884
2015,Serviços públicos gerais,Governo Geral,0.14764548169183372
2016,Serviços públicos gerais,Governo Central,0.14077817876773088
2016,Serviços públicos gerais,Governos Estaduais,0.03924252485523227
2016,Serviços públicos gerais,Governos Municipais,0.013664845893628532
2016,Serviços públicos gerais,Coluna de Consolidação,-0.06648747727765479
2016,Serviços públicos gerais,Governo Geral,0.12719807223893687
2017,Serviços públicos gerais,Governo Central,0.13007393530480388
2017,Serviços públicos gerais,Governos Estaduais,0.034332028481367266
2017,Serviços públicos gerais,Governos Municipais,0.012241013869312652
2017,Serviços públicos gerais,Coluna de Consolidação,-0.060464037429106304
2017,Serviços públicos gerais,Governo Geral,0.1161829402263775
2018,Serviços públicos gerais,Governo Central,0.13137424164506079
2018,Serviços públicos gerais,Governos Estaduais,0.03440704843266988
2018,Serviços públicos gerais,Governos Municipais,0.012638098137804438
2018,Serviços públicos gerais,Coluna de Consolidação,-0.06331256937153239
2018,Serviços públicos gerais,Governo Geral,0.11510681884400273
2019,Serviços públicos gerais,Governo Central,0.11675582910052817
2019,Serviços públicos gerais,Governos Estaduais,0.032756734919061614
2019,Serviços públicos gerais,Governos Municipais,0.013729299252223505
2019,Serviços públicos gerais,Coluna de Consolidação,-0.06358766974645015
2019,Serviços públicos gerais,Governo Geral,0.09965419352536314
2020,Serviços públicos gerais,Governo Central,0.11156568687587341
2020,Serviços públicos gerais,Governos Estaduais,0.02951703341671727
2020,Serviços públicos gerais,Governos Municipais,0.014194143575144926
2020,Serviços públicos gerais,Coluna de Consolidação,-0.06906326231411994
2020,Serviços públicos gerais,Governo Geral,0.08621360155361568
2021,Serviços públicos gerais,Governo Central,0.11378386760034545
2021,Serviços públicos gerais,Governos Estaduais,0.03629736900868646
2021,Serviços públicos gerais,Governos Municipais,0.013033952618054076
2021,Serviços públicos gerais,Coluna de Consolidação,-0.0641918281507149
2021,Serviços públicos gerais,Governo Geral,0.0989233610763711
2022,Serviços públicos gerais,Governo Central,0.13564193303750158
2022,Serviços públicos gerais,Governos Estaduais,0.03937601600902369
2022,Serviços públicos gerais,Governos Municipais,0.01417586428997718
2022,Serviços públicos gerais,Coluna de Consolidação,-0.07867015593566265
2022,Serviços públicos gerais,Governo Geral,0.11052365740083979
2023,Serviços públicos gerais,Governo Central,0.1328113531511399
2023,Serviços públicos gerais,Governos Estaduais,0.03736319400722911
2023,Serviços públicos gerais,Governos Municipais,0.014178326536829284
2023,Serviços públicos gerais,Coluna de Consolidação,-0.07085760576739907
2023,Serviços públicos gerais,Governo Geral,0.11349526792779925
2024,Serviços públicos gerais,Governo Central,0.1323486145268771
2024,Serviços públicos gerais,Governos Estaduais,0.03407571022741335
2024,Serviços públicos gerais,Governos Municipais,0.015020915657197726
2024,Serviços públicos gerais,Coluna de Consolidação,-0.0706226127425144
2024,Serviços públicos gerais,Governo Geral,0.11082262766897381
2010,"Poder execut., leg., assuntos fiscais, financeiros e externos",Governo Central,0.006895566984245141
2010,"Poder execut., leg., assuntos fiscais, financeiros e externos",Governos Estaduais,0.009359971479064448
2010,"Poder execut., leg., assuntos fiscais, financeiros e externos",Governos Municipais,0.00439859374783526
2010,"Poder execut., leg., assuntos fiscais, financeiros e externos",Coluna de Consolidação,-0.0004470675224444867
2010,"Poder execut., leg., assuntos fiscais, financeiros e externos",Governo Geral,0.02020706468870036
2011,"Poder execut., leg., assuntos fiscais, financeiros e externos",Governo Central,0.006700427406719274
2011,"Poder execut., leg., assuntos fiscais, financeiros e externos",Governos Estaduais,0.008053293193703622
2011,"Poder execut., leg., assuntos fiscais, financeiros e externos",Governos Municipais,0.0044268379897450544
2011,"Poder execut., leg., assuntos fiscais, financeiros e externos",Coluna de Consolidação,-0.0002589925606813108
2011,"Poder execut., leg., assuntos fiscais, financeiros e externos",Governo Geral,0.01892156602948664
2012,"Poder execut., leg., assuntos fiscais, financeiros e externos",Governo Central,0.005928855223888434
2012,"Poder execut., leg., assuntos fiscais, financeiros e externos",Governos Estaduais,0.00937209718425143
2012,"Poder execut., leg., assuntos fiscais, financeiros e externos",Governos Municipais,0.004506099727946093
2012,"Poder execut., leg., assuntos fiscais, financeiros e externos",Coluna de Consolidação,-0.00037994755264733675
2012,"Poder execut., leg., assuntos fiscais, financeiros e externos",Governo Geral,0.01942710458343862
2013,"Poder execut., leg., assuntos fiscais, financeiros e externos",Governo Central,0.005477356225958866
2013,"Poder execut., leg., assuntos fiscais, financeiros e externos",Governos Estaduais,0.008856477599508434
2013,"Poder execut., leg., assuntos fiscais, financeiros e externos",Governos Municipais,0.00461968725244848
2013,"Poder execut., leg., assuntos fiscais, financeiros e externos",Coluna de Consolidação,-0.00030992849335998205
2013,"Poder execut., leg., assuntos fiscais, financeiros e externos",Governo Geral,0.0186435925845558
2014,"Poder execut., leg., assuntos fiscais, financeiros e externos",Governo Central,0.005097462575416031
2014,"Poder execut., leg., assuntos fiscais, financeiros e externos",Governos Estaduais,0.008705673745849577
2014,"Poder execut., leg., assuntos fiscais, financeiros e externos",Governos Municipais,0.00476458580605793
2014,"Poder execut., leg., assuntos fiscais, financeiros e externos",Coluna de Consolidação,-0.0003347535219696135
2014,"Poder execut., leg., assuntos fiscais, financeiros e externos",Governo Geral,0.018232968605353922
2015,"Poder execut., leg., assuntos fiscais, financeiros e externos",Governo Central,0.005918556388040945
2015,"Poder execut., leg., assuntos fiscais, financeiros e externos",Governos Estaduais,0.008540185687650397
2015,"Poder execut., leg., assuntos fiscais, financeiros e externos",Governos Municipais,0.005004750662814651
2015,"Poder execut., leg., assuntos fiscais, financeiros e externos",Coluna de Consolidação,-0.0002759169093899504
2015,"Poder execut., leg., assuntos fiscais, financeiros e externos",Governo Geral,0.01918757582911604
2016,"Poder execut., leg., assuntos fiscais, financeiros e externos",Governo Central,0.006243859326010725
2016,"Poder execut., leg., assuntos fiscais, financeiros e externos",Governos Estaduais,0.007438402485181771
2016,"Poder execut., leg., assuntos fiscais, financeiros e externos",Governos Municipais,0.005245014360260082
2016,"Poder execut., leg., assuntos fiscais, financeiros e externos",Coluna de Consolidação,-0.00017268615216249375
2016,"Poder execut., leg., assuntos fiscais, financeiros e externos",Governo Geral,0.018754590019290085
2017,"Poder execut., leg., assuntos fiscais, financeiros e externos",Governo Central,0.005944344620524049
2017,"Poder execut., leg., assuntos fiscais, financeiros e externos",Governos Estaduais,0.007064513706652841
2017,"Poder execut., leg., assuntos fiscais, financeiros e externos",Governos Municipais,0.005082047205137094
2017,"Poder execut., leg., assuntos fiscais, financeiros e externos",Coluna de Consolidação,-0.00011842585298417641
2017,"Poder execut., leg., assuntos fiscais, financeiros e externos",Governo Geral,0.017972479679329807
2018,"Poder execut., leg., assuntos fiscais, financeiros e externos",Governo Central,0.006175399660771318
2018,"Poder execut., leg., assuntos fiscais, financeiros e externos",Governos Estaduais,0.00665367533004547
2018,"Poder execut., leg., assuntos fiscais, financeiros e externos",Governos Municipais,0.005154240556688829
2018,"Poder execut., leg., assuntos fiscais, financeiros e externos",Coluna de Consolidação,-0.00010283536977992856
2018,"Poder execut., leg., assuntos fiscais, financeiros e externos",Governo Geral,0.01788048017772569
2019,"Poder execut., leg., assuntos fiscais, financeiros e externos",Governo Central,0.00617415882924454
2019,"Poder execut., leg., assuntos fiscais, financeiros e externos",Governos Estaduais,0.006646262334245843
2019,"Poder execut., leg., assuntos fiscais, financeiros e externos",Governos Municipais,0.005298826849073989
2019,"Poder execut., leg., assuntos fiscais, financeiros e externos",Coluna de Consolidação,-7.307641539551623e-05
2019,"Poder execut., leg., assuntos fiscais, financeiros e externos",Governo Geral,0.01804617159716886
2020,"Poder execut., leg., assuntos fiscais, financeiros e externos",Governo Central,0.006859543188898719
2020,"Poder execut., leg., assuntos fiscais, financeiros e externos",Governos Estaduais,0.00589556304029622
2020,"Poder execut., leg., assuntos fiscais, financeiros e externos",Governos Municipais,0.005585098387581008
2020,"Poder execut., leg., assuntos fiscais, financeiros e externos",Coluna de Consolidação,-4.199385652387291e-05
2020,"Poder execut., leg., assuntos fiscais, financeiros e externos",Governo Geral,0.01829821076025208
2021,"Poder execut., leg., assuntos fiscais, financeiros e externos",Governo Central,0.0056285038195302865
2021,"Poder execut., leg., assuntos fiscais, financeiros e externos",Governos Estaduais,0.011296253368805315
2021,"Poder execut., leg., assuntos fiscais, financeiros e externos",Governos Municipais,0.005204824385087115
2021,"Poder execut., leg., assuntos fiscais, financeiros e externos",Coluna de Consolidação,-0.00018799202310983154
2021,"Poder execut., leg., assuntos fiscais, financeiros e externos",Governo Geral,0.021941589550312886
2022,"Poder execut., leg., assuntos fiscais, financeiros e externos",Governo Central,0.006592559191932021
2022,"Poder execut., leg., assuntos fiscais, financeiros e externos",Governos Estaduais,0.01037250295768426
2022,"Poder execut., leg., assuntos fiscais, financeiros e externos",Governos Municipais,0.005464565322519316
2022,"Poder execut., leg., assuntos fiscais, financeiros e externos",Coluna de Consolidação,-0.002601198163256632
2022,"Poder execut., leg., assuntos fiscais, financeiros e externos",Governo Geral,0.01982842930887897
2023,"Poder execut., leg., assuntos fiscais, financeiros e externos",Governo Central,0.008577802457437108
2023,"Poder execut., leg., assuntos fiscais, financeiros e externos",Governos Estaduais,0.008248355879580114
2023,"Poder execut., leg., assuntos fiscais, financeiros e externos",Governos Municipais,0.005594449772229092
2023,"Poder execut., leg., assuntos fiscais, financeiros e externos",Coluna de Consolidação,-0.00012046588091886374
2023,"Poder execut., leg., assuntos fiscais, financeiros e externos",Governo Geral,0.02230014222832745
2024,"Poder execut., leg., assuntos fiscais, financeiros e externos",Governo Central,0.0038499513358086555
2024,"Poder execut., leg., assuntos fiscais, financeiros e externos",Governos Estaduais,0.008106344279591305
2024,"Poder execut., leg., assuntos fiscais, financeiros e externos",Governos Municipais,0.006043872181842142
2024,"Poder execut., leg., assuntos fiscais, financeiros e externos",Coluna de Consolidação,-0.00044379037221505994
2024,"Poder execut., leg., assuntos fiscais, financeiros e externos",Governo Geral,0.01755637742502704
2010,Ajuda econômica externa,Governo Central,4.3725259918657126e-05
2010,Ajuda econômica externa,Governos Estaduais,0.0
2010,Ajuda econômica externa,Governos Municipais,1.6991000086467245e-06
2010,Ajuda econômica externa,Coluna de Consolidação,0.0
2010,Ajuda econômica externa,Governo Geral,4.542435992730385e-05
2011,Ajuda econômica externa,Governo Central,2.7917990709010967e-05
2011,Ajuda econômica externa,Governos Estaduais,0.0
2011,Ajuda econômica externa,Governos Municipais,1.2666440108496313e-06
2011,Ajuda econômica externa,Coluna de Consolidação,0.0
2011,Ajuda econômica externa,Governo Geral,2.9184634719860598e-05
2012,Ajuda econômica externa,Governo Central,4.899545322049456e-06
2012,Ajuda econômica externa,Governos Estaduais,0.0
2012,Ajuda econômica externa,Governos Municipais,1.2423588364547808e-06
2012,Ajuda econômica externa,Coluna de Consolidação,0.0
2012,Ajuda econômica externa,Governo Geral,6.1419041585042375e-06
2013,Ajuda econômica externa,Governo Central,5.721008675251073e-06
2013,Ajuda econômica externa,Governos Estaduais,0.0
2013,Ajuda econômica externa,Governos Municipais,1.0981615381436553e-06
2013,Ajuda econômica externa,Coluna de Consolidação,0.0
2013,Ajuda econômica externa,Governo Geral,6.819170213394728e-06
2014,Ajuda econômica externa,Governo Central,3.4608345144821666e-09
2014,Ajuda econômica externa,Governos Estaduais,0.0
2014,Ajuda econômica externa,Governos Municipais,9.963445157005419e-07
2014,Ajuda econômica externa,Coluna de Consolidação,0.0
2014,Ajuda econômica externa,Governo Geral,9.99805350215024e-07
2015,Ajuda econômica externa,Governo Central,0.0
2015,Ajuda econômica externa,Governos Estaduais,0.0
2015,Ajuda econômica externa,Governos Municipais,1.0952624038965276e-06
2015,Ajuda econômica externa,Coluna de Consolidação,0.0
2015,Ajuda econômica externa,Governo Geral,1.0952624038965276e-06
2016,Ajuda econômica externa,Governo Central,0.0
2016,Ajuda econômica externa,Governos Estaduais,0.0
2016,Ajuda econômica externa,Governos Municipais,1.0953327138040084e-06
2016,Ajuda econômica externa,Coluna de Consolidação,0.0
2016,Ajuda econômica externa,Governo Geral,1.0953327138040084e-06
2017,Ajuda econômica externa,Governo Central,0.0
2017,Ajuda econômica externa,Governos Estaduais,0.0
2017,Ajuda econômica externa,Governos Municipais,3.306786706045895e-07
2017,Ajuda econômica externa,Coluna de Consolidação,0.0
2017,Ajuda econômica externa,Governo Geral,3.306786706045895e-07
2018,Ajuda econômica externa,Governo Central,0.0
2018,Ajuda econômica externa,Governos Estaduais,0.0
2018,Ajuda econômica externa,Governos Municipais,1.930362901550403e-07
2018,Ajuda econômica externa,Coluna de Consolidação,0.0
2018,Ajuda econômica externa,Governo Geral,1.930362901550403e-07
2019,Ajuda econômica externa,Governo Central,0.0
2019,Ajuda econômica externa,Governos Estaduais,0.0
2019,Ajuda econômica externa,Governos Municipais,0.0
2019,Ajuda econômica externa,Coluna de Consolidação,0.0
2019,Ajuda econômica externa,Governo Geral,0.0
2020,Ajuda econômica externa,Governo Central,0.0
2020,Ajuda econômica externa,Governos Estaduais,0.0
2020,Ajuda econômica externa,Governos Municipais,0.0
2020,Ajuda econômica externa,Coluna de Consolidação,0.0
2020,Ajuda econômica externa,Governo Geral,0.0
2021,Ajuda econômica externa,Governo Central,0.0
2021,Ajuda econômica externa,Governos Estaduais,0.0
2021,Ajuda econômica externa,Governos Municipais,0.0
2021,Ajuda econômica externa,Coluna de Consolidação,0.0
2021,Ajuda econômica externa,Governo Geral,0.0
2022,Ajuda econômica externa,Governo Central,0.0
2022,Ajuda econômica externa,Governos Estaduais,0.0
2022,Ajuda econômica externa,Governos Municipais,0.0
2022,Ajuda econômica externa,Coluna de Consolidação,0.0
2022,Ajuda econômica externa,Governo Geral,0.0
2023,Ajuda econômica externa,Governo Central,0.0
2023,Ajuda econômica externa,Governos Estaduais,0.0
2023,Ajuda econômica externa,Governos Municipais,0.0
2023,Ajuda econômica externa,Coluna de Consolidação,0.0
2023,Ajuda econômica externa,Governo Geral,0.0
2024,Ajuda econômica externa,Governo Central,0.0
2024,Ajuda econômica externa,Governos Estaduais,0.0
2024,Ajuda econômica externa,Governos Municipais,0.0
2024,Ajuda econômica externa,Coluna de Consolidação,0.0
2024,Ajuda econômica externa,Governo Geral,0.0
2010,Serviços gerais,Governo Central,0.0007794807966989378
2010,Serviços gerais,Governos Estaduais,0.0011061152759079956
2010,Serviços gerais,Governos Municipais,0.007093903489578079
2010,Serviços gerais,Coluna de Consolidação,-4.5638093724295874e-05
2010,Serviços gerais,Governo Geral,0.008933861468460718
2011,Serviços gerais,Governo Central,0.0004333813219043446
2011,Serviços gerais,Governos Estaduais,0.0009543146938508733
2011,Serviços gerais,Governos Municipais,0.007298830396451014
2011,Serviços gerais,Coluna de Consolidação,-2.8882134372017696e-05
2011,Serviços gerais,Governo Geral,0.008657644277834213
2012,Serviços gerais,Governo Central,0.0003890827138462176
2012,Serviços gerais,Governos Estaduais,0.0009875808042627253
2012,Serviços gerais,Governos Municipais,0.00723952894596284
2012,Serviços gerais,Coluna de Consolidação,-3.110273877556139e-05
2012,Serviços gerais,Governo Geral,0.008585089725296223
2013,Serviços gerais,Governo Central,0.00036921577435647347
2013,Serviços gerais,Governos Estaduais,0.0010580662133646728
2013,Serviços gerais,Governos Municipais,0.006725825653983728
2013,Serviços gerais,Coluna de Consolidação,-3.116657142415418e-05
2013,Serviços gerais,Governo Geral,0.008121941070280721
2014,Serviços gerais,Governo Central,0.00032352738097406577
2014,Serviços gerais,Governos Estaduais,0.0010090356358978584
2014,Serviços gerais,Governos Municipais,0.0068168655359789
2014,Serviços gerais,Coluna de Consolidação,-7.636960816184162e-05
2014,Serviços gerais,Governo Geral,0.008073058944688983
2015,Serviços gerais,Governo Central,0.0003234806861478793
2015,Serviços gerais,Governos Estaduais,0.0008481512669104771
2015,Serviços gerais,Governos Municipais,0.006775420671614896
2015,Serviços gerais,Coluna de Consolidação,-3.7179463994290666e-05
2015,Serviços gerais,Governo Geral,0.007909873160678963
2016,Serviços gerais,Governo Central,0.0003062270270429525
2016,Serviços gerais,Governos Estaduais,0.0004285639843307954
2016,Serviços gerais,Governos Municipais,0.006780891919907405
2016,Serviços gerais,Coluna de Consolidação,-2.3823546805422263e-05
2016,Serviços gerais,Governo Geral,0.007491859384475731
2017,Serviços gerais,Governo Central,0.0003534323972948054
2017,Serviços gerais,Governos Estaduais,0.0004401708494385146
2017,Serviços gerais,Governos Municipais,0.006255382134923366
2017,Serviços gerais,Coluna de Consolidação,-3.298840107361732e-05
2017,Serviços gerais,Governo Geral,0.007015996980583069
2018,Serviços gerais,Governo Central,0.00035151936276946487
2018,Serviços gerais,Governos Estaduais,0.0004388440823543256
2018,Serviços gerais,Governos Municipais,0.006602834557546208
2018,Serviços gerais,Coluna de Consolidação,-1.9377116279216244e-05
2018,Serviços gerais,Governo Geral,0.0073738208863907825
2019,Serviços gerais,Governo Central,0.0002747106003656167
2019,Serviços gerais,Governos Estaduais,0.0004322545456348342
2019,Serviços gerais,Governos Municipais,0.007618515127096019
2019,Serviços gerais,Coluna de Consolidação,-1.557711568318673e-05
2019,Serviços gerais,Governo Geral,0.008309903157413282
2020,Serviços gerais,Governo Central,0.00025935999498024074
2020,Serviços gerais,Governos Estaduais,0.00042811108088242625
2020,Serviços gerais,Governos Municipais,0.00777819861794745
2020,Serviços gerais,Coluna de Consolidação,-1.905354898614276e-05
2020,Serviços gerais,Governo Geral,0.008446616144823975
2021,Serviços gerais,Governo Central,0.00021594490392056771
2021,Serviços gerais,Governos Estaduais,0.0004622583431626641
2021,Serviços gerais,Governos Municipais,0.0070636938968770425
2021,Serviços gerais,Coluna de Consolidação,-1.7468754742354656e-05
2021,Serviços gerais,Governo Geral,0.0077244283892179185
2022,Serviços gerais,Governo Central,0.0003473556317479233
2022,Serviços gerais,Governos Estaduais,0.00047148572078215906
2022,Serviços gerais,Governos Municipais,0.007610379299688079
2022,Serviços gerais,Coluna de Consolidação,-1.6670653728142936e-05
2022,Serviços gerais,Governo Geral,0.008412549998490018
2023,Serviços gerais,Governo Central,0.0004648845359432271
2023,Serviços gerais,Governos Estaduais,0.0005302683892124188
2023,Serviços gerais,Governos Municipais,0.007548057109451495
2023,Serviços gerais,Coluna de Consolidação,-1.5695125062057608e-05
2023,Serviços gerais,Governo Geral,0.008527514909545085
2024,Serviços gerais,Governo Central,0.00036572376041079405
2024,Serviços gerais,Governos Estaduais,0.00047610646409196284
2024,Serviços gerais,Governos Municipais,0.007845996461508015
2024,Serviços gerais,Coluna de Consolidação,-1.5481476642742216e-05
2024,Serviços gerais,Governo Geral,0.008672345209368031
2010,Pesquisa básica,Governo Central,0.0003014511019424275
2010,Pesquisa básica,Governos Estaduais,0.0
2010,Pesquisa básica,Governos Municipais,1.592924575377606e-05
2010,Pesquisa básica,Coluna de Consolidação,-3.198860894227758e-05
2010,Pesquisa básica,Governo Geral,0.00028539173875392594
2011,Pesquisa básica,Governo Central,0.00025340965005505906
2011,Pesquisa básica,Governos Estaduais,0.0
2011,Pesquisa básica,Governos Municipais,5.229839098001403e-06
2011,Pesquisa básica,Coluna de Consolidação,-9.725971860373103e-06
2011,Pesquisa básica,Governo Geral,0.00024891351729268733
2012,Pesquisa básica,Governo Central,0.00030091671087273267
2012,Pesquisa básica,Governos Estaduais,0.0
2012,Pesquisa básica,Governos Municipais,1.7257197950212677e-05
2012,Pesquisa básica,Coluna de Consolidação,-1.025264361299073e-05
2012,Pesquisa básica,Governo Geral,0.0003079212652099546
2013,Pesquisa básica,Governo Central,0.00025004791552690357
2013,Pesquisa básica,Governos Estaduais,0.0
2013,Pesquisa básica,Governos Municipais,6.703017449274722e-06
2013,Pesquisa básica,Coluna de Consolidação,-1.270415794043419e-05
2013,Pesquisa básica,Governo Geral,0.0002440467750357441
2014,Pesquisa básica,Governo Central,0.00032207764892247797
2014,Pesquisa básica,Governos Estaduais,0.0
2014,Pesquisa básica,Governos Municipais,1.863523767587966e-05
2014,Pesquisa básica,Coluna de Consolidação,-1.0539253475008503e-05
2014,Pesquisa básica,Governo Geral,0.0003301736331233491
2015,Pesquisa básica,Governo Central,0.00026947455058416416
2015,Pesquisa básica,Governos Estaduais,0.0
2015,Pesquisa básica,Governos Municipais,2.2824089666401356e-05
2015,Pesquisa básica,Coluna de Consolidação,-8.913869079607676e-06
2015,Pesquisa básica,Governo Geral,0.0002833847711709578
2016,Pesquisa básica,Governo Central,0.0002644285657492426
2016,Pesquisa básica,Governos Estaduais,0.0
2016,Pesquisa básica,Governos Municipais,1.1719394321455068e-05
2016,Pesquisa básica,Coluna de Consolidação,-8.258299193811515e-06
2016,Pesquisa básica,Governo Geral,0.0002678896608768861
2017,Pesquisa básica,Governo Central,0.00021305765463676513
2017,Pesquisa básica,Governos Estaduais,0.0
2017,Pesquisa básica,Governos Municipais,1.3379728357694636e-05
2017,Pesquisa básica,Coluna de Consolidação,-3.070363289171854e-06
2017,Pesquisa básica,Governo Geral,0.00022336701970528792
2018,Pesquisa básica,Governo Central,0.0001855372095275006
2018,Pesquisa básica,Governos Estaduais,0.0
2018,Pesquisa básica,Governos Municipais,1.7719711331806545e-05
2018,Pesquisa básica,Coluna de Consolidação,-3.142936307255262e-06
2018,Pesquisa básica,Governo Geral,0.00020011398455205192
2019,Pesquisa básica,Governo Central,0.0001893478734481701
2019,Pesquisa básica,Governos Estaduais,0.0
2019,Pesquisa básica,Governos Municipais,2.58008202481385e-05
2019,Pesquisa básica,Coluna de Consolidação,-2.399658023349355e-06
2019,Pesquisa básica,Governo Geral,0.00021274903567295925
2020,Pesquisa básica,Governo Central,0.00015320413780253476
2020,Pesquisa básica,Governos Estaduais,0.0
2020,Pesquisa básica,Governos Municipais,2.7691648847750857e-05
2020,Pesquisa básica,Coluna de Consolidação,-2.103101169000542e-06
2020,Pesquisa básica,Governo Geral,0.00017879268548128506
2021,Pesquisa básica,Governo Central,0.00015975714178071643
2021,Pesquisa básica,Governos Estaduais,0.0
2021,Pesquisa básica,Governos Municipais,2.591397606471482e-05
2021,Pesquisa básica,Coluna de Consolidação,-1.6819076052498513e-06
2021,Pesquisa básica,Governo Geral,0.00018398921024018143
2022,Pesquisa básica,Governo Central,0.00023329532545842538
2022,Pesquisa básica,Governos Estaduais,0.0
2022,Pesquisa básica,Governos Municipais,6.347427454966039e-05
2022,Pesquisa básica,Coluna de Consolidação,-4.3917424954318635e-06
2022,Pesquisa básica,Governo Geral,0.0002923778575126539
2023,Pesquisa básica,Governo Central,0.00026762265263766724
2023,Pesquisa básica,Governos Estaduais,0.0
2023,Pesquisa básica,Governos Municipais,7.257388068939177e-05
2023,Pesquisa básica,Coluna de Consolidação,-4.074863806964584e-06
2023,Pesquisa básica,Governo Geral,0.0003361216695200944
2024,Pesquisa básica,Governo Central,0.0003051686702784168
2024,Pesquisa básica,Governos Estaduais,0.0
2024,Pesquisa básica,Governos Municipais,8.457123267516805e-05
2024,Pesquisa básica,Coluna de Consolidação,-2.6347705054106985e-06
2024,Pesquisa básica,Governo Geral,0.00038710513244817407
2010,Pesquisa e desenvolvimento de serviços públicos gerais,Governo Central,7.644273685982384e-06
2010,Pesquisa e desenvolvimento de serviços públicos gerais,Governos Estaduais,1.588640259656517e-05
2010,Pesquisa e desenvolvimento de serviços públicos gerais,Governos Municipais,0.0
2010,Pesquisa e desenvolvimento de serviços públicos gerais,Coluna de Consolidação,-5.776193091834278e-08
2010,Pesquisa e desenvolvimento de serviços públicos gerais,Governo Geral,2.347291435162921e-05
2011,Pesquisa e desenvolvimento de serviços públicos gerais,Governo Central,5.419599198861484e-06
2011,Pesquisa e desenvolvimento de serviços públicos gerais,Governos Estaduais,1.5138291999869162e-05
2011,Pesquisa e desenvolvimento de serviços públicos gerais,Governos Municipais,0.0
2011,Pesquisa e desenvolvimento de serviços públicos gerais,Coluna de Consolidação,-5.808997474382874e-08
2011,Pesquisa e desenvolvimento de serviços públicos gerais,Governo Geral,2.0499801223986817e-05
2012,Pesquisa e desenvolvimento de serviços públicos gerais,Governo Central,5.778743689299645e-06
2012,Pesquisa e desenvolvimento de serviços públicos gerais,Governos Estaduais,1.639168458675332e-05
2012,Pesquisa e desenvolvimento de serviços públicos gerais,Governos Municipais,0.0
2012,Pesquisa e desenvolvimento de serviços públicos gerais,Coluna de Consolidação,-5.6928323108114424e-08
2012,Pesquisa e desenvolvimento de serviços públicos gerais,Governo Geral,2.2113499952944854e-05
2013,Pesquisa e desenvolvimento de serviços públicos gerais,Governo Central,8.62667336507102e-06
2013,Pesquisa e desenvolvimento de serviços públicos gerais,Governos Estaduais,1.678900112354061e-05
2013,Pesquisa e desenvolvimento de serviços públicos gerais,Governos Municipais,0.0
2013,Pesquisa e desenvolvimento de serviços públicos gerais,Coluna de Consolidação,-9.903673671228812e-07
2013,Pesquisa e desenvolvimento de serviços públicos gerais,Governo Geral,2.442530712148875e-05
2014,Pesquisa e desenvolvimento de serviços públicos gerais,Governo Central,6.637192040748973e-06
2014,Pesquisa e desenvolvimento de serviços públicos gerais,Governos Estaduais,1.6447996919285303e-05
2014,Pesquisa e desenvolvimento de serviços públicos gerais,Governos Municipais,1.417721271210823e-08
2014,Pesquisa e desenvolvimento de serviços públicos gerais,Coluna de Consolidação,-3.2553810923260493e-08
2014,Pesquisa e desenvolvimento de serviços públicos gerais,Governo Geral,2.3066812361823127e-05
2015,Pesquisa e desenvolvimento de serviços públicos gerais,Governo Central,8.439246976243637e-06
2015,Pesquisa e desenvolvimento de serviços públicos gerais,Governos Estaduais,1.3836111920109361e-05
2015,Pesquisa e desenvolvimento de serviços públicos gerais,Governos Municipais,2.6696192233284568e-08
2015,Pesquisa e desenvolvimento de serviços públicos gerais,Coluna de Consolidação,-1.3670756112099032e-08
2015,Pesquisa e desenvolvimento de serviços públicos gerais,Governo Geral,2.2288384332474185e-05
2016,Pesquisa e desenvolvimento de serviços públicos gerais,Governo Central,5.322281458584805e-06
2016,Pesquisa e desenvolvimento de serviços públicos gerais,Governos Estaduais,1.371827274482448e-06
2016,Pesquisa e desenvolvimento de serviços públicos gerais,Governos Municipais,2.058705140847735e-08
2016,Pesquisa e desenvolvimento de serviços públicos gerais,Coluna de Consolidação,-5.838715164318537e-08
2016,Pesquisa e desenvolvimento de serviços públicos gerais,Governo Geral,6.6563086328325445e-06
2017,Pesquisa e desenvolvimento de serviços públicos gerais,Governo Central,5.389746959672174e-06
2017,Pesquisa e desenvolvimento de serviços públicos gerais,Governos Estaduais,6.662900356961758e-07
2017,Pesquisa e desenvolvimento de serviços públicos gerais,Governos Municipais,1.2807447748949684e-08
2017,Pesquisa e desenvolvimento de serviços públicos gerais,Coluna de Consolidação,-5.5002223024682666e-08
2017,Pesquisa e desenvolvimento de serviços públicos gerais,Governo Geral,6.013842220092616e-06
2018,Pesquisa e desenvolvimento de serviços públicos gerais,Governo Central,4.614383603406106e-06
2018,Pesquisa e desenvolvimento de serviços públicos gerais,Governos Estaduais,7.273047657311529e-07
2018,Pesquisa e desenvolvimento de serviços públicos gerais,Governos Municipais,2.098780552452799e-08
2018,Pesquisa e desenvolvimento de serviços públicos gerais,Coluna de Consolidação,-3.596608096265983e-08
2018,Pesquisa e desenvolvimento de serviços públicos gerais,Governo Geral,5.326710093699127e-06
2019,Pesquisa e desenvolvimento de serviços públicos gerais,Governo Central,3.4962605955862537e-06
2019,Pesquisa e desenvolvimento de serviços públicos gerais,Governos Estaduais,7.261233857509515e-07
2019,Pesquisa e desenvolvimento de serviços públicos gerais,Governos Municipais,1.3992606628524136e-08
2019,Pesquisa e desenvolvimento de serviços públicos gerais,Coluna de Consolidação,-2.147131118683036e-08
2019,Pesquisa e desenvolvimento de serviços públicos gerais,Governo Geral,4.214905276778899e-06
2020,Pesquisa e desenvolvimento de serviços públicos gerais,Governo Central,2.8809716264346526e-06
2020,Pesquisa e desenvolvimento de serviços públicos gerais,Governos Estaduais,1.968035139748867e-06
2020,Pesquisa e desenvolvimento de serviços públicos gerais,Governos Municipais,1.823371842074993e-08
2020,Pesquisa e desenvolvimento de serviços públicos gerais,Coluna de Consolidação,-1.3981870769473206e-08
2020,Pesquisa e desenvolvimento de serviços públicos gerais,Governo Geral,4.853258613834796e-06
2021,Pesquisa e desenvolvimento de serviços públicos gerais,Governo Central,2.525446368712183e-06
2021,Pesquisa e desenvolvimento de serviços públicos gerais,Governos Estaduais,8.49260821100914e-06
2021,Pesquisa e desenvolvimento de serviços públicos gerais,Governos Municipais,1.6969576164409763e-08
2021,Pesquisa e desenvolvimento de serviços públicos gerais,Coluna de Consolidação,0.0
2021,Pesquisa e desenvolvimento de serviços públicos gerais,Governo Geral,1.1035024155885732e-05
2022,Pesquisa e desenvolvimento de serviços públicos gerais,Governo Central,2.327297150512845e-06
2022,Pesquisa e desenvolvimento de serviços públicos gerais,Governos Estaduais,1.0471539437794817e-06
2022,Pesquisa e desenvolvimento de serviços públicos gerais,Governos Municipais,4.468636723537164e-08
2022,Pesquisa e desenvolvimento de serviços públicos gerais,Coluna de Consolidação,0.0
2022,Pesquisa e desenvolvimento de serviços públicos gerais,Governo Geral,3.4191374615276984e-06
2023,Pesquisa e desenvolvimento de serviços públicos gerais,Governo Central,2.8717347199181026e-06
2023,Pesquisa e desenvolvimento de serviços públicos gerais,Governos Estaduais,1.1399377629659564e-06
2023,Pesquisa e desenvolvimento de serviços públicos gerais,Governos Municipais,5.684982894779328e-08
2023,Pesquisa e desenvolvimento de serviços públicos gerais,Coluna de Consolidação,-1.6587386283648539e-09
2023,Pesquisa e desenvolvimento de serviços públicos gerais,Governo Geral,4.066863573203488e-06
2024,Pesquisa e desenvolvimento de serviços públicos gerais,Governo Central,3.0941293824530167e-06
2024,Pesquisa e desenvolvimento de serviços públicos gerais,Governos Estaduais,1.6481020001656311e-06
2024,Pesquisa e desenvolvimento de serviços públicos gerais,Governos Municipais,6.70495675772604e-08
2024,Pesquisa e desenvolvimento de serviços públicos gerais,Coluna de Consolidação,-4.231585672130955e-11
2024,Pesquisa e desenvolvimento de serviços públicos gerais,Governo Geral,4.809238634339187e-06
2010,Serviços públicos gerais não especificados,Governo Central,0.0011697552538030578
2010,Serviços públicos gerais não especificados,Governos Estaduais,0.0
2010,Serviços públicos gerais não especificados,Governos Municipais,7.842456442605526e-05
2010,Serviços públicos gerais não especificados,Coluna de Consolidação,-4.1847687902643866e-05
2010,Serviços públicos gerais não especificados,Governo Geral,0.001206332130326469
2011,Serviços públicos gerais não especificados,Governo Central,0.0009466223044214243
2011,Serviços públicos gerais não especificados,Governos Estaduais,0.0
2011,Serviços públicos gerais não especificados,Governos Municipais,4.3544176745888455e-05
2011,Serviços públicos gerais não especificados,Coluna de Consolidação,-2.2637631451245513e-05
2011,Serviços públicos gerais não especificados,Governo Geral,0.0009675288497160673
2012,Serviços públicos gerais não especificados,Governo Central,0.0010038928530994144
2012,Serviços públicos gerais não especificados,Governos Estaduais,0.0
2012,Serviços públicos gerais não especificados,Governos Municipais,7.173647969884699e-05
2012,Serviços públicos gerais não especificados,Coluna de Consolidação,-1.929945196104973e-05
2012,Serviços públicos gerais não especificados,Governo Geral,0.0010563298808372117
2013,Serviços públicos gerais não especificados,Governo Central,0.0008259187697954406
2013,Serviços públicos gerais não especificados,Governos Estaduais,0.0
2013,Serviços públicos gerais não especificados,Governos Municipais,9.574666224733293e-05
2013,Serviços públicos gerais não especificados,Coluna de Consolidação,-3.883034997191588e-05
2013,Serviços públicos gerais não especificados,Governo Geral,0.0008828350820708576
2014,Serviços públicos gerais não especificados,Governo Central,0.0009170163679000538
2014,Serviços públicos gerais não especificados,Governos Estaduais,0.0
2014,Serviços públicos gerais não especificados,Governos Municipais,9.17256929907046e-05
2014,Serviços públicos gerais não especificados,Coluna de Consolidação,-3.3102218213963964e-05
2014,Serviços públicos gerais não especificados,Governo Geral,0.0009756398426767945
2015,Serviços públicos gerais não especificados,Governo Central,0.0009319161523481513
2015,Serviços públicos gerais não especificados,Governos Estaduais,0.0
2015,Serviços públicos gerais não especificados,Governos Municipais,0.0001100131564847013
2015,Serviços públicos gerais não especificados,Coluna de Consolidação,-4.388017845573868e-05
2015,Serviços públicos gerais não especificados,Governo Geral,0.0009980491303771138
2016,Serviços públicos gerais não especificados,Governo Central,0.00107687045597521
2016,Serviços públicos gerais não especificados,Governos Estaduais,1.1849074251129e-12
2016,Serviços públicos gerais não especificados,Governos Municipais,0.00012010753465602263
2016,Serviços públicos gerais não especificados,Coluna de Consolidação,-5.093049105491797e-05
2016,Serviços públicos gerais não especificados,Governo Geral,0.0011460475007612223
2017,Serviços públicos gerais não especificados,Governo Central,0.0009498436381979549
2017,Serviços públicos gerais não especificados,Governos Estaduais,8.1985557193906e-12
2017,Serviços públicos gerais não especificados,Governos Municipais,0.00010409213045982886
2017,Serviços públicos gerais não especificados,Coluna de Consolidação,-4.270160695870675e-05
2017,Serviços públicos gerais não especificados,Governo Geral,0.0010112341698976326
2018,Serviços públicos gerais não especificados,Governo Central,0.001289985551041527
2018,Serviços públicos gerais não especificados,Governos Estaduais,7.346774492822859e-12
2018,Serviços públicos gerais não especificados,Governos Municipais,9.89982303185748e-05
2018,Serviços públicos gerais não especificados,Coluna de Consolidação,-3.135462911152902e-05
2018,Serviços públicos gerais não especificados,Governo Geral,0.0013576291595953473
2019,Serviços públicos gerais não especificados,Governo Central,0.0009622208696984889
2019,Serviços públicos gerais não especificados,Governos Estaduais,8.30109453345829e-12
2019,Serviços públicos gerais não especificados,Governos Municipais,0.00012789529771962802
2019,Serviços públicos gerais não especificados,Coluna de Consolidação,-2.813848274667335e-05
2019,Serviços públicos gerais não especificados,Governo Geral,0.001061977692972538
2020,Serviços públicos gerais não especificados,Governo Central,0.0012532790603312276
2020,Serviços públicos gerais não especificados,Governos Estaduais,0.0
2020,Serviços públicos gerais não especificados,Governos Municipais,0.0001441616924729692
2020,Serviços públicos gerais não especificados,Coluna de Consolidação,-3.520344306534927e-05
2020,Serviços públicos gerais não especificados,Governo Geral,0.0013622373097388475
2021,Serviços públicos gerais não especificados,Governo Central,0.0008058408509510389
2021,Serviços públicos gerais não especificados,Governos Estaduais,0.0
2021,Serviços públicos gerais não especificados,Governos Municipais,0.00013632821643004276
2021,Serviços públicos gerais não especificados,Coluna de Consolidação,-2.9903020609426957e-05
2021,Serviços públicos gerais não especificados,Governo Geral,0.0009122660467716547
2022,Serviços públicos gerais não especificados,Governo Central,0.0014399371050965444
2022,Serviços públicos gerais não especificados,Governos Estaduais,0.0
2022,Serviços públicos gerais não especificados,Governos Municipais,0.00014534102713875736
2022,Serviços públicos gerais não especificados,Coluna de Consolidação,-2.492346688145375e-05
2022,Serviços públicos gerais não especificados,Governo Geral,0.0015603546653538479
2023,Serviços públicos gerais não especificados,Governo Central,0.0008438110329823644
2023,Serviços públicos gerais não especificados,Governos Estaduais,0.0
2023,Serviços públicos gerais não especificados,Governos Municipais,0.00014863204546392177
2023,Serviços públicos gerais não especificados,Coluna de Consolidação,-2.644746160779966e-05
2023,Serviços públicos gerais não especificados,Governo Geral,0.0009659956168384865
2024,Serviços públicos gerais não especificados,Governo Central,0.0013117210147304248
2024,Serviços públicos gerais não especificados,Governos Estaduais,0.0
2024,Serviços públicos gerais não especificados,Governos Municipais,0.00015850456408860684
2024,Serviços públicos gerais não especificados,Coluna de Consolidação,-2.8168909188139088e-05
2024,Serviços públicos gerais não especificados,Governo Geral,0.0014420566696308923
2010,Transações da dívida pública9/,Governo Central,0.07046271564372403
2010,Transações da dívida pública9/,Governos Estaduais,0.015801268256210844
2010,Transações da dívida pública9/,Governos Municipais,0.0028263975725548174
2010,Transações da dívida pública9/,Coluna de Consolidação,-0.01826398220661098
2010,Transações da dívida pública9/,Governo Geral,0.07082639926587872
2011,Transações da dívida pública9/,Governo Central,0.07591507219985073
2011,Transações da dívida pública9/,Governos Estaduais,0.011106000313144418
2011,Transações da dívida pública9/,Governos Municipais,0.0021189389353346907
2011,Transações da dívida pública9/,Coluna de Consolidação,-0.012683658665306257
2011,Transações da dívida pública9/,Governo Geral,0.07645635278302358
2012,Transações da dívida pública9/,Governo Central,0.06886585291694144
2012,Transações da dívida pública9/,Governos Estaduais,0.011837109187531164
2012,Transações da dívida pública9/,Governos Municipais,0.0022451086043148764
2012,Transações da dívida pública9/,Coluna de Consolidação,-0.013503010787762776
2012,Transações da dívida pública9/,Governo Geral,0.0694450599210247
2013,Transações da dívida pública9/,Governo Central,0.06869500872172629
2013,Transações da dívida pública9/,Governos Estaduais,0.010149071805634369
2013,Transações da dívida pública9/,Governos Municipais,0.002024907595134419
2013,Transações da dívida pública9/,Coluna de Consolidação,-0.01125622550450447
2013,Transações da dívida pública9/,Governo Geral,0.06961276261799061
2014,Transações da dívida pública9/,Governo Central,0.07374212976084933
2014,Transações da dívida pública9/,Governos Estaduais,0.009171774349542134
2014,Transações da dívida pública9/,Governos Municipais,0.0018628699623143249
2014,Transações da dívida pública9/,Coluna de Consolidação,-0.009639923495726264
2014,Transações da dívida pública9/,Governo Geral,0.07513685057697952
2015,Transações da dívida pública9/,Governo Central,0.1168265186390422
2015,Transações da dívida pública9/,Governos Estaduais,0.01494916964541236
2015,Transações da dívida pública9/,Governos Municipais,0.0028520755243864105
2015,Transações da dívida pública9/,Coluna de Consolidação,-0.015384548655086698
2015,Transações da dívida pública9/,Governo Geral,0.11924321515375426
2016,Transações da dívida pública9/,Governo Central,0.09681311993942975
2016,Transações da dívida pública9/,Governos Estaduais,0.01281521095038737
2016,Transações da dívida pública9/,Governos Municipais,0.0015059967647183558
2016,Transações da dívida pública9/,Coluna de Consolidação,-0.011604393622349147
2016,Transações da dívida pública9/,Governo Geral,0.09952993403218632
2017,Transações da dívida pública9/,Governo Central,0.08759036582537359
2017,Transações da dívida pública9/,Governos Estaduais,0.008247408554345347
2017,Transações da dívida pública9/,Governos Municipais,0.0007857592855158474
2017,Transações da dívida pública9/,Coluna de Consolidação,-0.006670015809263787
2017,Transações da dívida pública9/,Governo Geral,0.089953517855971
2018,Transações da dívida pública9/,Governo Central,0.08610751426781686
2018,Transações da dívida pública9/,Governos Estaduais,0.008671827586974637
2018,Transações da dívida pública9/,Governos Municipais,0.0007640802684218751
2018,Transações da dívida pública9/,Coluna de Consolidação,-0.007254167233858363
2018,Transações da dívida pública9/,Governo Geral,0.08828925488935502
2019,Transações da dívida pública9/,Governo Central,0.07004142203221553
2019,Transações da dívida pública9/,Governos Estaduais,0.006645912036688247
2019,Transações da dívida pública9/,Governos Municipais,0.0006575683095444652
2019,Transações da dívida pública9/,Coluna de Consolidação,-0.005325725241589498
2019,Transações da dívida pública9/,Governo Geral,0.07201917713685874
2020,Transações da dívida pública9/,Governo Central,0.05658982490231935
2020,Transações da dívida pública9/,Governos Estaduais,0.00477618846892404
2020,Transações da dívida pública9/,Governos Municipais,0.0006578769940609477
2020,Transações da dívida pública9/,Coluna de Consolidação,-0.004100998970598677
2020,Transações da dívida pública9/,Governo Geral,0.057922891394705654
2021,Transações da dívida pública9/,Governo Central,0.066778575196988
2021,Transações da dívida pública9/,Governos Estaduais,0.0041025714313043665
2021,Transações da dívida pública9/,Governos Municipais,0.0006022336191485624
2021,Transações da dívida pública9/,Coluna de Consolidação,-0.003333327391768376
2021,Transações da dívida pública9/,Governo Geral,0.06815005285567254
2022,Transações da dívida pública9/,Governo Central,0.07783816358595964
2022,Transações da dívida pública9/,Governos Estaduais,0.009364461417450766
2022,Transações da dívida pública9/,Governos Municipais,0.0008909122267199023
2022,Transações da dívida pública9/,Coluna de Consolidação,-0.007667010796987534
2022,Transações da dívida pública9/,Governo Geral,0.08042652643314278
2023,Transações da dívida pública9/,Governo Central,0.07829086387410751
2023,Transações da dívida pública9/,Governos Estaduais,0.010612632966297386
2023,Transações da dívida pública9/,Governos Municipais,0.0008137307673521433
2023,Transações da dívida pública9/,Coluna de Consolidação,-0.008355800967762117
2023,Transações da dívida pública9/,Governo Geral,0.08136142663999492
2024,Transações da dívida pública9/,Governo Central,0.07983862440597213
2024,Transações da dívida pública9/,Governos Estaduais,0.008729197302260898
2024,Transações da dívida pública9/,Governos Municipais,0.0008862970770965171
2024,Transações da dívida pública9/,Coluna de Consolidação,-0.00669418479146425
2024,Transações da dívida pública9/,Governo Geral,0.0827599339938653
2010,Transferências de caráter geral entre diferentes níveis de governo,Governo Central,0.03287619473710799
2010,Transferências de caráter geral entre diferentes níveis de governo,Governos Estaduais,0.019821159521367055
2010,Transferências de caráter geral entre diferentes níveis de governo,Governos Municipais,0.0
2010,Transferências de caráter geral entre diferentes níveis de governo,Coluna de Consolidação,-0.05269735425847505
2010,Transferências de caráter geral entre diferentes níveis de governo,Governo Geral,0.0
2011,Transferências de caráter geral entre diferentes níveis de governo,Governo Central,0.03476766044999963
2011,Transferências de caráter geral entre diferentes níveis de governo,Governos Estaduais,0.01966430463802768
2011,Transferências de caráter geral entre diferentes níveis de governo,Governos Municipais,0.0
2011,Transferências de caráter geral entre diferentes níveis de governo,Coluna de Consolidação,-0.054431965088027306
2011,Transferências de caráter geral entre diferentes níveis de governo,Governo Geral,0.0
2012,Transferências de caráter geral entre diferentes níveis de governo,Governo Central,0.034172789370029016
2012,Transferências de caráter geral entre diferentes níveis de governo,Governos Estaduais,0.019591274444662698
2012,Transferências de caráter geral entre diferentes níveis de governo,Governos Municipais,8.64720665034507e-08
2012,Transferências de caráter geral entre diferentes níveis de governo,Coluna de Consolidação,-0.05376415028675822
2012,Transferências de caráter geral entre diferentes níveis de governo,Governo Geral,0.0
2013,Transferências de caráter geral entre diferentes níveis de governo,Governo Central,0.033280148167115955
2013,Transferências de caráter geral entre diferentes níveis de governo,Governos Estaduais,0.01941804113808172
2013,Transferências de caráter geral entre diferentes níveis de governo,Governos Municipais,0.0
2013,Transferências de caráter geral entre diferentes níveis de governo,Coluna de Consolidação,-0.052698189305197665
2013,Transferências de caráter geral entre diferentes níveis de governo,Governo Geral,0.0
2014,Transferências de caráter geral entre diferentes níveis de governo,Governo Central,0.03414213112363129
2014,Transferências de caráter geral entre diferentes níveis de governo,Governos Estaduais,0.019235197719356
2014,Transferências de caráter geral entre diferentes níveis de governo,Governos Municipais,8.36489194120969e-08
2014,Transferências de caráter geral entre diferentes níveis de governo,Coluna de Consolidação,-0.05337741249190671
2014,Transferências de caráter geral entre diferentes níveis de governo,Governo Geral,0.0
2015,Transferências de caráter geral entre diferentes níveis de governo,Governo Central,0.03377289675486638
2015,Transferências de caráter geral entre diferentes níveis de governo,Governos Estaduais,0.01921701138383529
2015,Transferências de caráter geral entre diferentes níveis de governo,Governos Municipais,1.7873314768916692e-08
2015,Transferências de caráter geral entre diferentes níveis de governo,Coluna de Consolidação,-0.052989926012016436
2015,Transferências de caráter geral entre diferentes níveis de governo,Governo Geral,0.0
2016,Transferências de caráter geral entre diferentes níveis de governo,Governo Central,0.036068351172064424
2016,Transferências de caráter geral entre diferentes níveis de governo,Governos Estaduais,0.018558975606872943
2016,Transferências de caráter geral entre diferentes níveis de governo,Governos Municipais,0.0
2016,Transferências de caráter geral entre diferentes níveis de governo,Coluna de Consolidação,-0.05462732677893737
2016,Transferências de caráter geral entre diferentes níveis de governo,Governo Geral,0.0
2017,Transferências de caráter geral entre diferentes níveis de governo,Governo Central,0.035017501421817046
2017,Transferências de caráter geral entre diferentes níveis de governo,Governos Estaduais,0.01857926907269631
2017,Transferências de caráter geral entre diferentes níveis de governo,Governos Municipais,9.898800466564394e-09
2017,Transferências de caráter geral entre diferentes níveis de governo,Coluna de Consolidação,-0.053596780393313816
2017,Transferências de caráter geral entre diferentes níveis de governo,Governo Geral,0.0
2018,Transferências de caráter geral entre diferentes níveis de governo,Governo Central,0.03725967120953071
2018,Transferências de caráter geral entre diferentes níveis de governo,Governos Estaduais,0.018641974121182944
2018,Transferências de caráter geral entre diferentes níveis de governo,Governos Municipais,1.0789401464594693e-08
2018,Transferências de caráter geral entre diferentes níveis de governo,Coluna de Consolidação,-0.05590165612011513
2018,Transferências de caráter geral entre diferentes níveis de governo,Governo Geral,0.0
2019,Transferências de caráter geral entre diferentes níveis de governo,Governo Central,0.03911047263496026
2019,Transferências de caráter geral entre diferentes níveis de governo,Governos Estaduais,0.019031579870805844
2019,Transferências de caráter geral entre diferentes níveis de governo,Governos Municipais,6.788559346354121e-07
2019,Transferências de caráter geral entre diferentes níveis de governo,Coluna de Consolidação,-0.05814273136170073
2019,Transferências de caráter geral entre diferentes níveis de governo,Governo Geral,0.0
2020,Transferências de caráter geral entre diferentes níveis de governo,Governo Central,0.046447594619914906
2020,Transferências de caráter geral entre diferentes níveis de governo,Governos Estaduais,0.018415202791474836
2020,Transferências de caráter geral entre diferentes níveis de governo,Governos Municipais,1.098000516378752e-06
2020,Transferências de caráter geral entre diferentes níveis de governo,Coluna de Consolidação,-0.06486389541190611
2020,Transferências de caráter geral entre diferentes níveis de governo,Governo Geral,0.0
2021,Transferências de caráter geral entre diferentes níveis de governo,Governo Central,0.040192720240806126
2021,Transferências de caráter geral entre diferentes níveis de governo,Governos Estaduais,0.020427793257203106
2021,Transferências de caráter geral entre diferentes níveis de governo,Governos Municipais,9.415548704328953e-07
2021,Transferências de caráter geral entre diferentes níveis de governo,Coluna de Consolidação,-0.06062145505287966
2021,Transferências de caráter geral entre diferentes níveis de governo,Governo Geral,0.0
2022,Transferências de caráter geral entre diferentes níveis de governo,Governo Central,0.04918829490015651
2022,Transferências de caráter geral entre diferentes níveis de governo,Governos Estaduais,0.019166518759162726
2022,Transferências de caráter geral entre diferentes níveis de governo,Governos Municipais,1.147452994225106e-06
2022,Transferências de caráter geral entre diferentes níveis de governo,Coluna de Consolidação,-0.06835596111231347
2022,Transferências de caráter geral entre diferentes níveis de governo,Governo Geral,0.0
2023,Transferências de caráter geral entre diferentes níveis de governo,Governo Central,0.044363496863312105
2023,Transferências de caráter geral entre diferentes níveis de governo,Governos Estaduais,0.01797079683437623
2023,Transferências de caráter geral entre diferentes níveis de governo,Governos Municipais,8.261118142931682e-07
2023,Transferências de caráter geral entre diferentes níveis de governo,Coluna de Consolidação,-0.062335119809502626
2023,Transferências de caráter geral entre diferentes níveis de governo,Governo Geral,0.0
2024,Transferências de caráter geral entre diferentes níveis de governo,Governo Central,0.04667433121029423
2024,Transferências de caráter geral entre diferentes níveis de governo,Governos Estaduais,0.016762414079469014
2024,Transferências de caráter geral entre diferentes níveis de governo,Governos Municipais,1.6070904196986833e-06
2024,Transferências de caráter geral entre diferentes níveis de governo,Coluna de Consolidação,-0.06343835238018294
2024,Transferências de caráter geral entre diferentes níveis de governo,Governo Geral,0.0
2010,Defesa,Governo Central,0.0075091350335056255
2010,Defesa,Governos Estaduais,0.00032156906169344767
2010,Defesa,Governos Municipais,0.00018629981323961767
2010,Defesa,Coluna de Consolidação,-0.0005266311341411673
2010,Defesa,Governo Geral,0.007490372774297523
2011,Defesa,Governo Central,0.006470556630214651
2011,Defesa,Governos Estaduais,0.0002443404977230274
2011,Defesa,Governos Municipais,0.00021067653831703345
2011,Defesa,Coluna de Consolidação,-0.00019250443866759275
2011,Defesa,Governo Geral,0.006733069227587118
2012,Defesa,Governo Central,0.006563990254089117
2012,Defesa,Governos Estaduais,0.00026548630238798574
2012,Defesa,Governos Municipais,0.00019616988049270495
2012,Defesa,Coluna de Consolidação,-0.0001806938133057988
2012,Defesa,Governo Geral,0.00684495262366401
2013,Defesa,Governo Central,0.006991775378905222
2013,Defesa,Governos Estaduais,0.0002769213109185079
2013,Defesa,Governos Municipais,0.00017876020598922815
2013,Defesa,Coluna de Consolidação,-0.0003103197555391318
2013,Defesa,Governo Geral,0.007137137140273826
2014,Defesa,Governo Central,0.006730318600478575
2014,Defesa,Governos Estaduais,0.00032173920574096444
2014,Defesa,Governos Municipais,0.00015429906246685644
2014,Defesa,Coluna de Consolidação,-0.00010613813008294179
2014,Defesa,Governo Geral,0.0071002187386034555
2015,Defesa,Governo Central,0.006295071935583882
2015,Defesa,Governos Estaduais,0.0002704426490968199
2015,Defesa,Governos Municipais,0.0001389874002501488
2015,Defesa,Coluna de Consolidação,-8.111736182956624e-05
2015,Defesa,Governo Geral,0.0066233846231012845
2016,Defesa,Governo Central,0.006215841660944472
2016,Defesa,Governos Estaduais,0.00021291470895248765
2016,Defesa,Governos Municipais,0.00014096554890849153
2016,Defesa,Coluna de Consolidação,-7.44932705660569e-05
2016,Defesa,Governo Geral,0.006495228648239394
2017,Defesa,Governo Central,0.006442111218329138
2017,Defesa,Governos Estaduais,0.0002175003414161233
2017,Defesa,Governos Municipais,0.00012814898119476085
2017,Defesa,Coluna de Consolidação,-7.419379019659026e-05
2017,Defesa,Governo Geral,0.0067135667507434325
2018,Defesa,Governo Central,0.006421336208686139
2018,Defesa,Governos Estaduais,0.0002173384948925348
2018,Defesa,Governos Municipais,0.00011619004507537592
2018,Defesa,Coluna de Consolidação,-7.941504859650171e-05
2018,Defesa,Governo Geral,0.0066754497000575475
2019,Defesa,Governo Central,0.006191891635217911
2019,Defesa,Governos Estaduais,0.00019740400698812363
2019,Defesa,Governos Municipais,0.00014409883887597062
2019,Defesa,Coluna de Consolidação,-5.4237375990023285e-05
2019,Defesa,Governo Geral,0.006479157105091982
2020,Defesa,Governo Central,0.006527614561851787
2020,Defesa,Governos Estaduais,0.00015143045291105244
2020,Defesa,Governos Municipais,0.00015213228155529769
2020,Defesa,Coluna de Consolidação,-8.312099625925253e-05
2020,Defesa,Governo Geral,0.006748056300058884
2021,Defesa,Governo Central,0.0054678508386236165
2021,Defesa,Governos Estaduais,0.00016970906312405406
2021,Defesa,Governos Municipais,0.00013520093437338935
2021,Defesa,Coluna de Consolidação,-4.826423608247525e-05
2021,Defesa,Governo Geral,0.005724496600038584
2022,Defesa,Governo Central,0.00511760067781449
2022,Defesa,Governos Estaduais,0.0002385280557650338
2022,Defesa,Governos Municipais,0.00015303046922667224
2022,Defesa,Coluna de Consolidação,-7.142475567931936e-05
2022,Defesa,Governo Geral,0.005437734447126878
2023,Defesa,Governo Central,0.004781532912997866
2023,Defesa,Governos Estaduais,0.0002248918157419195
2023,Defesa,Governos Municipais,0.00018435502275607315
2023,Defesa,Coluna de Consolidação,-9.257113764455387e-05
2023,Defesa,Governo Geral,0.005098208613851305
2024,Defesa,Governo Central,0.004754929554145912
2024,Defesa,Governos Estaduais,0.00031174118668698616
2024,Defesa,Governos Municipais,0.00024061933822608898
2024,Defesa,Coluna de Consolidação,-0.0002499607028788344
2024,Defesa,Governo Geral,0.005057329376180153
2010,Defesa militar,Governo Central,0.006516575990642512
2010,Defesa militar,Governos Estaduais,0.0
2010,Defesa militar,Governos Municipais,4.283371967987804e-06
2010,Defesa militar,Coluna de Consolidação,-9.073879800589281e-07
2010,Defesa militar,Governo Geral,0.006519951974630441
2011,Defesa militar,Governo Central,0.0059054671594796024
2011,Defesa militar,Governos Estaduais,0.0
2011,Defesa militar,Governos Municipais,5.669661989560678e-06
2011,Defesa militar,Coluna de Consolidação,0.0
2011,Defesa militar,Governo Geral,0.0059111368214691635
2012,Defesa militar,Governo Central,0.00591539607003966
2012,Defesa militar,Governos Estaduais,0.0
2012,Defesa militar,Governos Municipais,4.204278927211976e-06
2012,Defesa militar,Coluna de Consolidação,0.0
2012,Defesa militar,Governo Geral,0.005919600348966872
2013,Defesa militar,Governo Central,0.006013576809035403
2013,Defesa militar,Governos Estaduais,0.0
2013,Defesa militar,Governos Municipais,2.887755325944873e-06
2013,Defesa militar,Coluna de Consolidação,0.0
2013,Defesa militar,Governo Geral,0.0060164645643613485
2014,Defesa militar,Governo Central,0.0060180089273114456
2014,Defesa militar,Governos Estaduais,0.0
2014,Defesa militar,Governos Municipais,3.262607044197526e-06
2014,Defesa militar,Coluna de Consolidação,-3.2126438614931606e-07
2014,Defesa militar,Governo Geral,0.006020950269969494
2015,Defesa militar,Governo Central,0.005824718099449696
2015,Defesa militar,Governos Estaduais,0.0
2015,Defesa militar,Governos Municipais,3.5499057911606928e-06
2015,Defesa militar,Coluna de Consolidação,-4.0136229970927497e-07
2015,Defesa militar,Governo Geral,0.0058278666429411475
2016,Defesa militar,Governo Central,0.005762970840303168
2016,Defesa militar,Governos Estaduais,0.0
2016,Defesa militar,Governos Municipais,3.0575298158487116e-06
2016,Defesa militar,Coluna de Consolidação,-5.099287473446981e-07
2016,Defesa militar,Governo Geral,0.005765518441371672
2017,Defesa militar,Governo Central,0.005993783010888675
2017,Defesa militar,Governos Estaduais,0.0
2017,Defesa militar,Governos Municipais,2.886560089562103e-06
2017,Defesa militar,Coluna de Consolidação,-4.320125368384254e-07
2017,Defesa militar,Governo Geral,0.0059962375584414
2018,Defesa militar,Governo Central,0.0060366045897653495
2018,Defesa militar,Governos Estaduais,0.0
2018,Defesa militar,Governos Municipais,4.018826118392812e-06
2018,Defesa militar,Coluna de Consolidação,-2.8538362454180144e-07
2018,Defesa militar,Governo Geral,0.006040338032259201
2019,Defesa militar,Governo Central,0.0058457480559303944
2019,Defesa militar,Governos Estaduais,0.0
2019,Defesa militar,Governos Municipais,2.8203975735009875e-06
2019,Defesa militar,Coluna de Consolidação,-1.872332782253803e-07
2019,Defesa militar,Governo Geral,0.00584838122022567
2020,Defesa militar,Governo Central,0.00620769781099268
2020,Defesa militar,Governos Estaduais,0.0
2020,Defesa militar,Governos Municipais,2.7106730469286535e-06
2020,Defesa militar,Coluna de Consolidação,-2.0294100609107268e-07
2020,Defesa militar,Governo Geral,0.006210205543033518
2021,Defesa militar,Governo Central,0.005237403580799047
2021,Defesa militar,Governos Estaduais,0.0
2021,Defesa militar,Governos Municipais,2.5570472496484245e-06
2021,Defesa militar,Coluna de Consolidação,-8.406868049648492e-07
2021,Defesa militar,Governo Geral,0.00523911994124373
2022,Defesa militar,Governo Central,0.004873855897344354
2022,Defesa militar,Governos Estaduais,0.0
2022,Defesa militar,Governos Municipais,2.864162317289727e-06
2022,Defesa militar,Coluna de Consolidação,-1.5828797703785294e-07
2022,Defesa militar,Governo Geral,0.004876561771684607
2023,Defesa militar,Governo Central,0.004538823827445315
2023,Defesa militar,Governos Estaduais,0.0
2023,Defesa militar,Governos Municipais,3.694123230325543e-06
2023,Defesa militar,Coluna de Consolidação,-3.1751908190550215e-07
2023,Defesa militar,Governo Geral,0.004542200431593735
2024,Defesa militar,Governo Central,0.0043820798876921885
2024,Defesa militar,Governos Estaduais,0.0
2024,Defesa militar,Governos Municipais,3.2409817716675437e-06
2024,Defesa militar,Coluna de Consolidação,-1.9950577236347394e-07
2024,Defesa militar,Governo Geral,0.0043851213636914915
2010,Defesa civil,Governo Central,0.0006316276478716363
2010,Defesa civil,Governos Estaduais,0.00032156906169344767
2010,Defesa civil,Governos Municipais,0.00018201644127162987
2010,Defesa civil,Coluna de Consolidação,-0.0005252090578576102
2010,Defesa civil,Governo Geral,0.0006100040929791037
2011,Defesa civil,Governo Central,0.00027252118731542507
2011,Defesa civil,Governos Estaduais,0.0002443404977230274
2011,Defesa civil,Governos Municipais,0.00020500687632747275
2011,Defesa civil,Coluna de Consolidação,-0.00019250443866759275
2011,Defesa civil,Governo Geral,0.0005293641226983326
2012,Defesa civil,Governo Central,0.00039603814325257243
2012,Defesa civil,Governos Estaduais,0.00026548630238798574
2012,Defesa civil,Governos Municipais,0.000191965601565493
2012,Defesa civil,Coluna de Consolidação,-0.00017863807617855853
2012,Defesa civil,Governo Geral,0.0006748519710274925
2013,Defesa civil,Governo Central,0.0007762122215159151
2013,Defesa civil,Governos Estaduais,0.0002769213109185079
2013,Defesa civil,Governos Municipais,0.00017587245066328326
2013,Defesa civil,Coluna de Consolidação,-0.0003103197555391318
2013,Defesa civil,Governo Geral,0.0009186862275585744
2014,Defesa civil,Governo Central,0.0004962380179075233
2014,Defesa civil,Governos Estaduais,0.00032173920574096444
2014,Defesa civil,Governos Municipais,0.00015103645542265893
2014,Defesa civil,Coluna de Consolidação,-0.00010581686569679248
2014,Defesa civil,Governo Geral,0.0008631968133743542
2015,Defesa civil,Governo Central,0.00024213539159300882
2015,Defesa civil,Governos Estaduais,0.0002704426490968199
2015,Defesa civil,Governos Municipais,0.00013543749445898813
2015,Defesa civil,Coluna de Consolidação,-8.071599952985697e-05
2015,Defesa civil,Governo Geral,0.0005672995356189598
2016,Defesa civil,Governo Central,0.0002578755963098458
2016,Defesa civil,Governos Estaduais,0.00021291470895248765
2016,Defesa civil,Governos Municipais,0.0001379080190926428
2016,Defesa civil,Coluna de Consolidação,-7.39833418187122e-05
2016,Defesa civil,Governo Geral,0.0005347149825362641
2017,Defesa civil,Governo Central,0.00023858640202992828
2017,Defesa civil,Governos Estaduais,0.0002175003414161233
2017,Defesa civil,Governos Municipais,0.00012526242110519876
2017,Defesa civil,Coluna de Consolidação,-7.376177765975183e-05
2017,Defesa civil,Governo Geral,0.0005075873868914985
2018,Defesa civil,Governo Central,0.00019199408674675062
2018,Defesa civil,Governos Estaduais,0.0002173384948925348
2018,Defesa civil,Governos Municipais,0.00011217121895698311
2018,Defesa civil,Coluna de Consolidação,-7.912966497195991e-05
2018,Defesa civil,Governo Geral,0.0004423741356243086
2019,Defesa civil,Governo Central,0.0001374905544952673
2019,Defesa civil,Governos Estaduais,0.00019740400698812363
2019,Defesa civil,Governos Municipais,0.0001412784413024696
2019,Defesa civil,Coluna de Consolidação,-5.4050142711797904e-05
2019,Defesa civil,Governo Geral,0.0004221228600740626
2020,Defesa civil,Governo Central,0.00015488357484513498
2020,Defesa civil,Governos Estaduais,0.00015143045291105244
2020,Defesa civil,Governos Municipais,0.00014942160850836902
2020,Defesa civil,Coluna de Consolidação,-8.291805525316147e-05
2020,Defesa civil,Governo Geral,0.00037281758101139503
2021,Defesa civil,Governo Central,0.00010096364878430028
2021,Defesa civil,Governos Estaduais,0.00016970906312405406
2021,Defesa civil,Governos Municipais,0.00013264388712374092
2021,Defesa civil,Coluna de Consolidação,-4.74235492775104e-05
2021,Defesa civil,Governo Geral,0.0003558930497545849
2022,Defesa civil,Governo Central,0.0001154178969717046
2022,Defesa civil,Governos Estaduais,0.0002385280557650338
2022,Defesa civil,Governos Municipais,0.00015016630690938254
2022,Defesa civil,Coluna de Consolidação,-7.12664677022815e-05
2022,Defesa civil,Governo Geral,0.00043284579194383945
2023,Defesa civil,Governo Central,0.00012391239696186876
2023,Defesa civil,Governos Estaduais,0.0002248918157419195
2023,Defesa civil,Governos Municipais,0.0001806608995257476
2023,Defesa civil,Coluna de Consolidação,-9.225361856264838e-05
2023,Defesa civil,Governo Geral,0.00043721149366688744
2024,Defesa civil,Governo Central,0.00025825187742424045
2024,Defesa civil,Governos Estaduais,0.00031174118668698616
2024,Defesa civil,Governos Municipais,0.00023737835645442143
2024,Defesa civil,Coluna de Consolidação,-0.000249761197106471
2024,Defesa civil,Governo Geral,0.0005576102234591772
2010,Ajuda externa militar,Governo Central,0.00013504490772668946
2010,Ajuda externa militar,Governos Estaduais,0.0
2010,Ajuda externa militar,Governos Municipais,0.0
2010,Ajuda externa militar,Coluna de Consolidação,0.0
2010,Ajuda externa militar,Governo Geral,0.00013504490772668946
2011,Ajuda externa militar,Governo Central,7.649512728532084e-05
2011,Ajuda externa militar,Governos Estaduais,0.0
2011,Ajuda externa militar,Governos Municipais,0.0
2011,Ajuda externa militar,Coluna de Consolidação,0.0
2011,Ajuda externa militar,Governo Geral,7.649512728532084e-05
2012,Ajuda externa militar,Governo Central,4.887464437684617e-05
2012,Ajuda externa militar,Governos Estaduais,0.0
2012,Ajuda externa militar,Governos Municipais,0.0
2012,Ajuda externa militar,Coluna de Consolidação,0.0
2012,Ajuda externa militar,Governo Geral,4.887464437684617e-05
2013,Ajuda externa militar,Governo Central,5.307623841159565e-05
2013,Ajuda externa militar,Governos Estaduais,0.0
2013,Ajuda externa militar,Governos Municipais,0.0
2013,Ajuda externa militar,Coluna de Consolidação,0.0
2013,Ajuda externa militar,Governo Geral,5.307623841159565e-05
2014,Ajuda externa militar,Governo Central,4.94671041802165e-05
2014,Ajuda externa militar,Governos Estaduais,0.0
2014,Ajuda externa militar,Governos Municipais,0.0
2014,Ajuda externa militar,Coluna de Consolidação,0.0
2014,Ajuda externa militar,Governo Geral,4.94671041802165e-05
2015,Ajuda externa militar,Governo Central,3.697571227048595e-05
2015,Ajuda externa militar,Governos Estaduais,0.0
2015,Ajuda externa militar,Governos Municipais,0.0
2015,Ajuda externa militar,Coluna de Consolidação,0.0
2015,Ajuda externa militar,Governo Geral,3.697571227048595e-05
2016,Ajuda externa militar,Governo Central,2.9583851139787056e-05
2016,Ajuda externa militar,Governos Estaduais,0.0
2016,Ajuda externa militar,Governos Municipais,0.0
2016,Ajuda externa militar,Coluna de Consolidação,0.0
2016,Ajuda externa militar,Governo Geral,2.9583851139787056e-05
2017,Ajuda externa militar,Governo Central,2.7535349005767245e-05
2017,Ajuda externa militar,Governos Estaduais,0.0
2017,Ajuda externa militar,Governos Municipais,0.0
2017,Ajuda externa militar,Coluna de Consolidação,0.0
2017,Ajuda externa militar,Governo Geral,2.7535349005767245e-05
2018,Ajuda externa militar,Governo Central,1.8835745767255176e-05
2018,Ajuda externa militar,Governos Estaduais,0.0
2018,Ajuda externa militar,Governos Municipais,0.0
2018,Ajuda externa militar,Coluna de Consolidação,0.0
2018,Ajuda externa militar,Governo Geral,1.8835745767255176e-05
2019,Ajuda externa militar,Governo Central,1.7045676967470078e-05
2019,Ajuda externa militar,Governos Estaduais,0.0
2019,Ajuda externa militar,Governos Municipais,0.0
2019,Ajuda externa militar,Coluna de Consolidação,0.0
2019,Ajuda externa militar,Governo Geral,1.7045676967470078e-05
2020,Ajuda externa militar,Governo Central,1.4009910803809026e-05
2020,Ajuda externa militar,Governos Estaduais,0.0
2020,Ajuda externa militar,Governos Municipais,0.0
2020,Ajuda externa militar,Coluna de Consolidação,0.0
2020,Ajuda externa militar,Governo Geral,1.4009910803809026e-05
2021,Ajuda externa militar,Governo Central,4.634963522025774e-06
2021,Ajuda externa militar,Governos Estaduais,0.0
2021,Ajuda externa militar,Governos Municipais,0.0
2021,Ajuda externa militar,Coluna de Consolidação,0.0
2021,Ajuda externa militar,Governo Geral,4.634963522025774e-06
2022,Ajuda externa militar,Governo Central,1.9908724007983185e-06
2022,Ajuda externa militar,Governos Estaduais,0.0
2022,Ajuda externa militar,Governos Municipais,0.0
2022,Ajuda externa militar,Coluna de Consolidação,0.0
2022,Ajuda externa militar,Governo Geral,1.9908724007983185e-06
2023,Ajuda externa militar,Governo Central,4.851719090573442e-06
2023,Ajuda externa militar,Governos Estaduais,0.0
2023,Ajuda externa militar,Governos Municipais,0.0
2023,Ajuda externa militar,Coluna de Consolidação,0.0
2023,Ajuda externa militar,Governo Geral,4.851719090573442e-06
2024,Ajuda externa militar,Governo Central,6.754908282241e-06
2024,Ajuda externa militar,Governos Estaduais,0.0
2024,Ajuda externa militar,Governos Municipais,0.0
2024,Ajuda externa militar,Coluna de Consolidação,0.0
2024,Ajuda externa militar,Governo Geral,6.754908282241e-06
2010,Pesquisa e desenvolvimento da defesa,Governo Central,0.00021841855952568233
2010,Pesquisa e desenvolvimento da defesa,Governos Estaduais,0.0
2010,Pesquisa e desenvolvimento da defesa,Governos Municipais,0.0
2010,Pesquisa e desenvolvimento da defesa,Coluna de Consolidação,0.0
2010,Pesquisa e desenvolvimento da defesa,Governo Geral,0.00021841855952568233
2011,Pesquisa e desenvolvimento da defesa,Governo Central,0.0002090778456188985
2011,Pesquisa e desenvolvimento da defesa,Governos Estaduais,0.0
2011,Pesquisa e desenvolvimento da defesa,Governos Municipais,0.0
2011,Pesquisa e desenvolvimento da defesa,Coluna de Consolidação,0.0
2011,Pesquisa e desenvolvimento da defesa,Governo Geral,0.0002090778456188985
2012,Pesquisa e desenvolvimento da defesa,Governo Central,0.00016721665906629297
2012,Pesquisa e desenvolvimento da defesa,Governos Estaduais,0.0
2012,Pesquisa e desenvolvimento da defesa,Governos Municipais,0.0
2012,Pesquisa e desenvolvimento da defesa,Coluna de Consolidação,0.0
2012,Pesquisa e desenvolvimento da defesa,Governo Geral,0.00016721665906629297
2013,Pesquisa e desenvolvimento da defesa,Governo Central,0.0001228935577538077
2013,Pesquisa e desenvolvimento da defesa,Governos Estaduais,0.0
2013,Pesquisa e desenvolvimento da defesa,Governos Municipais,0.0
2013,Pesquisa e desenvolvimento da defesa,Coluna de Consolidação,0.0
2013,Pesquisa e desenvolvimento da defesa,Governo Geral,0.0001228935577538077
2014,Pesquisa e desenvolvimento da defesa,Governo Central,0.00014459556111151594
2014,Pesquisa e desenvolvimento da defesa,Governos Estaduais,0.0
2014,Pesquisa e desenvolvimento da defesa,Governos Municipais,0.0
2014,Pesquisa e desenvolvimento da defesa,Coluna de Consolidação,0.0
2014,Pesquisa e desenvolvimento da defesa,Governo Geral,0.00014459556111151594
2015,Pesquisa e desenvolvimento da defesa,Governo Central,0.00017799173588045454
2015,Pesquisa e desenvolvimento da defesa,Governos Estaduais,0.0
2015,Pesquisa e desenvolvimento da defesa,Governos Municipais,0.0
2015,Pesquisa e desenvolvimento da defesa,Coluna de Consolidação,0.0
2015,Pesquisa e desenvolvimento da defesa,Governo Geral,0.00017799173588045454
2016,Pesquisa e desenvolvimento da defesa,Governo Central,0.0001507929979624012
2016,Pesquisa e desenvolvimento da defesa,Governos Estaduais,0.0
2016,Pesquisa e desenvolvimento da defesa,Governos Municipais,0.0
2016,Pesquisa e desenvolvimento da defesa,Coluna de Consolidação,0.0
2016,Pesquisa e desenvolvimento da defesa,Governo Geral,0.0001507929979624012
2017,Pesquisa e desenvolvimento da defesa,Governo Central,0.0001538398546429152
2017,Pesquisa e desenvolvimento da defesa,Governos Estaduais,0.0
2017,Pesquisa e desenvolvimento da defesa,Governos Municipais,0.0
2017,Pesquisa e desenvolvimento da defesa,Coluna de Consolidação,0.0
2017,Pesquisa e desenvolvimento da defesa,Governo Geral,0.0001538398546429152
2018,Pesquisa e desenvolvimento da defesa,Governo Central,0.0001472487797069125
2018,Pesquisa e desenvolvimento da defesa,Governos Estaduais,0.0
2018,Pesquisa e desenvolvimento da defesa,Governos Municipais,0.0
2018,Pesquisa e desenvolvimento da defesa,Coluna de Consolidação,0.0
2018,Pesquisa e desenvolvimento da defesa,Governo Geral,0.0001472487797069125
2019,Pesquisa e desenvolvimento da defesa,Governo Central,0.00016882342061108423
2019,Pesquisa e desenvolvimento da defesa,Governos Estaduais,0.0
2019,Pesquisa e desenvolvimento da defesa,Governos Municipais,0.0
2019,Pesquisa e desenvolvimento da defesa,Coluna de Consolidação,0.0
2019,Pesquisa e desenvolvimento da defesa,Governo Geral,0.00016882342061108423
2020,Pesquisa e desenvolvimento da defesa,Governo Central,0.00013696409086979956
2020,Pesquisa e desenvolvimento da defesa,Governos Estaduais,0.0
2020,Pesquisa e desenvolvimento da defesa,Governos Municipais,0.0
2020,Pesquisa e desenvolvimento da defesa,Coluna de Consolidação,0.0
2020,Pesquisa e desenvolvimento da defesa,Governo Geral,0.00013696409086979956
2021,Pesquisa e desenvolvimento da defesa,Governo Central,0.00011543392507911515
2021,Pesquisa e desenvolvimento da defesa,Governos Estaduais,0.0
2021,Pesquisa e desenvolvimento da defesa,Governos Municipais,0.0
2021,Pesquisa e desenvolvimento da defesa,Coluna de Consolidação,0.0
2021,Pesquisa e desenvolvimento da defesa,Governo Geral,0.00011543392507911515
2022,Pesquisa e desenvolvimento da defesa,Governo Central,0.00011811958595836791
2022,Pesquisa e desenvolvimento da defesa,Governos Estaduais,0.0
2022,Pesquisa e desenvolvimento da defesa,Governos Municipais,0.0
2022,Pesquisa e desenvolvimento da defesa,Coluna de Consolidação,0.0
2022,Pesquisa e desenvolvimento da defesa,Governo Geral,0.00011811958595836791
2023,Pesquisa e desenvolvimento da defesa,Governo Central,0.00010514097010168277
2023,Pesquisa e desenvolvimento da defesa,Governos Estaduais,0.0
2023,Pesquisa e desenvolvimento da defesa,Governos Municipais,0.0
2023,Pesquisa e desenvolvimento da defesa,Coluna de Consolidação,0.0
2023,Pesquisa e desenvolvimento da defesa,Governo Geral,0.00010514097010168277
2024,Pesquisa e desenvolvimento da defesa,Governo Central,9.354025247520528e-05
2024,Pesquisa e desenvolvimento da defesa,Governos Estaduais,0.0
2024,Pesquisa e desenvolvimento da defesa,Governos Municipais,0.0
2024,Pesquisa e desenvolvimento da defesa,Coluna de Consolidação,0.0
2024,Pesquisa e desenvolvimento da defesa,Governo Geral,9.354025247520528e-05
2010,Defesa não especificada,Governo Central,7.4679277391051245e-06
2010,Defesa não especificada,Governos Estaduais,0.0
2010,Defesa não especificada,Governos Municipais,0.0
2010,Defesa não especificada,Coluna de Consolidação,-5.14688303498304e-07
2010,Defesa não especificada,Governo Geral,6.953239435606821e-06
2011,Defesa não especificada,Governo Central,6.995310515403595e-06
2011,Defesa não especificada,Governos Estaduais,0.0
2011,Defesa não especificada,Governos Municipais,0.0
2011,Defesa não especificada,Coluna de Consolidação,0.0
2011,Defesa não especificada,Governo Geral,6.995310515403595e-06
2012,Defesa não especificada,Governo Central,3.646473735374728e-05
2012,Defesa não especificada,Governos Estaduais,0.0
2012,Defesa não especificada,Governos Municipais,0.0
2012,Defesa não especificada,Coluna de Consolidação,-2.0557371272402763e-06
2012,Defesa não especificada,Governo Geral,3.440900022650701e-05
2013,Defesa não especificada,Governo Central,2.6016552188500704e-05
2013,Defesa não especificada,Governos Estaduais,0.0
2013,Defesa não especificada,Governos Municipais,0.0
2013,Defesa não especificada,Coluna de Consolidação,0.0
2013,Defesa não especificada,Governo Geral,2.6016552188500704e-05
2014,Defesa não especificada,Governo Central,2.2008989967873218e-05
2014,Defesa não especificada,Governos Estaduais,0.0
2014,Defesa não especificada,Governos Municipais,0.0
2014,Defesa não especificada,Coluna de Consolidação,0.0
2014,Defesa não especificada,Governo Geral,2.2008989967873218e-05
2015,Defesa não especificada,Governo Central,1.3250996390236468e-05
2015,Defesa não especificada,Governos Estaduais,0.0
2015,Defesa não especificada,Governos Municipais,0.0
2015,Defesa não especificada,Coluna de Consolidação,0.0
2015,Defesa não especificada,Governo Geral,1.3250996390236468e-05
2016,Defesa não especificada,Governo Central,1.4618375229269198e-05
2016,Defesa não especificada,Governos Estaduais,0.0
2016,Defesa não especificada,Governos Municipais,0.0
2016,Defesa não especificada,Coluna de Consolidação,0.0
2016,Defesa não especificada,Governo Geral,1.4618375229269198e-05
2017,Defesa não especificada,Governo Central,2.836660176185133e-05
2017,Defesa não especificada,Governos Estaduais,0.0
2017,Defesa não especificada,Governos Municipais,0.0
2017,Defesa não especificada,Coluna de Consolidação,0.0
2017,Defesa não especificada,Governo Geral,2.836660176185133e-05
2018,Defesa não especificada,Governo Central,2.6653006699871124e-05
2018,Defesa não especificada,Governos Estaduais,0.0
2018,Defesa não especificada,Governos Municipais,0.0
2018,Defesa não especificada,Coluna de Consolidação,0.0
2018,Defesa não especificada,Governo Geral,2.6653006699871124e-05
2019,Defesa não especificada,Governo Central,2.2783927213694877e-05
2019,Defesa não especificada,Governos Estaduais,0.0
2019,Defesa não especificada,Governos Municipais,0.0
2019,Defesa não especificada,Coluna de Consolidação,0.0
2019,Defesa não especificada,Governo Geral,2.2783927213694877e-05
2020,Defesa não especificada,Governo Central,1.405917434036315e-05
2020,Defesa não especificada,Governos Estaduais,0.0
2020,Defesa não especificada,Governos Municipais,0.0
2020,Defesa não especificada,Coluna de Consolidação,0.0
2020,Defesa não especificada,Governo Geral,1.405917434036315e-05
2021,Defesa não especificada,Governo Central,9.41472043912939e-06
2021,Defesa não especificada,Governos Estaduais,0.0
2021,Defesa não especificada,Governos Municipais,0.0
2021,Defesa não especificada,Coluna de Consolidação,0.0
2021,Defesa não especificada,Governo Geral,9.41472043912939e-06
2022,Defesa não especificada,Governo Central,8.216425139264893e-06
2022,Defesa não especificada,Governos Estaduais,0.0
2022,Defesa não especificada,Governos Municipais,0.0
2022,Defesa não especificada,Coluna de Consolidação,0.0
2022,Defesa não especificada,Governo Geral,8.216425139264893e-06
2023,Defesa não especificada,Governo Central,8.8039993984256e-06
2023,Defesa não especificada,Governos Estaduais,0.0
2023,Defesa não especificada,Governos Municipais,0.0
2023,Defesa não especificada,Coluna de Consolidação,0.0
2023,Defesa não especificada,Governo Geral,8.8039993984256e-06
2024,Defesa não especificada,Governo Central,1.4302628272037636e-05
2024,Defesa não especificada,Governos Estaduais,0.0
2024,Defesa não especificada,Governos Municipais,0.0
2024,Defesa não especificada,Coluna de Consolidação,0.0
2024,Defesa não especificada,Governo Geral,1.4302628272037636e-05
2010,Ordem pública e segurança,Governo Central,0.008032163789282443
2010,Ordem pública e segurança,Governos Estaduais,0.017647863979868287
2010,Ordem pública e segurança,Governos Municipais,0.0014164957874211689
2010,Ordem pública e segurança,Coluna de Consolidação,-0.0010772571572462476
2010,Ordem pública e segurança,Governo Geral,0.02601926639932565
2011,Ordem pública e segurança,Governo Central,0.007263060257356892
2011,Ordem pública e segurança,Governos Estaduais,0.017844532647910548
2011,Ordem pública e segurança,Governos Municipais,0.0014970563554552508
2011,Ordem pública e segurança,Coluna de Consolidação,-0.0009221716270342068
2011,Ordem pública e segurança,Governo Geral,0.025682477633688482
2012,Ordem pública e segurança,Governo Central,0.006827277414050695
2012,Ordem pública e segurança,Governos Estaduais,0.018645554693144883
2012,Ordem pública e segurança,Governos Municipais,0.001420070415076608
2012,Ordem pública e segurança,Coluna de Consolidação,-0.0008970845385609438
2012,Ordem pública e segurança,Governo Geral,0.025995817983711242
2013,Ordem pública e segurança,Governo Central,0.007188477807067451
2013,Ordem pública e segurança,Governos Estaduais,0.018996415057302023
2013,Ordem pública e segurança,Governos Municipais,0.0012820017703464171
2013,Ordem pública e segurança,Coluna de Consolidação,-0.0007826753572947187
2013,Ordem pública e segurança,Governo Geral,0.02668421927742117
2014,Ordem pública e segurança,Governo Central,0.007266875934694433
2014,Ordem pública e segurança,Governos Estaduais,0.020209083622339627
2014,Ordem pública e segurança,Governos Municipais,0.0011832685350086423
2014,Ordem pública e segurança,Coluna de Consolidação,-0.000773285868870233
2014,Ordem pública e segurança,Governo Geral,0.027885942223172464
2015,Ordem pública e segurança,Governo Central,0.007573661269410736
2015,Ordem pública e segurança,Governos Estaduais,0.021835914993538527
2015,Ordem pública e segurança,Governos Municipais,0.001194866514818121
2015,Ordem pública e segurança,Coluna de Consolidação,-0.0007526555098093692
2015,Ordem pública e segurança,Governo Geral,0.029851787267958015
2016,Ordem pública e segurança,Governo Central,0.008346006384784667
2016,Ordem pública e segurança,Governos Estaduais,0.022498661726068816
2016,Ordem pública e segurança,Governos Municipais,0.0012823712846891766
2016,Ordem pública e segurança,Coluna de Consolidação,-0.0014125650819633779
2016,Ordem pública e segurança,Governo Geral,0.03071447431357928
2017,Ordem pública e segurança,Governo Central,0.007792537727823384
2017,Ordem pública e segurança,Governos Estaduais,0.02287277122580041
2017,Ordem pública e segurança,Governos Municipais,0.0012673814963911204
2017,Ordem pública e segurança,Coluna de Consolidação,-0.0008704977987439432
2017,Ordem pública e segurança,Governo Geral,0.03106219265127097
2018,Ordem pública e segurança,Governo Central,0.007548581164444808
2018,Ordem pública e segurança,Governos Estaduais,0.02271592539818237
2018,Ordem pública e segurança,Governos Municipais,0.001364465720733951
2018,Ordem pública e segurança,Coluna de Consolidação,-0.0007592047964637572
2018,Ordem pública e segurança,Governo Geral,0.030869767486897372
2019,Ordem pública e segurança,Governo Central,0.007525586729995716
2019,Ordem pública e segurança,Governos Estaduais,0.022994144894002082
2019,Ordem pública e segurança,Governos Municipais,0.0013216084716730324
2019,Ordem pública e segurança,Coluna de Consolidação,-0.0006785077202646283
2019,Ordem pública e segurança,Governo Geral,0.031162832375406204
2020,Ordem pública e segurança,Governo Central,0.007290555404123316
2020,Ordem pública e segurança,Governos Estaduais,0.022620939850809246
2020,Ordem pública e segurança,Governos Municipais,0.0013877556692145389
2020,Ordem pública e segurança,Coluna de Consolidação,-0.0008099237381530669
2020,Ordem pública e segurança,Governo Geral,0.030489327185994033
2021,Ordem pública e segurança,Governo Central,0.006320445839272327
2021,Ordem pública e segurança,Governos Estaduais,0.018806849647893826
2021,Ordem pública e segurança,Governos Municipais,0.0012571386366066822
2021,Ordem pública e segurança,Coluna de Consolidação,-0.0006518798535269636
2021,Ordem pública e segurança,Governo Geral,0.025732554270245872
2022,Ordem pública e segurança,Governo Central,0.0059321883657626395
2022,Ordem pública e segurança,Governos Estaduais,0.0206266847155872
2022,Ordem pública e segurança,Governos Municipais,0.0013065486788286355
2022,Ordem pública e segurança,Coluna de Consolidação,-0.000623066492724061
2022,Ordem pública e segurança,Governo Geral,0.027242355267454412
2023,Ordem pública e segurança,Governo Central,0.005901675950499319
2023,Ordem pública e segurança,Governos Estaduais,0.0217866898874323
2023,Ordem pública e segurança,Governos Municipais,0.0013854921183512681
2023,Ordem pública e segurança,Coluna de Consolidação,-0.000620858916348325
2023,Ordem pública e segurança,Governo Geral,0.02845299903993456
2024,Ordem pública e segurança,Governo Central,0.006106302271813089
2024,Ordem pública e segurança,Governos Estaduais,0.022598802421426503
2024,Ordem pública e segurança,Governos Municipais,0.0014999277060831551
2024,Ordem pública e segurança,Coluna de Consolidação,-0.0006600299877575204
2024,Ordem pública e segurança,Governo Geral,0.029545002411565224
2010,Serviços de polícia,Governo Central,0.0022028106990989098
2010,Serviços de polícia,Governos Estaduais,0.006178845835742098
2010,Serviços de polícia,Governos Municipais,0.0010108022725347876
2010,Serviços de polícia,Coluna de Consolidação,-0.0007076102134680805
2010,Serviços de polícia,Governo Geral,0.008684848593907715
2011,Serviços de polícia,Governo Central,0.0018862577370496582
2011,Serviços de polícia,Governos Estaduais,0.0064059642772426794
2011,Serviços de polícia,Governos Municipais,0.0011036784764440269
2011,Serviços de polícia,Coluna de Consolidação,-0.0006080415784671596
2011,Serviços de polícia,Governo Geral,0.008787858912269205
2012,Serviços de polícia,Governo Central,0.0017577284762778345
2012,Serviços de polícia,Governos Estaduais,0.006436940207422496
2012,Serviços de polícia,Governos Municipais,0.0010608173820681088
2012,Serviços de polícia,Coluna de Consolidação,-0.0006460970877110253
2012,Serviços de polícia,Governo Geral,0.008609388978057414
2013,Serviços de polícia,Governo Central,0.0017574465942137608
2013,Serviços de polícia,Governos Estaduais,0.00648652250468454
2013,Serviços de polícia,Governos Municipais,0.0009483517787224813
2013,Serviços de polícia,Coluna de Consolidação,-0.0005726582299358709
2013,Serviços de polícia,Governo Geral,0.00861966264768491
2014,Serviços de polícia,Governo Central,0.0017313691294885286
2014,Serviços de polícia,Governos Estaduais,0.007249489977745513
2014,Serviços de polícia,Governos Municipais,0.0008463901101618678
2014,Serviços de polícia,Coluna de Consolidação,-0.0005378873425498339
2014,Serviços de polícia,Governo Geral,0.009289361874846075
2015,Serviços de polícia,Governo Central,0.0017015160696845467
2015,Serviços de polícia,Governos Estaduais,0.00797951333986196
2015,Serviços de polícia,Governos Municipais,0.0008708523653734434
2015,Serviços de polícia,Coluna de Consolidação,-0.000539433438172322
2015,Serviços de polícia,Governo Geral,0.01001244833674763
2016,Serviços de polícia,Governo Central,0.0022408829398072416
2016,Serviços de polícia,Governos Estaduais,0.009605282679675716
2016,Serviços de polícia,Governos Municipais,0.0009251623099004032
2016,Serviços de polícia,Coluna de Consolidação,-0.0010121829737127037
2016,Serviços de polícia,Governo Geral,0.011759144955670658
2017,Serviços de polícia,Governo Central,0.0017689381694404815
2017,Serviços de polícia,Governos Estaduais,0.00966082680288272
2017,Serviços de polícia,Governos Municipais,0.0009005845389153455
2017,Serviços de polícia,Coluna de Consolidação,-0.0005309278169736622
2017,Serviços de polícia,Governo Geral,0.011799421694264884
2018,Serviços de polícia,Governo Central,0.0018081668851797537
2018,Serviços de polícia,Governos Estaduais,0.009531139869585118
2018,Serviços de polícia,Governos Municipais,0.0009551798318748167
2018,Serviços de polícia,Coluna de Consolidação,-0.0005646465025049915
2018,Serviços de polícia,Governo Geral,0.0117298400841347
2019,Serviços de polícia,Governo Central,0.0017910538668042576
2019,Serviços de polícia,Governos Estaduais,0.009579749000872757
2019,Serviços de polícia,Governos Municipais,0.0009322728869077317
2019,Serviços de polícia,Coluna de Consolidação,-0.00048580754186104295
2019,Serviços de polícia,Governo Geral,0.0118172682127237
2020,Serviços de polícia,Governo Central,0.0018022615820817074
2020,Serviços de polícia,Governos Estaduais,0.00962344364190613
2020,Serviços de polícia,Governos Municipais,0.0009757335157149099
2020,Serviços de polícia,Coluna de Consolidação,-0.0006328507102536538
2020,Serviços de polícia,Governo Geral,0.011768588029449092
2021,Serviços de polícia,Governo Central,0.0015272198548263835
2021,Serviços de polícia,Governos Estaduais,0.0076419779888900405
2021,Serviços de polícia,Governos Municipais,0.0008822042763821619
2021,Serviços de polícia,Coluna de Consolidação,-0.00047932544230510233
2021,Serviços de polícia,Governo Geral,0.009572076677793483
2022,Serviços de polícia,Governo Central,0.001457211463068362
2022,Serviços de polícia,Governos Estaduais,0.00852874994472386
2022,Serviços de polícia,Governos Municipais,0.0008887743883487971
2022,Serviços de polícia,Coluna de Consolidação,-0.0004562322937400824
2022,Serviços de polícia,Governo Geral,0.010418503502400938
2023,Serviços de polícia,Governo Central,0.0014181540064132853
2023,Serviços de polícia,Governos Estaduais,0.008787089032000555
2023,Serviços de polícia,Governos Municipais,0.0009655432922163484
2023,Serviços de polícia,Coluna de Consolidação,-0.0004324306216141074
2023,Serviços de polícia,Governo Geral,0.010738355709016082
2024,Serviços de polícia,Governo Central,0.0014328368928619504
2024,Serviços de polícia,Governos Estaduais,0.008699716082783988
2024,Serviços de polícia,Governos Municipais,0.0010661497760259188
2024,Serviços de polícia,Coluna de Consolidação,-0.00045737658175130295
2024,Serviços de polícia,Governo Geral,0.010741326169920552
2010,Serviços de proteção contra incêndios,Governo Central,0.00014824211710115883
2010,Serviços de proteção contra incêndios,Governos Estaduais,0.0006168384051559868
2010,Serviços de proteção contra incêndios,Governos Municipais,4.1529445922248937e-05
2010,Serviços de proteção contra incêndios,Coluna de Consolidação,-0.00015624879584492728
2010,Serviços de proteção contra incêndios,Governo Geral,0.0006503611723344672
2011,Serviços de proteção contra incêndios,Governo Central,0.00013390198356441057
2011,Serviços de proteção contra incêndios,Governos Estaduais,0.0005530494019999678
2011,Serviços de proteção contra incêndios,Governos Municipais,4.1932277934740555e-05
2011,Serviços de proteção contra incêndios,Coluna de Consolidação,-0.00014087087515128756
2011,Serviços de proteção contra incêndios,Governo Geral,0.0005880127883478314
2012,Serviços de proteção contra incêndios,Governo Central,0.00016481386678094886
2012,Serviços de proteção contra incêndios,Governos Estaduais,0.0005935296635355981
2012,Serviços de proteção contra incêndios,Governos Municipais,3.338889077760909e-05
2012,Serviços de proteção contra incêndios,Coluna de Consolidação,-0.00016534476739422504
2012,Serviços de proteção contra incêndios,Governo Geral,0.0006263876536999309
2013,Serviços de proteção contra incêndios,Governo Central,0.0001574440034139186
2013,Serviços de proteção contra incêndios,Governos Estaduais,0.0005958073945424808
2013,Serviços de proteção contra incêndios,Governos Municipais,3.0626982351384104e-05
2013,Serviços de proteção contra incêndios,Coluna de Consolidação,-0.0001627151614322378
2013,Serviços de proteção contra incêndios,Governo Geral,0.0006211632188755457
2014,Serviços de proteção contra incêndios,Governo Central,0.00015326052890180688
2014,Serviços de proteção contra incêndios,Governos Estaduais,0.0006667088136473539
2014,Serviços de proteção contra incêndios,Governos Municipais,2.0085749545803925e-05
2014,Serviços de proteção contra incêndios,Coluna de Consolidação,-0.00015601507013054944
2014,Serviços de proteção contra incêndios,Governo Geral,0.0006840400219644152
2015,Serviços de proteção contra incêndios,Governo Central,0.0001488396350405271
2015,Serviços de proteção contra incêndios,Governos Estaduais,0.0007208555019515082
2015,Serviços de proteção contra incêndios,Governos Municipais,1.861423074527536e-05
2015,Serviços de proteção contra incêndios,Coluna de Consolidação,-0.00015039167244055204
2015,Serviços de proteção contra incêndios,Governo Geral,0.0007379176952967586
2016,Serviços de proteção contra incêndios,Governo Central,0.0001577522635673254
2016,Serviços de proteção contra incêndios,Governos Estaduais,0.0008290712503954853
2016,Serviços de proteção contra incêndios,Governos Municipais,2.322304422138336e-05
2016,Serviços de proteção contra incêndios,Coluna de Consolidação,-0.00015600857441300093
2016,Serviços de proteção contra incêndios,Governo Geral,0.0008540379837711931
2017,Serviços de proteção contra incêndios,Governo Central,0.00015091292503383665
2017,Serviços de proteção contra incêndios,Governos Estaduais,0.0008566286519706321
2017,Serviços de proteção contra incêndios,Governos Municipais,1.6916754408248672e-05
2017,Serviços de proteção contra incêndios,Coluna de Consolidação,-0.00014917307594014637
2017,Serviços de proteção contra incêndios,Governo Geral,0.0008752852554725711
2018,Serviços de proteção contra incêndios,Governo Central,0.0001512484735695823
2018,Serviços de proteção contra incêndios,Governos Estaduais,0.0008561690902869624
2018,Serviços de proteção contra incêndios,Governos Municipais,1.534614083012095e-05
2018,Serviços de proteção contra incêndios,Coluna de Consolidação,-0.00014985839240556938
2018,Serviços de proteção contra incêndios,Governo Geral,0.0008729053122810963
2019,Serviços de proteção contra incêndios,Governo Central,0.00014338384277100933
2019,Serviços de proteção contra incêndios,Governos Estaduais,0.0008175313328265188
2019,Serviços de proteção contra incêndios,Governos Municipais,1.4544333656614668e-05
2019,Serviços de proteção contra incêndios,Coluna de Consolidação,-0.00013902608439341743
2019,Serviços de proteção contra incêndios,Governo Geral,0.0008364334248607254
2020,Serviços de proteção contra incêndios,Governo Central,0.00014167469138883702
2020,Serviços de proteção contra incêndios,Governos Estaduais,0.0007646409880602372
2020,Serviços de proteção contra incêndios,Governos Municipais,1.5400676939062034e-05
2020,Serviços de proteção contra incêndios,Coluna de Consolidação,-0.0001404987373753047
2020,Serviços de proteção contra incêndios,Governo Geral,0.0007812176190128315
2021,Serviços de proteção contra incêndios,Governo Central,0.00012685529293266434
2021,Serviços de proteção contra incêndios,Governos Estaduais,0.0006645989625415818
2021,Serviços de proteção contra incêndios,Governos Municipais,1.3871787523022441e-05
2021,Serviços de proteção contra incêndios,Coluna de Consolidação,-0.00012015742194136503
2021,Serviços de proteção contra incêndios,Governo Geral,0.0006851686210559034
2022,Serviços de proteção contra incêndios,Governo Central,0.00012824407827589853
2022,Serviços de proteção contra incêndios,Governos Estaduais,0.0008416725005576801
2022,Serviços de proteção contra incêndios,Governos Municipais,1.7840528392191464e-05
2022,Serviços de proteção contra incêndios,Coluna de Consolidação,-0.00011850145929512053
2022,Serviços de proteção contra incêndios,Governo Geral,0.0008692556479306494
2023,Serviços de proteção contra incêndios,Governo Central,0.00012460632641126936
2023,Serviços de proteção contra incêndios,Governos Estaduais,0.0007864656110296199
2023,Serviços de proteção contra incêndios,Governos Municipais,1.916580878508791e-05
2023,Serviços de proteção contra incêndios,Coluna de Consolidação,-0.00011322495091675083
2023,Serviços de proteção contra incêndios,Governo Geral,0.0008170127953092262
2024,Serviços de proteção contra incêndios,Governo Central,0.0001425465429439206
2024,Serviços de proteção contra incêndios,Governos Estaduais,0.0007788976081020328
2024,Serviços de proteção contra incêndios,Governos Municipais,2.5510233119997435e-05
2024,Serviços de proteção contra incêndios,Coluna de Consolidação,-0.00013233627513852973
2024,Serviços de proteção contra incêndios,Governo Geral,0.0008146181090274211
2010,Tribunais de justiça,Governo Central,0.005395946271059663
2010,Tribunais de justiça,Governos Estaduais,0.008679860076029503
2010,Tribunais de justiça,Governos Municipais,0.0003151002701722047
2010,Tribunais de justiça,Coluna de Consolidação,-9.852752536912254e-06
2010,Tribunais de justiça,Governo Geral,0.014381053864724458
2011,Tribunais de justiça,Governo Central,0.004970952626924696
2011,Tribunais de justiça,Governos Estaduais,0.008695276657138463
2011,Tribunais de justiça,Governos Municipais,0.00031798680783962145
2011,Tribunais de justiça,Coluna de Consolidação,-6.278051703850598e-06
2011,Tribunais de justiça,Governo Geral,0.01397793804019893
2012,Tribunais de justiça,Governo Central,0.004757439597385109
2012,Tribunais de justiça,Governos Estaduais,0.009309173349990346
2012,Tribunais de justiça,Governos Municipais,0.0003066278907802359
2012,Tribunais de justiça,Coluna de Consolidação,-1.212495151941479e-05
2012,Tribunais de justiça,Governo Geral,0.014361115886636272
2013,Tribunais de justiça,Governo Central,0.0050952618421138286
2013,Tribunais de justiça,Governos Estaduais,0.009336717616903117
2013,Tribunais de justiça,Governos Municipais,0.00028502870927007545
2013,Tribunais de justiça,Coluna de Consolidação,-8.245137303185069e-06
2013,Tribunais de justiça,Governo Geral,0.014708763030983835
2014,Tribunais de justiça,Governo Central,0.0051134512471802465
2014,Tribunais de justiça,Governos Estaduais,0.009582617202815507
2014,Tribunais de justiça,Governos Municipais,0.0003039714296922455
2014,Tribunais de justiça,Coluna de Consolidação,-1.73117520171718e-05
2014,Tribunais de justiça,Governo Geral,0.014982728127670824
2015,Tribunais de justiça,Governo Central,0.00550910341336957
2015,Tribunais de justiça,Governos Estaduais,0.010367763202895142
2015,Tribunais de justiça,Governos Municipais,0.0002834307998717015
2015,Tribunais de justiça,Coluna de Consolidação,-1.0212371422659535e-05
2015,Tribunais de justiça,Governo Geral,0.016150085044713755
2016,Tribunais de justiça,Governo Central,0.005545694766004332
2016,Tribunais de justiça,Governos Estaduais,0.009757291003256117
2016,Tribunais de justiça,Governos Municipais,0.0003191935146828326
2016,Tribunais de justiça,Coluna de Consolidação,-6.0241836177383705e-06
2016,Tribunais de justiça,Governo Geral,0.015616155100325543
2017,Tribunais de justiça,Governo Central,0.0055777038492816336
2017,Tribunais de justiça,Governos Estaduais,0.010049523901199113
2017,Tribunais de justiça,Governos Municipais,0.00033431960157211127
2017,Tribunais de justiça,Coluna de Consolidação,-4.241665971295501e-06
2017,Tribunais de justiça,Governo Geral,0.01595730568608156
2018,Tribunais de justiça,Governo Central,0.005439407256669449
2018,Tribunais de justiça,Governos Estaduais,0.009949665873889436
2018,Tribunais de justiça,Governos Municipais,0.00038587010594020313
2018,Tribunais de justiça,Coluna de Consolidação,-5.5839258769970665e-06
2018,Tribunais de justiça,Governo Geral,0.01576935931062209
2019,Tribunais de justiça,Governo Central,0.005452126591889871
2019,Tribunais de justiça,Governos Estaduais,0.010222271807834176
2019,Tribunais de justiça,Governos Municipais,0.00036177200760253086
2019,Tribunais de justiça,Coluna de Consolidação,-4.925776169153988e-06
2019,Tribunais de justiça,Governo Geral,0.016031244631157425
2020,Tribunais de justiça,Governo Central,0.0052107427011035485
2020,Tribunais de justiça,Governos Estaduais,0.009761805935816768
2020,Tribunais de justiça,Governos Municipais,0.0003821575724512226
2020,Tribunais de justiça,Coluna de Consolidação,-1.5023999305119092e-05
2020,Tribunais de justiça,Governo Geral,0.01533968221006642
2021,Tribunais de justiça,Governo Central,0.004471910909424166
2021,Tribunais de justiça,Governos Estaduais,0.008209203434381869
2021,Tribunais de justiça,Governos Municipais,0.0003465677815898854
2021,Tribunais de justiça,Coluna de Consolidação,-5.124164066332009e-06
2021,Tribunais de justiça,Governo Geral,0.013022557961329588
2022,Tribunais de justiça,Governo Central,0.004164400047079077
2022,Tribunais de justiça,Governos Estaduais,0.008769526673420432
2022,Tribunais de justiça,Governos Municipais,0.0003833384739223668
2022,Tribunais de justiça,Coluna de Consolidação,-7.061927298862943e-06
2022,Tribunais de justiça,Governo Geral,0.013310203267123016
2023,Tribunais de justiça,Governo Central,0.004138896265931218
2023,Tribunais de justiça,Governos Estaduais,0.009806407137306173
2023,Tribunais de justiça,Governos Municipais,0.00038289243103915805
2023,Tribunais de justiça,Coluna de Consolidação,-1.4859244810176138e-05
2023,Tribunais de justiça,Governo Geral,0.014313336589466373
2024,Tribunais de justiça,Governo Central,0.004314324226279
2024,Tribunais de justiça,Governos Estaduais,0.010772350392178078
2024,Tribunais de justiça,Governos Municipais,0.0003889553372043917
2024,Tribunais de justiça,Coluna de Consolidação,-2.1001781552777975e-05
2024,Tribunais de justiça,Governo Geral,0.01545462817410869
2010,Estabelecimentos prisionais,Governo Central,0.00014265045655072734
2010,Estabelecimentos prisionais,Governos Estaduais,0.002113569530881929
2010,Estabelecimentos prisionais,Governos Municipais,6.479994033828522e-06
2010,Estabelecimentos prisionais,Coluna de Consolidação,-0.0001738925579223712
2010,Estabelecimentos prisionais,Governo Geral,0.002088807423544114
2011,Estabelecimentos prisionais,Governo Central,0.00012581982323718556
2011,Estabelecimentos prisionais,Governos Estaduais,0.0021317887575832066
2011,Estabelecimentos prisionais,Governos Municipais,4.732695299781878e-06
2011,Estabelecimentos prisionais,Coluna de Consolidação,-0.00015383105665312216
2011,Estabelecimentos prisionais,Governo Geral,0.0021085102194670522
2012,Estabelecimentos prisionais,Governo Central,3.111088562075189e-05
2012,Estabelecimentos prisionais,Governos Estaduais,0.0022477564274941742
2012,Estabelecimentos prisionais,Governos Municipais,4.9524409454965875e-06
2012,Estabelecimentos prisionais,Coluna de Consolidação,-5.7416693319724596e-05
2012,Estabelecimentos prisionais,Governo Geral,0.002226403060740698
2013,Estabelecimentos prisionais,Governo Central,1.3018339028886858e-05
2013,Estabelecimentos prisionais,Governos Estaduais,0.002517871909762093
2013,Estabelecimentos prisionais,Governos Municipais,5.291891545050643e-06
2013,Estabelecimentos prisionais,Coluna de Consolidação,-3.501677234051382e-05
2013,Estabelecimentos prisionais,Governo Geral,0.0025011653679955165
2014,Estabelecimentos prisionais,Governo Central,4.949424046701449e-05
2014,Estabelecimentos prisionais,Governos Estaduais,0.002640174792586853
2014,Estabelecimentos prisionais,Governos Municipais,4.86185004365344e-06
2014,Estabelecimentos prisionais,Coluna de Consolidação,-5.889811981193103e-05
2014,Estabelecimentos prisionais,Governo Geral,0.0026356327632855894
2015,Estabelecimentos prisionais,Governo Central,3.256760047495243e-05
2015,Estabelecimentos prisionais,Governos Estaduais,0.002692979068528996
2015,Estabelecimentos prisionais,Governos Municipais,8.47309535974498e-06
2015,Estabelecimentos prisionais,Coluna de Consolidação,-4.88061777798418e-05
2015,Estabelecimentos prisionais,Governo Geral,0.0026852135865838523
2016,Estabelecimentos prisionais,Governo Central,0.00023317504237396668
2016,Estabelecimentos prisionais,Governos Estaduais,0.0022781901221045515
2016,Estabelecimentos prisionais,Governos Municipais,6.9666657087443195e-06
2016,Estabelecimentos prisionais,Coluna de Consolidação,-0.0002297208155336025
2016,Estabelecimentos prisionais,Governo Geral,0.00228861101465366
2017,Estabelecimentos prisionais,Governo Central,0.00020357883642655963
2017,Estabelecimentos prisionais,Governos Estaduais,0.0022739180280290606
2017,Estabelecimentos prisionais,Governos Municipais,4.813795338510852e-06
2017,Estabelecimentos prisionais,Coluna de Consolidação,-0.00017788486241607928
2017,Estabelecimentos prisionais,Governo Geral,0.0023044257973780517
2018,Estabelecimentos prisionais,Governo Central,6.720242087176227e-05
2018,Estabelecimentos prisionais,Governos Estaduais,0.00234967720417188
2018,Estabelecimentos prisionais,Governos Municipais,2.9344574838676794e-06
2018,Estabelecimentos prisionais,Coluna de Consolidação,-3.245755152791426e-05
2018,Estabelecimentos prisionais,Governo Geral,0.0023873565309995965
2019,Estabelecimentos prisionais,Governo Central,5.831621630498668e-05
2019,Estabelecimentos prisionais,Governos Estaduais,0.0023465510328880917
2019,Estabelecimentos prisionais,Governos Municipais,6.912986752832053e-06
2019,Estabelecimentos prisionais,Coluna de Consolidação,-4.2660017661599845e-05
2019,Estabelecimentos prisionais,Governo Geral,0.0023691202182843105
2020,Estabelecimentos prisionais,Governo Central,4.8488513264510463e-05
2020,Estabelecimentos prisionais,Governos Estaduais,0.0024266678272134587
2020,Estabelecimentos prisionais,Governos Municipais,7.37057730434428e-06
2020,Estabelecimentos prisionais,Coluna de Consolidação,-1.759792187541654e-05
2020,Estabelecimentos prisionais,Governo Geral,0.002464928995906897
2021,Estabelecimentos prisionais,Governo Central,4.840900968877737e-05
2021,Estabelecimentos prisionais,Governos Estaduais,0.0022524002323888086
2021,Estabelecimentos prisionais,Governos Municipais,7.843220257618836e-06
2021,Estabelecimentos prisionais,Coluna de Consolidação,-2.6847667533547023e-05
2021,Estabelecimentos prisionais,Governo Geral,0.0022818047948016578
2022,Estabelecimentos prisionais,Governo Central,2.3046275419718074e-05
2022,Estabelecimentos prisionais,Governos Estaduais,0.0024556215684044054
2022,Estabelecimentos prisionais,Governos Municipais,9.40888433329218e-06
2022,Estabelecimentos prisionais,Coluna de Consolidação,-6.93980407182911e-06
2022,Estabelecimentos prisionais,Governo Geral,0.0024811369240855864
2023,Estabelecimentos prisionais,Governo Central,4.490431177053227e-05
2023,Estabelecimentos prisionais,Governos Estaduais,0.0023531300588579963
2023,Estabelecimentos prisionais,Governos Municipais,9.978886633011161e-06
2023,Estabelecimentos prisionais,Coluna de Consolidação,-2.67133842544115e-05
2023,Estabelecimentos prisionais,Governo Geral,0.0023812998730071283
2024,Estabelecimentos prisionais,Governo Central,4.323464845466465e-05
2024,Estabelecimentos prisionais,Governos Estaduais,0.002309577163317621
2024,Estabelecimentos prisionais,Governos Municipais,1.0585379795260228e-05
2024,Estabelecimentos prisionais,Coluna de Consolidação,-1.9979454827953305e-05
2024,Estabelecimentos prisionais,Governo Geral,0.002343417736739592
2010,Pesquisa e desenvolvimento da ordem pública e segurança,Governo Central,2.6205035792059507e-06
2010,Pesquisa e desenvolvimento da ordem pública e segurança,Governos Estaduais,8.549720938442785e-09
2010,Pesquisa e desenvolvimento da ordem pública e segurança,Governos Municipais,0.0
2010,Pesquisa e desenvolvimento da ordem pública e segurança,Coluna de Consolidação,-7.809864987247815e-08
2010,Pesquisa e desenvolvimento da ordem pública e segurança,Governo Geral,2.550954650271915e-06
2011,Pesquisa e desenvolvimento da ordem pública e segurança,Governo Central,2.481424402226612e-06
2011,Pesquisa e desenvolvimento da ordem pública e segurança,Governos Estaduais,7.261830734156342e-09
2011,Pesquisa e desenvolvimento da ordem pública e segurança,Governos Municipais,0.0
2011,Pesquisa e desenvolvimento da ordem pública e segurança,Coluna de Consolidação,-8.185932568691235e-08
2011,Pesquisa e desenvolvimento da ordem pública e segurança,Governo Geral,2.4068269072738558e-06
2012,Pesquisa e desenvolvimento da ordem pública e segurança,Governo Central,3.212766587208532e-06
2012,Pesquisa e desenvolvimento da ordem pública e segurança,Governos Estaduais,8.663631032407956e-09
2012,Pesquisa e desenvolvimento da ordem pública e segurança,Governos Municipais,0.0
2012,Pesquisa e desenvolvimento da ordem pública e segurança,Coluna de Consolidação,-8.348693409788327e-08
2012,Pesquisa e desenvolvimento da ordem pública e segurança,Governo Geral,3.137943284143057e-06
2013,Pesquisa e desenvolvimento da ordem pública e segurança,Governo Central,9.883654498035462e-06
2013,Pesquisa e desenvolvimento da ordem pública e segurança,Governos Estaduais,7.96223599660697e-09
2013,Pesquisa e desenvolvimento da ordem pública e segurança,Governos Municipais,0.0
2013,Pesquisa e desenvolvimento da ordem pública e segurança,Coluna de Consolidação,-1.1910414663866616e-07
2013,Pesquisa e desenvolvimento da ordem pública e segurança,Governo Geral,9.772512587393405e-06
2014,Pesquisa e desenvolvimento da ordem pública e segurança,Governo Central,1.0850119370859581e-05
2014,Pesquisa e desenvolvimento da ordem pública e segurança,Governos Estaduais,9.147142269093313e-09
2014,Pesquisa e desenvolvimento da ordem pública e segurança,Governos Municipais,0.0
2014,Pesquisa e desenvolvimento da ordem pública e segurança,Coluna de Consolidação,-7.537034867995567e-08
2014,Pesquisa e desenvolvimento da ordem pública e segurança,Governo Geral,1.0783896164448719e-05
2015,Pesquisa e desenvolvimento da ordem pública e segurança,Governo Central,1.4622589100219508e-05
2015,Pesquisa e desenvolvimento da ordem pública e segurança,Governos Estaduais,7.3057580120456845e-09
2015,Pesquisa e desenvolvimento da ordem pública e segurança,Governos Municipais,0.0
2015,Pesquisa e desenvolvimento da ordem pública e segurança,Coluna de Consolidação,-2.9887575862525236e-08
2015,Pesquisa e desenvolvimento da ordem pública e segurança,Governo Geral,1.4600007282369028e-05
2016,Pesquisa e desenvolvimento da ordem pública e segurança,Governo Central,8.09106650464929e-06
2016,Pesquisa e desenvolvimento da ordem pública e segurança,Governos Estaduais,2.9505528463998767e-09
2016,Pesquisa e desenvolvimento da ordem pública e segurança,Governos Municipais,0.0
2016,Pesquisa e desenvolvimento da ordem pública e segurança,Coluna de Consolidação,-1.2465353828320202e-07
2016,Pesquisa e desenvolvimento da ordem pública e segurança,Governo Geral,7.969363519212488e-06
2017,Pesquisa e desenvolvimento da ordem pública e segurança,Governo Central,6.841869734589699e-06
2017,Pesquisa e desenvolvimento da ordem pública e segurança,Governos Estaduais,2.9855100896877937e-09
2017,Pesquisa e desenvolvimento da ordem pública e segurança,Governos Municipais,0.0
2017,Pesquisa e desenvolvimento da ordem pública e segurança,Coluna de Consolidação,-9.16228741058833e-08
2017,Pesquisa e desenvolvimento da ordem pública e segurança,Governo Geral,6.753232370573503e-06
2018,Pesquisa e desenvolvimento da ordem pública e segurança,Governo Central,5.973611319124846e-06
2018,Pesquisa e desenvolvimento da ordem pública e segurança,Governos Estaduais,3.2708325715398638e-09
2018,Pesquisa e desenvolvimento da ordem pública e segurança,Governos Municipais,0.0
2018,Pesquisa e desenvolvimento da ordem pública e segurança,Coluna de Consolidação,-6.072734439464488e-08
2018,Pesquisa e desenvolvimento da ordem pública e segurança,Governo Geral,5.9161548073017405e-06
2019,Pesquisa e desenvolvimento da ordem pública e segurança,Governo Central,6.145128535132701e-06
2019,Pesquisa e desenvolvimento da ordem pública e segurança,Governos Estaduais,3.404405090574129e-09
2019,Pesquisa e desenvolvimento da ordem pública e segurança,Governos Municipais,0.0
2019,Pesquisa e desenvolvimento da ordem pública e segurança,Coluna de Consolidação,-4.5530369975982285e-08
2019,Pesquisa e desenvolvimento da ordem pública e segurança,Governo Geral,6.103002570247293e-06
2020,Pesquisa e desenvolvimento da ordem pública e segurança,Governo Central,5.657863787459549e-06
2020,Pesquisa e desenvolvimento da ordem pública e segurança,Governos Estaduais,3.787596150685246e-09
2020,Pesquisa e desenvolvimento da ordem pública e segurança,Governos Municipais,0.0
2020,Pesquisa e desenvolvimento da ordem pública e segurança,Coluna de Consolidação,-3.233437077207063e-08
2020,Pesquisa e desenvolvimento da ordem pública e segurança,Governo Geral,5.629317012838164e-06
2021,Pesquisa e desenvolvimento da ordem pública e segurança,Governo Central,5.28130056215103e-06
2021,Pesquisa e desenvolvimento da ordem pública e segurança,Governos Estaduais,5.687427643985295e-08
2021,Pesquisa e desenvolvimento da ordem pública e segurança,Governos Municipais,0.0
2021,Pesquisa e desenvolvimento da ordem pública e segurança,Coluna de Consolidação,0.0
2021,Pesquisa e desenvolvimento da ordem pública e segurança,Governo Geral,5.338174838590883e-06
2022,Pesquisa e desenvolvimento da ordem pública e segurança,Governo Central,5.197027332688893e-06
2022,Pesquisa e desenvolvimento da ordem pública e segurança,Governos Estaduais,2.185922986972486e-09
2022,Pesquisa e desenvolvimento da ordem pública e segurança,Governos Municipais,0.0
2022,Pesquisa e desenvolvimento da ordem pública e segurança,Coluna de Consolidação,0.0
2022,Pesquisa e desenvolvimento da ordem pública e segurança,Governo Geral,5.199213255675866e-06
2023,Pesquisa e desenvolvimento da ordem pública e segurança,Governo Central,8.39844286082027e-06
2023,Pesquisa e desenvolvimento da ordem pública e segurança,Governos Estaduais,8.0384715250004e-09
2023,Pesquisa e desenvolvimento da ordem pública e segurança,Governos Municipais,0.0
2023,Pesquisa e desenvolvimento da ordem pública e segurança,Coluna de Consolidação,-5.736109235785267e-09
2023,Pesquisa e desenvolvimento da ordem pública e segurança,Governo Geral,8.400745223109483e-06
2024,Pesquisa e desenvolvimento da ordem pública e segurança,Governo Central,8.124676573966787e-06
2024,Pesquisa e desenvolvimento da ordem pública e segurança,Governos Estaduais,0.0
2024,Pesquisa e desenvolvimento da ordem pública e segurança,Governos Municipais,0.0
2024,Pesquisa e desenvolvimento da ordem pública e segurança,Coluna de Consolidação,-1.6457485370012816e-10
2024,Pesquisa e desenvolvimento da ordem pública e segurança,Governo Geral,8.124511999113086e-06
2010,Ordem pública e segurança não especificada,Governo Central,0.00013989374189277775
2010,Ordem pública e segurança não especificada,Governos Estaduais,5.8741582337832665e-05
2010,Ordem pública e segurança não especificada,Governos Municipais,4.258380475809906e-05
2010,Ordem pública e segurança não especificada,Coluna de Consolidação,-2.9574738824083827e-05
2010,Ordem pública e segurança não especificada,Governo Geral,0.00021164439016462563
2011,Ordem pública e segurança não especificada,Governo Central,0.00014364666217871468
2011,Ordem pública e segurança não especificada,Governos Estaduais,5.844629211549556e-05
2011,Ordem pública e segurança não especificada,Governos Municipais,2.872609793708007e-05
2011,Ordem pública e segurança não especificada,Coluna de Consolidação,-1.3068205733099894e-05
2011,Ordem pública e segurança não especificada,Governo Geral,0.0002177508464981904
2012,Ordem pública e segurança não especificada,Governo Central,0.00011297182139884284
2012,Ordem pública e segurança não especificada,Governos Estaduais,5.8146381071240124e-05
2012,Ordem pública e segurança não especificada,Governos Municipais,1.4283810505157449e-05
2012,Ordem pública e segurança não especificada,Coluna de Consolidação,-1.601755168245625e-05
2012,Ordem pública e segurança não especificada,Governo Geral,0.00016938446129278415
2013,Ordem pública e segurança não especificada,Governo Central,0.00015542337379902043
2013,Ordem pública e segurança não especificada,Governos Estaduais,5.9487669173796136e-05
2013,Ordem pública e segurança não especificada,Governos Municipais,1.2702408457425899e-05
2013,Ordem pública e segurança não especificada,Coluna de Consolidação,-3.9209521362723815e-06
2013,Ordem pública e segurança não especificada,Governo Geral,0.00022369249929397007
2014,Ordem pública e segurança não especificada,Governo Central,0.00020845066928597766
2014,Ordem pública e segurança não especificada,Governos Estaduais,7.008368840212826e-05
2014,Ordem pública e segurança não especificada,Governos Municipais,7.959395565071598e-06
2014,Ordem pública e segurança não especificada,Coluna de Consolidação,-3.098214012066851e-06
2014,Ordem pública e segurança não especificada,Governo Geral,0.0002833955392411107
2015,Ordem pública e segurança não especificada,Governo Central,0.00016701196174092087
2015,Ordem pública e segurança não especificada,Governos Estaduais,7.47965745429054e-05
2015,Ordem pública e segurança não especificada,Governos Municipais,1.349602346795568e-05
2015,Ordem pública e segurança não especificada,Coluna de Consolidação,-3.7819624181311578e-06
2015,Ordem pública e segurança não especificada,Governo Geral,0.0002515225973336508
2016,Ordem pública e segurança não especificada,Governo Central,0.00016041030652715258
2016,Ordem pública e segurança não especificada,Governos Estaduais,2.882372008409602e-05
2016,Ordem pública e segurança não especificada,Governos Municipais,7.82575017581312e-06
2016,Ordem pública e segurança não especificada,Coluna de Consolidação,-8.503881148048974e-06
2016,Ordem pública e segurança não especificada,Governo Geral,0.00018855589563901274
2017,Ordem pública e segurança não especificada,Governo Central,8.456207790628133e-05
2017,Ordem pública e segurança não especificada,Governos Estaduais,3.187085620879253e-05
2017,Ordem pública e segurança não especificada,Governos Municipais,1.074680615690422e-05
2017,Ordem pública e segurança não especificada,Coluna de Consolidação,-8.178754568654015e-06
2017,Ordem pública e segurança não especificada,Governo Geral,0.00011900098570332408
2018,Ordem pública e segurança não especificada,Governo Central,7.658251683513596e-05
2018,Ordem pública e segurança não especificada,Governos Estaduais,2.9270089416399092e-05
2018,Ordem pública e segurança não especificada,Governos Municipais,5.1351846049427155e-06
2018,Ordem pública e segurança não especificada,Coluna de Consolidação,-6.5976968038902095e-06
2018,Ordem pública e segurança não especificada,Governo Geral,0.00010439009405258756
2019,Ordem pública e segurança não especificada,Governo Central,7.456108369045883e-05
2019,Ordem pública e segurança não especificada,Governos Estaduais,2.8038315175449543e-05
2019,Ordem pública e segurança não especificada,Governos Municipais,6.1062567533228886e-06
2019,Ordem pública e segurança não especificada,Coluna de Consolidação,-6.042769809438108e-06
2019,Ordem pública e segurança não especificada,Governo Geral,0.00010266288580979315
2020,Ordem pública e segurança não especificada,Governo Central,8.173005249725287e-05
2020,Ordem pública e segurança não especificada,Governos Estaduais,4.4377670216504696e-05
2020,Ordem pública e segurança não especificada,Governos Municipais,7.093326805000012e-06
2020,Ordem pública e segurança não especificada,Coluna de Consolidação,-3.920034972800918e-06
2020,Ordem pública e segurança não especificada,Governo Geral,0.00012928101454595667
2021,Ordem pública e segurança não especificada,Governo Central,0.00014076947183818482
2021,Ordem pública e segurança não especificada,Governos Estaduais,3.8612155415088265e-05
2021,Ordem pública e segurança não especificada,Governos Municipais,6.6515708539938306e-06
2021,Ordem pública e segurança não especificada,Coluna de Consolidação,-2.0425157680617192e-05
2021,Ordem pública e segurança não especificada,Governo Geral,0.00016560804042664974
2022,Ordem pública e segurança não especificada,Governo Central,0.0001540894745868937
2022,Ordem pública e segurança não especificada,Governos Estaduais,3.111184255783446e-05
2022,Ordem pública e segurança não especificada,Governos Municipais,7.186403831988086e-06
2022,Ordem pública e segurança não especificada,Coluna de Consolidação,-3.433100831816606e-05
2022,Ordem pública e segurança não especificada,Governo Geral,0.0001580567126585502
2023,Ordem pública e segurança não especificada,Governo Central,0.0001667165971121939
2023,Ordem pública e segurança não especificada,Governos Estaduais,5.3590009766432204e-05
2023,Ordem pública e segurança não especificada,Governos Municipais,7.911699677662589e-06
2023,Ordem pública e segurança não especificada,Coluna de Consolidação,-3.36249786436434e-05
2023,Ordem pública e segurança não especificada,Governo Geral,0.00019459332791264526
2024,Ordem pública e segurança não especificada,Governo Central,0.0001652352846995865
2024,Ordem pública e segurança não especificada,Governos Estaduais,3.826117504477996e-05
2024,Ordem pública e segurança não especificada,Governos Municipais,8.726979937587018e-06
2024,Ordem pública e segurança não especificada,Coluna de Consolidação,-2.9335729912102723e-05
2024,Ordem pública e segurança não especificada,Governo Geral,0.0001828877097698508
2010,Assuntos econômicos,Governo Central,0.012036836056775791
2010,Assuntos econômicos,Governos Estaduais,0.012751367546408116
2010,Assuntos econômicos,Governos Municipais,0.004325153334381674
2010,Assuntos econômicos,Coluna de Consolidação,-0.002114078676545794
2010,Assuntos econômicos,Governo Geral,0.026999278261019787
2011,Assuntos econômicos,Governo Central,0.010742005454746023
2011,Assuntos econômicos,Governos Estaduais,0.009637170782696932
2011,Assuntos econômicos,Governos Municipais,0.004100572262291911
2011,Assuntos econômicos,Coluna de Consolidação,-0.0018327959334661838
2011,Assuntos econômicos,Governo Geral,0.022646952566268683
2012,Assuntos econômicos,Governo Central,0.010251912618253643
2012,Assuntos econômicos,Governos Estaduais,0.00931666250359863
2012,Assuntos econômicos,Governos Municipais,0.004630202159891135
2012,Assuntos econômicos,Coluna de Consolidação,-0.0016972482840830261
2012,Assuntos econômicos,Governo Geral,0.02250152899766038
2013,Assuntos econômicos,Governo Central,0.011704339615246955
2013,Assuntos econômicos,Governos Estaduais,0.011334515297131555
2013,Assuntos econômicos,Governos Municipais,0.0041156609918415335
2013,Assuntos econômicos,Coluna de Consolidação,-0.0007460168225207708
2013,Assuntos econômicos,Governo Geral,0.026408499081699274
2014,Assuntos econômicos,Governo Central,0.01222624343830611
2014,Assuntos econômicos,Governos Estaduais,0.01161212929420967
2014,Assuntos econômicos,Governos Municipais,0.004856429533178211
2014,Assuntos econômicos,Coluna de Consolidação,-0.0010078526863957036
2014,Assuntos econômicos,Governo Geral,0.02768694957929829
2015,Assuntos econômicos,Governo Central,0.01029425676293337
2015,Assuntos econômicos,Governos Estaduais,0.008052796537232678
2015,Assuntos econômicos,Governos Municipais,0.004895505200793204
2015,Assuntos econômicos,Coluna de Consolidação,-0.0007974937922229913
2015,Assuntos econômicos,Governo Geral,0.022445064708736254
2016,Assuntos econômicos,Governo Central,0.010206392315687129
2016,Assuntos econômicos,Governos Estaduais,0.008053176466842263
2016,Assuntos econômicos,Governos Municipais,0.005017936395157659
2016,Assuntos econômicos,Coluna de Consolidação,-0.0012341354891612691
2016,Assuntos econômicos,Governo Geral,0.022043369688525778
2017,Assuntos econômicos,Governo Central,0.008117079973349907
2017,Assuntos econômicos,Governos Estaduais,0.008155112305719721
2017,Assuntos econômicos,Governos Municipais,0.0037942902210055247
2017,Assuntos econômicos,Coluna de Consolidação,-0.0010677573199497168
2017,Assuntos econômicos,Governo Geral,0.01899872518012544
2018,Assuntos econômicos,Governo Central,0.009300739333097118
2018,Assuntos econômicos,Governos Estaduais,0.007989890252651457
2018,Assuntos econômicos,Governos Municipais,0.004372389425634134
2018,Assuntos econômicos,Coluna de Consolidação,-0.0010978664929854852
2018,Assuntos econômicos,Governo Geral,0.020565152518397228
2019,Assuntos econômicos,Governo Central,0.011593976515467105
2019,Assuntos econômicos,Governos Estaduais,0.006410325713043232
2019,Assuntos econômicos,Governos Municipais,0.004403970684416255
2019,Assuntos econômicos,Coluna de Consolidação,-0.0008266602339764684
2019,Assuntos econômicos,Governo Geral,0.021581612678950122
2020,Assuntos econômicos,Governo Central,0.006115244859138477
2020,Assuntos econômicos,Governos Estaduais,0.006378432338265023
2020,Assuntos econômicos,Governos Municipais,0.005534865418921614
2020,Assuntos econômicos,Coluna de Consolidação,-0.0009875854828580645
2020,Assuntos econômicos,Governo Geral,0.01704095713346705
2021,Assuntos econômicos,Governo Central,0.005054204273137247
2021,Assuntos econômicos,Governos Estaduais,0.00738960818219672
2021,Assuntos econômicos,Governos Municipais,0.004461829608692704
2021,Assuntos econômicos,Coluna de Consolidação,-0.0008243983050824943
2021,Assuntos econômicos,Governo Geral,0.016081243758944177
2022,Assuntos econômicos,Governo Central,0.005958457841205658
2022,Assuntos econômicos,Governos Estaduais,0.01115815435210078
2022,Assuntos econômicos,Governos Municipais,0.0059924243647609685
2022,Assuntos econômicos,Coluna de Consolidação,-0.0010216370419183268
2022,Assuntos econômicos,Governo Geral,0.022087399516149082
2023,Assuntos econômicos,Governo Central,0.007045648000078878
2023,Assuntos econômicos,Governos Estaduais,0.009222303712899909
2023,Assuntos econômicos,Governos Municipais,0.006962688020020795
2023,Assuntos econômicos,Coluna de Consolidação,-0.0011197355011940268
2023,Assuntos econômicos,Governo Geral,0.022110904231805558
2024,Assuntos econômicos,Governo Central,0.006302777923702548
2024,Assuntos econômicos,Governos Estaduais,0.00919475009795115
2024,Assuntos econômicos,Governos Municipais,0.008289282687893175
2024,Assuntos econômicos,Coluna de Consolidação,-0.0011719948927828158
2024,Assuntos econômicos,Governo Geral,0.022614815816764056
2010,"Assuntos econômicos, comerciais e trabalhistas em geral",Governo Central,0.0013467987564096287
2010,"Assuntos econômicos, comerciais e trabalhistas em geral",Governos Estaduais,0.0006403301947652732
2010,"Assuntos econômicos, comerciais e trabalhistas em geral",Governos Municipais,0.0003407657729391059
2010,"Assuntos econômicos, comerciais e trabalhistas em geral",Coluna de Consolidação,-0.00014244431643101706
2010,"Assuntos econômicos, comerciais e trabalhistas em geral",Governo Geral,0.0021854504076829905
2011,"Assuntos econômicos, comerciais e trabalhistas em geral",Governo Central,0.0019290018365927507
2011,"Assuntos econômicos, comerciais e trabalhistas em geral",Governos Estaduais,0.0005679301919298486
2011,"Assuntos econômicos, comerciais e trabalhistas em geral",Governos Municipais,0.0003232841114396712
2011,"Assuntos econômicos, comerciais e trabalhistas em geral",Coluna de Consolidação,-0.00011746055851832483
2011,"Assuntos econômicos, comerciais e trabalhistas em geral",Governo Geral,0.0027027555814439453
2012,"Assuntos econômicos, comerciais e trabalhistas em geral",Governo Central,0.0018613988341853731
2012,"Assuntos econômicos, comerciais e trabalhistas em geral",Governos Estaduais,0.000588892778721352
2012,"Assuntos econômicos, comerciais e trabalhistas em geral",Governos Municipais,0.0003043800463261702
2012,"Assuntos econômicos, comerciais e trabalhistas em geral",Coluna de Consolidação,-0.00015088236761150653
2012,"Assuntos econômicos, comerciais e trabalhistas em geral",Governo Geral,0.002603789291621389
2013,"Assuntos econômicos, comerciais e trabalhistas em geral",Governo Central,0.0018156070176734782
2013,"Assuntos econômicos, comerciais e trabalhistas em geral",Governos Estaduais,0.0005861527762984079
2013,"Assuntos econômicos, comerciais e trabalhistas em geral",Governos Municipais,0.0008910130972622243
2013,"Assuntos econômicos, comerciais e trabalhistas em geral",Coluna de Consolidação,-0.00010722638403786334
2013,"Assuntos econômicos, comerciais e trabalhistas em geral",Governo Geral,0.003185546507196247
2014,"Assuntos econômicos, comerciais e trabalhistas em geral",Governo Central,0.0020054047578071457
2014,"Assuntos econômicos, comerciais e trabalhistas em geral",Governos Estaduais,0.000583346757278068
2014,"Assuntos econômicos, comerciais e trabalhistas em geral",Governos Municipais,0.0007366492283298789
2014,"Assuntos econômicos, comerciais e trabalhistas em geral",Coluna de Consolidação,-0.00012357968754557764
2014,"Assuntos econômicos, comerciais e trabalhistas em geral",Governo Geral,0.003201821055869515
2015,"Assuntos econômicos, comerciais e trabalhistas em geral",Governo Central,0.0025871388179501843
2015,"Assuntos econômicos, comerciais e trabalhistas em geral",Governos Estaduais,0.0004563604542780501
2015,"Assuntos econômicos, comerciais e trabalhistas em geral",Governos Municipais,0.0008505226438076245
2015,"Assuntos econômicos, comerciais e trabalhistas em geral",Coluna de Consolidação,-9.108965096112162e-05
2015,"Assuntos econômicos, comerciais e trabalhistas em geral",Governo Geral,0.003802932265074738
2016,"Assuntos econômicos, comerciais e trabalhistas em geral",Governo Central,0.002421098704198929
2016,"Assuntos econômicos, comerciais e trabalhistas em geral",Governos Estaduais,0.0005991906805003325
2016,"Assuntos econômicos, comerciais e trabalhistas em geral",Governos Municipais,0.0008678875704745423
2016,"Assuntos econômicos, comerciais e trabalhistas em geral",Coluna de Consolidação,-0.00012736751462388206
2016,"Assuntos econômicos, comerciais e trabalhistas em geral",Governo Geral,0.0037608094405499224
2017,"Assuntos econômicos, comerciais e trabalhistas em geral",Governo Central,0.0019599475940404692
2017,"Assuntos econômicos, comerciais e trabalhistas em geral",Governos Estaduais,0.0005864676005479103
2017,"Assuntos econômicos, comerciais e trabalhistas em geral",Governos Municipais,0.0007189543853642773
2017,"Assuntos econômicos, comerciais e trabalhistas em geral",Coluna de Consolidação,-0.00010534207319083335
2017,"Assuntos econômicos, comerciais e trabalhistas em geral",Governo Geral,0.003160027506761823
2018,"Assuntos econômicos, comerciais e trabalhistas em geral",Governo Central,0.001714689886287104
2018,"Assuntos econômicos, comerciais e trabalhistas em geral",Governos Estaduais,0.0006738056195982424
2018,"Assuntos econômicos, comerciais e trabalhistas em geral",Governos Municipais,0.000761180388366671
2018,"Assuntos econômicos, comerciais e trabalhistas em geral",Coluna de Consolidação,-0.00012832061376516347
2018,"Assuntos econômicos, comerciais e trabalhistas em geral",Governo Geral,0.0030213552804868537
2019,"Assuntos econômicos, comerciais e trabalhistas em geral",Governo Central,0.0011882600442485922
2019,"Assuntos econômicos, comerciais e trabalhistas em geral",Governos Estaduais,0.0005507060635553891
2019,"Assuntos econômicos, comerciais e trabalhistas em geral",Governos Municipais,0.00029071928782842726
2019,"Assuntos econômicos, comerciais e trabalhistas em geral",Coluna de Consolidação,-0.00010351718922623533
2019,"Assuntos econômicos, comerciais e trabalhistas em geral",Governo Geral,0.0019261682064061732
2020,"Assuntos econômicos, comerciais e trabalhistas em geral",Governo Central,0.0008477143890246572
2020,"Assuntos econômicos, comerciais e trabalhistas em geral",Governos Estaduais,0.0005360561448635164
2020,"Assuntos econômicos, comerciais e trabalhistas em geral",Governos Municipais,0.0003337035708248164
2020,"Assuntos econômicos, comerciais e trabalhistas em geral",Coluna de Consolidação,-0.00011349105285574401
2020,"Assuntos econômicos, comerciais e trabalhistas em geral",Governo Geral,0.0016039830518572462
2021,"Assuntos econômicos, comerciais e trabalhistas em geral",Governo Central,0.0006574838976024169
2021,"Assuntos econômicos, comerciais e trabalhistas em geral",Governos Estaduais,0.0006160929504091082
2021,"Assuntos econômicos, comerciais e trabalhistas em geral",Governos Municipais,0.0003042602790625944
2021,"Assuntos econômicos, comerciais e trabalhistas em geral",Coluna de Consolidação,-0.0001598472991263993
2021,"Assuntos econômicos, comerciais e trabalhistas em geral",Governo Geral,0.0014179898279477203
2022,"Assuntos econômicos, comerciais e trabalhistas em geral",Governo Central,0.0006999351831108087
2022,"Assuntos econômicos, comerciais e trabalhistas em geral",Governos Estaduais,0.0006532084146021072
2022,"Assuntos econômicos, comerciais e trabalhistas em geral",Governos Municipais,0.00033306600646571205
2022,"Assuntos econômicos, comerciais e trabalhistas em geral",Coluna de Consolidação,-6.960681811623196e-05
2022,"Assuntos econômicos, comerciais e trabalhistas em geral",Governo Geral,0.0016166027860623961
2023,"Assuntos econômicos, comerciais e trabalhistas em geral",Governo Central,0.0007476047137633687
2023,"Assuntos econômicos, comerciais e trabalhistas em geral",Governos Estaduais,0.0005410495925298687
2023,"Assuntos econômicos, comerciais e trabalhistas em geral",Governos Municipais,0.00038062666042899373
2023,"Assuntos econômicos, comerciais e trabalhistas em geral",Coluna de Consolidação,-0.00016404878928609734
2023,"Assuntos econômicos, comerciais e trabalhistas em geral",Governo Geral,0.001505232177436134
2024,"Assuntos econômicos, comerciais e trabalhistas em geral",Governo Central,0.0006551040684556049
2024,"Assuntos econômicos, comerciais e trabalhistas em geral",Governos Estaduais,0.0004956232486869899
2024,"Assuntos econômicos, comerciais e trabalhistas em geral",Governos Municipais,0.0004059696798308781
2024,"Assuntos econômicos, comerciais e trabalhistas em geral",Coluna de Consolidação,-7.002778428009097e-05
2024,"Assuntos econômicos, comerciais e trabalhistas em geral",Governo Geral,0.001486669212693382
2010,"Agricultura, silvicultura, pesca e caça",Governo Central,0.0028919820841108892
2010,"Agricultura, silvicultura, pesca e caça",Governos Estaduais,0.0013416483683509918
2010,"Agricultura, silvicultura, pesca e caça",Governos Municipais,0.0003542833089217555
2010,"Agricultura, silvicultura, pesca e caça",Coluna de Consolidação,-0.0003497238608086697
2010,"Agricultura, silvicultura, pesca e caça",Governo Geral,0.004238189900574967
2011,"Agricultura, silvicultura, pesca e caça",Governo Central,0.0028426824073476426
2011,"Agricultura, silvicultura, pesca e caça",Governos Estaduais,0.0011358658980272515
2011,"Agricultura, silvicultura, pesca e caça",Governos Municipais,0.0003396410521051739
2011,"Agricultura, silvicultura, pesca e caça",Coluna de Consolidação,-0.00039469700166779725
2011,"Agricultura, silvicultura, pesca e caça",Governo Geral,0.003923492355812271
2012,"Agricultura, silvicultura, pesca e caça",Governo Central,0.0028862781526980074
2012,"Agricultura, silvicultura, pesca e caça",Governos Estaduais,0.00128008115340233
2012,"Agricultura, silvicultura, pesca e caça",Governos Municipais,0.00038506494192107365
2012,"Agricultura, silvicultura, pesca e caça",Coluna de Consolidação,-0.00029530345595016826
2012,"Agricultura, silvicultura, pesca e caça",Governo Geral,0.004256120792071243
2013,"Agricultura, silvicultura, pesca e caça",Governo Central,0.003099288572921375
2013,"Agricultura, silvicultura, pesca e caça",Governos Estaduais,0.001293449110385402
2013,"Agricultura, silvicultura, pesca e caça",Governos Municipais,0.00036009794562291795
2013,"Agricultura, silvicultura, pesca e caça",Coluna de Consolidação,-0.00020416888541786578
2013,"Agricultura, silvicultura, pesca e caça",Governo Geral,0.004548666743511829
2014,"Agricultura, silvicultura, pesca e caça",Governo Central,0.0031427266754094764
2014,"Agricultura, silvicultura, pesca e caça",Governos Estaduais,0.0013730774163561714
2014,"Agricultura, silvicultura, pesca e caça",Governos Municipais,0.0004794243944919404
2014,"Agricultura, silvicultura, pesca e caça",Coluna de Consolidação,-0.00029935002150741595
2014,"Agricultura, silvicultura, pesca e caça",Governo Geral,0.004695878464750172
2015,"Agricultura, silvicultura, pesca e caça",Governo Central,0.0030672631766973193
2015,"Agricultura, silvicultura, pesca e caça",Governos Estaduais,0.001089886896290533
2015,"Agricultura, silvicultura, pesca e caça",Governos Municipais,0.0005217438002648377
2015,"Agricultura, silvicultura, pesca e caça",Coluna de Consolidação,-0.00021691295655632082
2015,"Agricultura, silvicultura, pesca e caça",Governo Geral,0.00446198091669637
2016,"Agricultura, silvicultura, pesca e caça",Governo Central,0.003255629284434625
2016,"Agricultura, silvicultura, pesca e caça",Governos Estaduais,0.001197339501776627
2016,"Agricultura, silvicultura, pesca e caça",Governos Municipais,0.00043487096986250684
2016,"Agricultura, silvicultura, pesca e caça",Coluna de Consolidação,-0.0002671929242999047
2016,"Agricultura, silvicultura, pesca e caça",Governo Geral,0.004620646831773855
2017,"Agricultura, silvicultura, pesca e caça",Governo Central,0.0026644446805508845
2017,"Agricultura, silvicultura, pesca e caça",Governos Estaduais,0.0012096955461687344
2017,"Agricultura, silvicultura, pesca e caça",Governos Municipais,0.0004371189985451235
2017,"Agricultura, silvicultura, pesca e caça",Coluna de Consolidação,-0.00021856487757703164
2017,"Agricultura, silvicultura, pesca e caça",Governo Geral,0.004092694347687711
2018,"Agricultura, silvicultura, pesca e caça",Governo Central,0.0023834993941828342
2018,"Agricultura, silvicultura, pesca e caça",Governos Estaduais,0.001279242629843625
2018,"Agricultura, silvicultura, pesca e caça",Governos Municipais,0.0005036184822931782
2018,"Agricultura, silvicultura, pesca e caça",Coluna de Consolidação,-0.00025789854889458853
2018,"Agricultura, silvicultura, pesca e caça",Governo Geral,0.003908461957425049
2019,"Agricultura, silvicultura, pesca e caça",Governo Central,0.002217320773429819
2019,"Agricultura, silvicultura, pesca e caça",Governos Estaduais,0.0010832910305908592
2019,"Agricultura, silvicultura, pesca e caça",Governos Municipais,0.0004748859786546093
2019,"Agricultura, silvicultura, pesca e caça",Coluna de Consolidação,-0.00018462348384635076
2019,"Agricultura, silvicultura, pesca e caça",Governo Geral,0.003590874298828937
2020,"Agricultura, silvicultura, pesca e caça",Governo Central,0.002016816380612885
2020,"Agricultura, silvicultura, pesca e caça",Governos Estaduais,0.0009887091922130503
2020,"Agricultura, silvicultura, pesca e caça",Governos Municipais,0.0005059601464683098
2020,"Agricultura, silvicultura, pesca e caça",Coluna de Consolidação,-0.00023443278598290714
2020,"Agricultura, silvicultura, pesca e caça",Governo Geral,0.0032770529333113374
2021,"Agricultura, silvicultura, pesca e caça",Governo Central,0.0019443587394356659
2021,"Agricultura, silvicultura, pesca e caça",Governos Estaduais,0.001003508958951599
2021,"Agricultura, silvicultura, pesca e caça",Governos Municipais,0.00047041466833099525
2021,"Agricultura, silvicultura, pesca e caça",Coluna de Consolidação,-0.00020973306990374434
2021,"Agricultura, silvicultura, pesca e caça",Governo Geral,0.0032085492968145163
2022,"Agricultura, silvicultura, pesca e caça",Governo Central,0.0025183950960339587
2022,"Agricultura, silvicultura, pesca e caça",Governos Estaduais,0.0013114843019767877
2022,"Agricultura, silvicultura, pesca e caça",Governos Municipais,0.000664330238765155
2022,"Agricultura, silvicultura, pesca e caça",Coluna de Consolidação,-0.0002634608076948594
2022,"Agricultura, silvicultura, pesca e caça",Governo Geral,0.004230748829081043
2023,"Agricultura, silvicultura, pesca e caça",Governo Central,0.002837812140485071
2023,"Agricultura, silvicultura, pesca e caça",Governos Estaduais,0.0010433338011618038
2023,"Agricultura, silvicultura, pesca e caça",Governos Municipais,0.0006407908591419956
2023,"Agricultura, silvicultura, pesca e caça",Coluna de Consolidação,-0.00029171646342188954
2023,"Agricultura, silvicultura, pesca e caça",Governo Geral,0.0042302203373669805
2024,"Agricultura, silvicultura, pesca e caça",Governo Central,0.0021407189340038528
2024,"Agricultura, silvicultura, pesca e caça",Governos Estaduais,0.0010785130737854642
2024,"Agricultura, silvicultura, pesca e caça",Governos Municipais,0.0006574255241269335
2024,"Agricultura, silvicultura, pesca e caça",Coluna de Consolidação,-0.00021148587971355558
2024,"Agricultura, silvicultura, pesca e caça",Governo Geral,0.0036651716522026947
2010,Combustíveis e energia,Governo Central,0.0004997212776294415
2010,Combustíveis e energia,Governos Estaduais,2.5377390858809065e-05
2010,Combustíveis e energia,Governos Municipais,1.9394264326619872e-07
2010,Combustíveis e energia,Coluna de Consolidação,-3.4741650097306537e-06
2010,Combustíveis e energia,Governo Geral,0.0005218184461217861
2011,Combustíveis e energia,Governo Central,0.0004668602580447217
2011,Combustíveis e energia,Governos Estaduais,2.4587861180332832e-05
2011,Combustíveis e energia,Governos Municipais,1.8615395423948018e-07
2011,Combustíveis e energia,Coluna de Consolidação,-5.6229734312092325e-06
2011,Combustíveis e energia,Governo Geral,0.0004860112997480848
2012,Combustíveis e energia,Governo Central,0.0005282758413489124
2012,Combustíveis e energia,Governos Estaduais,2.7668694718915797e-05
2012,Combustíveis e energia,Governos Municipais,1.9965482415077122e-07
2012,Combustíveis e energia,Coluna de Consolidação,-2.797039769588172e-06
2012,Combustíveis e energia,Governo Geral,0.0005533471511223908
2013,Combustíveis e energia,Governo Central,0.002089177818673106
2013,Combustíveis e energia,Governos Estaduais,3.6024396519857434e-05
2013,Combustíveis e energia,Governos Municipais,2.7561635207169756e-07
2013,Combustíveis e energia,Coluna de Consolidação,-3.623792244222884e-06
2013,Combustíveis e energia,Governo Geral,0.0021218540393008124
2014,Combustíveis e energia,Governo Central,0.002357124530776551
2014,Combustíveis e energia,Governos Estaduais,2.5882209612637957e-05
2014,Combustíveis e energia,Governos Municipais,6.820272557362836e-06
2014,Combustíveis e energia,Coluna de Consolidação,-3.2596746157949364e-06
2014,Combustíveis e energia,Governo Geral,0.002386567338330757
2015,Combustíveis e energia,Governo Central,0.0006786584288709297
2015,Combustíveis e energia,Governos Estaduais,1.171269204219117e-05
2015,Combustíveis e energia,Governos Municipais,1.16386563916238e-06
2015,Combustíveis e energia,Coluna de Consolidação,-2.478617786235299e-06
2015,Combustíveis e energia,Governo Geral,0.0006890563687660479
2016,Combustíveis e energia,Governo Central,0.0006398858639211731
2016,Combustíveis e energia,Governos Estaduais,2.7809932815806963e-05
2016,Combustíveis e energia,Governos Municipais,1.4453378885502239e-06
2016,Combustíveis e energia,Coluna de Consolidação,-2.7537924652133844e-06
2016,Combustíveis e energia,Governo Geral,0.0006663873421603168
2017,Combustíveis e energia,Governo Central,0.0005479373470136961
2017,Combustíveis e energia,Governos Estaduais,4.7573040868364086e-05
2017,Combustíveis e energia,Governos Municipais,5.2691808687517036e-06
2017,Combustíveis e energia,Coluna de Consolidação,-2.610328482697071e-06
2017,Combustíveis e energia,Governo Geral,0.0005981692402681148
2018,Combustíveis e energia,Governo Central,0.0015295827119184355
2018,Combustíveis e energia,Governos Estaduais,2.3051837777578146e-05
2018,Combustíveis e energia,Governos Municipais,5.4230242581427065e-06
2018,Combustíveis e energia,Coluna de Consolidação,-2.3600877241153104e-06
2018,Combustíveis e energia,Governo Geral,0.001555697486230041
2019,Combustíveis e energia,Governo Central,0.00542384532976196
2019,Combustíveis e energia,Governos Estaduais,1.1465671635479193e-05
2019,Combustíveis e energia,Governos Municipais,4.489599570714831e-06
2019,Combustíveis e energia,Coluna de Consolidação,-3.399427035870341e-06
2019,Combustíveis e energia,Governo Geral,0.005436401173932283
2020,Combustíveis e energia,Governo Central,0.0006214813791779167
2020,Combustíveis e energia,Governos Estaduais,2.3943823920113943e-06
2020,Combustíveis e energia,Governos Municipais,5.0752883672998685e-06
2020,Combustíveis e energia,Coluna de Consolidação,-2.7422902553197764e-06
2020,Combustíveis e energia,Governo Geral,0.0006262087596819082
2021,Combustíveis e energia,Governo Central,0.00045497345988817556
2021,Combustíveis e energia,Governos Estaduais,4.576529546107914e-06
2021,Combustíveis e energia,Governos Municipais,4.660489061409162e-06
2021,Combustíveis e energia,Coluna de Consolidação,-2.2165697479673533e-06
2021,Combustíveis e energia,Governo Geral,0.0004619939087477253
2022,Combustíveis e energia,Governo Central,0.0004025106516123923
2022,Combustíveis e energia,Governos Estaduais,1.865754741238127e-05
2022,Combustíveis e energia,Governos Municipais,5.274164876488406e-06
2022,Combustíveis e energia,Coluna de Consolidação,-2.4709330459996385e-06
2022,Combustíveis e energia,Governo Geral,0.0004239714308552624
2023,Combustíveis e energia,Governo Central,0.0005291785013218487
2023,Combustíveis e energia,Governos Estaduais,0.00018415887651355428
2023,Combustíveis e energia,Governos Municipais,4.897484214956912e-06
2023,Combustíveis e energia,Coluna de Consolidação,-3.0508610538388044e-06
2023,Combustíveis e energia,Governo Geral,0.0007151840009965211
2024,Combustíveis e energia,Governo Central,0.00037686512166127637
2024,Combustíveis e energia,Governos Estaduais,1.8038729492249697e-05
2024,Combustíveis e energia,Governos Municipais,5.2566883773741765e-06
2024,Combustíveis e energia,Coluna de Consolidação,-2.5165322209553866e-06
2024,Combustíveis e energia,Governo Geral,0.0003976440073099448
2010,"Mineração, indústria e construção",Governo Central,0.00012527852611552638
2010,"Mineração, indústria e construção",Governos Estaduais,6.562334993270428e-05
2010,"Mineração, indústria e construção",Governos Municipais,0.0001319939937650691
2010,"Mineração, indústria e construção",Coluna de Consolidação,-3.892076936101671e-05
2010,"Mineração, indústria e construção",Governo Geral,0.00028397510045228305
2011,"Mineração, indústria e construção",Governo Central,0.00013270590505339968
2011,"Mineração, indústria e construção",Governos Estaduais,6.08351365296934e-05
2011,"Mineração, indústria e construção",Governos Municipais,7.970148950653527e-05
2011,"Mineração, indústria e construção",Coluna de Consolidação,-3.046717802911248e-06
2011,"Mineração, indústria e construção",Governo Geral,0.0002701958132867171
2012,"Mineração, indústria e construção",Governo Central,0.00012663357055310874
2012,"Mineração, indústria e construção",Governos Estaduais,5.0191390177824485e-05
2012,"Mineração, indústria e construção",Governos Municipais,8.33652655526031e-05
2012,"Mineração, indústria e construção",Coluna de Consolidação,-3.595466545434873e-06
2012,"Mineração, indústria e construção",Governo Geral,0.00025659475973810144
2013,"Mineração, indústria e construção",Governo Central,0.000122743722632051
2013,"Mineração, indústria e construção",Governos Estaduais,5.9332416076102765e-05
2013,"Mineração, indústria e construção",Governos Municipais,4.525992030814414e-05
2013,"Mineração, indústria e construção",Coluna de Consolidação,-4.507871839615559e-06
2013,"Mineração, indústria e construção",Governo Geral,0.00022282818717668233
2014,"Mineração, indústria e construção",Governo Central,0.00013591521736183566
2014,"Mineração, indústria e construção",Governos Estaduais,5.9367372437975137e-05
2014,"Mineração, indústria e construção",Governos Municipais,4.80679557333989e-05
2014,"Mineração, indústria e construção",Coluna de Consolidação,-1.0509875168922157e-05
2014,"Mineração, indústria e construção",Governo Geral,0.00023284067036428757
2015,"Mineração, indústria e construção",Governo Central,0.00012112447621524104
2015,"Mineração, indústria e construção",Governos Estaduais,3.665190395347792e-05
2015,"Mineração, indústria e construção",Governos Municipais,6.612454663429196e-05
2015,"Mineração, indústria e construção",Coluna de Consolidação,-2.0308328185393634e-06
2015,"Mineração, indústria e construção",Governo Geral,0.00022187009398447153
2016,"Mineração, indústria e construção",Governo Central,0.00011865066587866964
2016,"Mineração, indústria e construção",Governos Estaduais,2.5591392558209303e-05
2016,"Mineração, indústria e construção",Governos Municipais,5.2836455017648004e-05
2016,"Mineração, indústria e construção",Coluna de Consolidação,-4.7455199881899416e-07
2016,"Mineração, indústria e construção",Governo Geral,0.00019660396145570796
2017,"Mineração, indústria e construção",Governo Central,0.00011762196874419594
2017,"Mineração, indústria e construção",Governos Estaduais,2.7441624433053208e-05
2017,"Mineração, indústria e construção",Governos Municipais,3.8107164822096814e-05
2017,"Mineração, indústria e construção",Coluna de Consolidação,-4.129455502846423e-07
2017,"Mineração, indústria e construção",Governo Geral,0.00018275781244906134
2018,"Mineração, indústria e construção",Governo Central,0.0001092820901708936
2018,"Mineração, indústria e construção",Governos Estaduais,2.9315695728164647e-05
2018,"Mineração, indústria e construção",Governos Municipais,3.8597493642498436e-05
2018,"Mineração, indústria e construção",Coluna de Consolidação,-3.1851749024460906e-07
2018,"Mineração, indústria e construção",Governo Geral,0.00017687676205131205
2019,"Mineração, indústria e construção",Governo Central,9.948293219383843e-05
2019,"Mineração, indústria e construção",Governos Estaduais,2.335260144576872e-05
2019,"Mineração, indústria e construção",Governos Municipais,3.44286572667969e-05
2019,"Mineração, indústria e construção",Coluna de Consolidação,-1.6790059848605851e-07
2019,"Mineração, indústria e construção",Governo Geral,0.000157096290307918
2020,"Mineração, indústria e construção",Governo Central,9.257393446941982e-05
2020,"Mineração, indústria e construção",Governos Estaduais,3.260796000409373e-05
2020,"Mineração, indústria e construção",Governos Municipais,2.738503767425992e-05
2020,"Mineração, indústria e construção",Coluna de Consolidação,-9.171396508084925e-09
2020,"Mineração, indústria e construção",Governo Geral,0.0001525577607512654
2021,"Mineração, indústria e construção",Governo Central,7.716672600467395e-05
2021,"Mineração, indústria e construção",Governos Estaduais,4.2365485020527415e-05
2021,"Mineração, indústria e construção",Governos Municipais,2.346698536390491e-05
2021,"Mineração, indústria e construção",Coluna de Consolidação,-7.864634781173332e-09
2021,"Mineração, indústria e construção",Governo Geral,0.0001429913317543251
2022,"Mineração, indústria e construção",Governo Central,7.729705222743332e-05
2022,"Mineração, indústria e construção",Governos Estaduais,0.00010579028478485613
2022,"Mineração, indústria e construção",Governos Municipais,3.7201217215537e-05
2022,"Mineração, indústria e construção",Coluna de Consolidação,-9.070630305043716e-08
2022,"Mineração, indústria e construção",Governo Geral,0.00022019784792477599
2023,"Mineração, indústria e construção",Governo Central,7.53757556038894e-05
2023,"Mineração, indústria e construção",Governos Estaduais,5.745463919407367e-05
2023,"Mineração, indústria e construção",Governos Municipais,3.7972058009914934e-05
2023,"Mineração, indústria e construção",Coluna de Consolidação,-1.0216190994734016e-08
2023,"Mineração, indústria e construção",Governo Geral,0.00017079223661688325
2024,"Mineração, indústria e construção",Governo Central,7.742078931871559e-05
2024,"Mineração, indústria e construção",Governos Estaduais,6.485190529242638e-05
2024,"Mineração, indústria e construção",Governos Municipais,3.9868437638718286e-05
2024,"Mineração, indústria e construção",Coluna de Consolidação,-2.455728171170397e-06
2024,"Mineração, indústria e construção",Governo Geral,0.00017968540407868987
2010,Transportes,Governo Central,0.005339485983260575
2010,Transportes,Governos Estaduais,0.009721594083048627
2010,Transportes,Governos Municipais,0.0031771026130149576
2010,Transportes,Coluna de Consolidação,-0.001145869508949159
2010,Transportes,Governo Geral,0.017092313170375
2011,Transportes,Governo Central,0.004499511622980358
2011,Transportes,Governos Estaduais,0.007046807510054645
2011,Transportes,Governos Municipais,0.003011147206701422
2011,Transportes,Coluna de Consolidação,-0.0010356385687381802
2011,Transportes,Governo Geral,0.013521827770998243
2012,Transportes,Governo Central,0.0035223586172705313
2012,Transportes,Governos Estaduais,0.006356645304724972
2012,Transportes,Governos Municipais,0.0034801250702893955
2012,Transportes,Coluna de Consolidação,-0.0008587092707636337
2012,Transportes,Governo Geral,0.012500419721521265
2013,Transportes,Governo Central,0.0030510791049228755
2013,Transportes,Governos Estaduais,0.008384788909621561
2013,Transportes,Governos Municipais,0.002553936546529673
2013,Transportes,Coluna de Consolidação,-0.00023228249935012743
2013,Transportes,Governo Geral,0.013757522061723981
2014,Transportes,Governo Central,0.003698163388715779
2014,Transportes,Governos Estaduais,0.008591965395997887
2014,Transportes,Governos Municipais,0.003278957163584343
2014,Transportes,Coluna de Consolidação,-0.0003623390466154989
2014,Transportes,Governo Geral,0.01520674690168251
2015,Transportes,Governo Central,0.0022358879364532055
2015,Transportes,Governos Estaduais,0.005692463717167884
2015,Transportes,Governos Municipais,0.003174079526070287
2015,Transportes,Coluna de Consolidação,-0.0003008744671739348
2015,Transportes,Governo Geral,0.010801556712517441
2016,Transportes,Governo Central,0.002275530113048164
2016,Transportes,Governos Estaduais,0.00526807373046934
2016,Transportes,Governos Municipais,0.0034115722494552285
2016,Transportes,Coluna de Consolidação,-0.0006391442328180945
2016,Transportes,Governo Geral,0.010316031860154638
2017,Transportes,Governo Central,0.0013649631798372149
2017,Transportes,Governos Estaduais,0.005355772770525189
2017,Transportes,Governos Municipais,0.0023916109933032215
2017,Transportes,Coluna de Consolidação,-0.0005863285079138529
2017,Transportes,Governo Geral,0.008526018435751773
2018,Transportes,Governo Central,0.002088129800049951
2018,Transportes,Governos Estaduais,0.00502308567294515
2018,Transportes,Governos Municipais,0.002846914341063938
2018,Transportes,Coluna de Consolidação,-0.0005037208907821166
2018,Transportes,Governo Geral,0.009454408923276923
2019,Transportes,Governo Central,0.0013963806148779099
2019,Transportes,Governos Estaduais,0.00391355827226143
2019,Transportes,Governos Municipais,0.003330766753722143
2019,Transportes,Coluna de Consolidação,-0.00036189447819091246
2019,Transportes,Governo Geral,0.00827881116267057
2020,Transportes,Governo Central,0.0011194668290527593
2020,Transportes,Governos Estaduais,0.004092834419934055
2020,Transportes,Governos Municipais,0.004437260970040131
2020,Transportes,Coluna de Consolidação,-0.0003503521197737339
2020,Transportes,Governo Geral,0.009299210099253212
2021,Transportes,Governo Central,0.0008838707541673694
2021,Transportes,Governos Estaduais,0.005019602226764849
2021,Transportes,Governos Municipais,0.0034661385214520774
2021,Transportes,Coluna de Consolidação,-0.00021907996671889548
2021,Transportes,Governo Geral,0.009150531535665401
2022,Transportes,Governo Central,0.0011004512304393132
2022,Transportes,Governos Estaduais,0.00825474385199686
2022,Transportes,Governos Municipais,0.004628464061979911
2022,Transportes,Coluna de Consolidação,-0.000439419383694318
2022,Transportes,Governo Geral,0.013544239760721768
2023,Transportes,Governo Central,0.0017859401177510454
2023,Transportes,Governos Estaduais,0.006519309609268737
2023,Transportes,Governos Municipais,0.005485081147997538
2023,Transportes,Coluna de Consolidação,-0.0005450816713931403
2023,Transportes,Governo Geral,0.01324524920362418
2024,Transportes,Governo Central,0.0019843999150243917
2024,Transportes,Governos Estaduais,0.006629392260626127
2024,Transportes,Governos Municipais,0.006713249178374244
2024,Transportes,Coluna de Consolidação,-0.0008155273653621081
2024,Transportes,Governo Geral,0.014511513988662654
2010,Comunicações,Governo Central,4.446229110854189e-05
2010,Comunicações,Governos Estaduais,1.6556548604277378e-05
2010,Comunicações,Governos Municipais,2.5674289844414524e-05
2010,Comunicações,Coluna de Consolidação,0.0
2010,Comunicações,Governo Geral,8.669312955723379e-05
2011,Comunicações,Governo Central,-0.0006569101169107425
2011,Comunicações,Governos Estaduais,1.3884243159131373e-05
2011,Comunicações,Governos Municipais,6.647510158089175e-05
2011,Comunicações,Coluna de Consolidação,0.0
2011,Comunicações,Governo Geral,-0.0005765507721707194
2012,Comunicações,Governo Central,-0.00022028845439658846
2012,Comunicações,Governos Estaduais,1.5606846418915188e-05
2012,Comunicações,Governos Municipais,4.658497561162117e-05
2012,Comunicações,Coluna de Consolidação,0.0
2012,Comunicações,Governo Geral,-0.00015809663236605209
2013,Comunicações,Governo Central,-0.0002629304291619582
2013,Comunicações,Governos Estaduais,1.6529843897935616e-05
2013,Comunicações,Governos Municipais,5.011068112709596e-05
2013,Comunicações,Coluna de Consolidação,-5.489293492660868e-06
2013,Comunicações,Governo Geral,-0.0002017791976295875
2014,Comunicações,Governo Central,-0.0009034004949575186
2014,Comunicações,Governos Estaduais,1.4923160512467297e-05
2014,Comunicações,Governos Municipais,3.715866547159662e-05
2014,Comunicações,Coluna de Consolidação,-3.4608345144821665e-07
2014,Comunicações,Governo Geral,-0.0008516647524249029
2015,Comunicações,Governo Central,-0.0002863199621900118
2015,Comunicações,Governos Estaduais,1.0609935721266348e-05
2015,Comunicações,Governos Municipais,5.049634785774209e-05
2015,Comunicações,Coluna de Consolidação,0.0
2015,Comunicações,Governo Geral,-0.00022521367861100334
2016,Comunicações,Governo Central,-0.0001294180596779575
2016,Comunicações,Governos Estaduais,4.693115617576558e-05
2016,Comunicações,Governos Municipais,2.8836000312522926e-05
2016,Comunicações,Coluna de Consolidação,0.0
2016,Comunicações,Governo Geral,-5.365090318966898e-05
2017,Comunicações,Governo Central,-1.54859908714059e-05
2017,Comunicações,Governos Estaduais,4.916522059088885e-05
2017,Comunicações,Governos Municipais,3.3980812949544016e-05
2017,Comunicações,Coluna de Consolidação,0.0
2017,Comunicações,Governo Geral,6.766004266902698e-05
2018,Comunicações,Governo Central,3.942917620079385e-05
2018,Comunicações,Governos Estaduais,4.639982844331849e-05
2018,Comunicações,Governos Municipais,3.6135958348929984e-05
2018,Comunicações,Coluna de Consolidação,0.0
2018,Comunicações,Governo Geral,0.00012196496299304231
2019,Comunicações,Governo Central,-6.888098697365888e-05
2019,Comunicações,Governos Estaduais,4.572461813962588e-05
2019,Comunicações,Governos Municipais,4.227765093836314e-05
2019,Comunicações,Coluna de Consolidação,0.0
2019,Comunicações,Governo Geral,1.912128210433014e-05
2020,Comunicações,Governo Central,9.401847300794798e-05
2020,Comunicações,Governos Estaduais,2.4485669417599268e-05
2020,Comunicações,Governos Municipais,3.2329546317431996e-05
2020,Comunicações,Coluna de Consolidação,0.0
2020,Comunicações,Governo Geral,0.00015083368874297925
2021,Comunicações,Governo Central,-0.00010722951557373652
2021,Comunicações,Governos Estaduais,1.6017631301354551e-06
2021,Comunicações,Governos Municipais,3.013845009841041e-05
2021,Comunicações,Coluna de Consolidação,-1.0526450501315476e-08
2021,Comunicações,Governo Geral,-7.549982879569198e-05
2022,Comunicações,Governo Central,2.2867263148900683e-05
2022,Comunicações,Governos Estaduais,3.2574155739934345e-06
2022,Comunicações,Governos Municipais,4.459658855340833e-05
2022,Comunicações,Coluna de Consolidação,-4.531067369141891e-07
2022,Comunicações,Governo Geral,7.026816053938827e-05
2023,Comunicações,Governo Central,9.284773931955885e-05
2023,Comunicações,Governos Estaduais,1.3426926914165426e-06
2023,Comunicações,Governos Municipais,4.907768070978084e-05
2023,Comunicações,Coluna de Consolidação,0.0
2023,Comunicações,Governo Geral,0.00014326811272075623
2024,Comunicações,Governo Central,7.90208597935493e-05
2024,Comunicações,Governos Estaduais,1.1696450870003216e-06
2024,Comunicações,Governos Municipais,4.4328957576135335e-05
2024,Comunicações,Coluna de Consolidação,0.0
2024,Comunicações,Governo Geral,0.00012451946245668497
2010,Outros setores,Governo Central,0.0004789632814071542
2010,Outros setores,Governos Estaduais,0.00034156436298146334
2010,Outros setores,Governos Municipais,0.0002723701176278362
2010,Outros setores,Coluna de Consolidação,-0.00035707673513843044
2010,Outros setores,Governo Geral,0.0007358210268780236
2011,Outros setores,Governo Central,0.0003116342078972024
2011,Outros setores,Governos Estaduais,0.00024322199117806034
2011,Outros setores,Governos Municipais,0.00026751584497482797
2011,Outros setores,Coluna de Consolidação,-0.00021545613714347737
2011,Outros setores,Governo Geral,0.0006069159069066134
2012,Outros setores,Governo Central,0.000388130543715339
2012,Outros setores,Governos Estaduais,0.00035030489898517657
2012,Outros setores,Governos Municipais,0.00030886538092274985
2012,Outros setores,Coluna de Consolidação,-0.0003389069748498638
2012,Outros setores,Governo Geral,0.0007083938487734017
2013,Outros setores,Governo Central,0.00023870293217501402
2013,Outros setores,Governos Estaduais,0.00029889789151268004
2013,Outros setores,Governos Municipais,0.00019952583333357788
2013,Outros setores,Coluna de Consolidação,-0.00015675299849361764
2013,Outros setores,Governo Geral,0.0005803736585276543
2014,Outros setores,Governo Central,0.00021774224551421835
2014,Outros setores,Governos Estaduais,0.00034151945026985903
2014,Outros setores,Governos Municipais,0.00024568650665255564
2014,Outros setores,Coluna de Consolidação,-0.00018274511823776333
2014,Outros setores,Governo Geral,0.0006222030841988698
2015,Outros setores,Governo Central,0.000225696673665154
2015,Outros setores,Governos Estaduais,0.00019672734539029699
2015,Outros setores,Governos Municipais,0.0002053582207646609
2015,Outros setores,Coluna de Consolidação,-0.00015356885944508252
2015,Outros setores,Governo Geral,0.00047421338037502946
2016,Outros setores,Governo Central,0.00022857910791496713
2016,Outros setores,Governos Estaduais,0.00015886996627807997
2016,Outros setores,Governos Municipais,0.00020033066436284843
2016,Outros setores,Coluna de Consolidação,-0.0001646058404179859
2016,Outros setores,Governo Geral,0.0004231738981379097
2017,Outros setores,Governo Central,0.00019326835482566792
2017,Outros setores,Governos Estaduais,0.0001671851478756761
2017,Outros setores,Governos Municipais,0.00015441115532940786
2017,Outros setores,Coluna de Consolidação,-0.00012849221451993574
2017,Outros setores,Governo Geral,0.0003863724435108161
2018,Outros setores,Governo Central,0.00018633439899166357
2018,Outros setores,Governos Estaduais,0.0001817788872195542
2018,Outros setores,Governos Municipais,0.0001676648017349886
2018,Outros setores,Coluna de Consolidação,-0.00013285756745374163
2018,Outros setores,Governo Geral,0.0004029205204924648
2019,Outros setores,Governo Central,0.00016808942567277495
2019,Outros setores,Governos Estaduais,0.0001391525895745856
2019,Outros setores,Governos Municipais,0.00019322762883819104
2019,Outros setores,Coluna de Consolidação,-0.00011353156414793229
2019,Outros setores,Governo Geral,0.0003869380799376193
2020,Outros setores,Governo Central,0.00023604382864599537
2020,Outros setores,Governos Estaduais,0.00016948704144361106
2020,Outros setores,Governos Municipais,0.00016413275090804868
2020,Outros setores,Coluna de Consolidação,-0.00017524860640865048
2020,Outros setores,Governo Geral,0.0003944150145890046
2021,Outros setores,Governo Central,0.00013291937618216688
2021,Outros setores,Governos Estaduais,0.00022082768436677727
2021,Outros setores,Governos Municipais,0.00013502977777503765
2021,Outros setores,Coluna de Consolidação,-0.00012335961872329986
2021,Outros setores,Governo Geral,0.000365417219600682
2022,Outros setores,Governo Central,0.00010634736994842362
2022,Outros setores,Governos Estaduais,0.00023140055106970182
2022,Outros setores,Governos Municipais,0.00023810583317838106
2022,Outros setores,Coluna de Consolidação,-0.00011579995879888097
2022,Outros setores,Governo Geral,0.00046005379539762557
2023,Outros setores,Governo Central,9.400604831892225e-05
2023,Outros setores,Governos Estaduais,0.00024941051895825277
2023,Outros setores,Governos Municipais,0.0003234761495030396
2023,Outros setores,Coluna de Consolidação,-0.0001101017415169652
2023,Outros setores,Governo Geral,0.0005567909752632494
2024,Outros setores,Governo Central,8.358421193674302e-05
2024,Outros setores,Governos Estaduais,0.00029870205577940695
2024,Outros setores,Governos Municipais,0.00038075386171082255
2024,Outros setores,Coluna de Consolidação,-6.558595566405274e-05
2024,Outros setores,Governo Geral,0.0006974541737629198
2010,Pesquisa e desenvolvimento de assuntos econômicos,Governo Central,0.001250425777877673
2010,Pesquisa e desenvolvimento de assuntos econômicos,Governos Estaduais,0.0005406363136725812
2010,Pesquisa e desenvolvimento de assuntos econômicos,Governos Municipais,2.276929562526943e-05
2010,Pesquisa e desenvolvimento de assuntos econômicos,Coluna de Consolidação,-4.942470711788819e-05
2010,Pesquisa e desenvolvimento de assuntos econômicos,Governo Geral,0.0017644066800576355
2011,Pesquisa e desenvolvimento de assuntos econômicos,Governo Central,0.0011606781825390451
2011,Pesquisa e desenvolvimento de assuntos econômicos,Governos Estaduais,0.0004953374177052732
2011,Pesquisa e desenvolvimento de assuntos econômicos,Governos Municipais,1.2621302029148943e-05
2011,Pesquisa e desenvolvimento de assuntos econômicos,Coluna de Consolidação,-3.51697897801975e-05
2011,Pesquisa e desenvolvimento de assuntos econômicos,Governo Geral,0.0016334671124932701
2012,Pesquisa e desenvolvimento de assuntos econômicos,Governo Central,0.0011132130614220249
2012,Pesquisa e desenvolvimento de assuntos econômicos,Governos Estaduais,0.0006027373708405086
2012,Pesquisa e desenvolvimento de assuntos econômicos,Governos Municipais,2.1616824443370508e-05
2012,Pesquisa e desenvolvimento de assuntos econômicos,Coluna de Consolidação,-3.16952172901193e-05
2012,Pesquisa e desenvolvimento de assuntos econômicos,Governo Geral,0.0017058720394157849
2013,Pesquisa e desenvolvimento de assuntos econômicos,Governo Central,0.0014889178623725683
2013,Pesquisa e desenvolvimento de assuntos econômicos,Governos Estaduais,0.0005970914768085498
2013,Pesquisa e desenvolvimento de assuntos econômicos,Governos Municipais,1.544135130582849e-05
2013,Pesquisa e desenvolvimento de assuntos econômicos,Coluna de Consolidação,-1.941221263308323e-05
2013,Pesquisa e desenvolvimento de assuntos econômicos,Governo Geral,0.002082038477853863
2014,Pesquisa e desenvolvimento de assuntos econômicos,Governo Central,0.0015147412359160436
2014,Pesquisa e desenvolvimento de assuntos econômicos,Governos Estaduais,0.0005743037053503956
2014,Pesquisa e desenvolvimento de assuntos econômicos,Governos Municipais,2.3665346357134387e-05
2014,Pesquisa e desenvolvimento de assuntos econômicos,Coluna de Consolidação,-1.942149339733766e-05
2014,Pesquisa e desenvolvimento de assuntos econômicos,Governo Geral,0.002093288794226236
2015,Pesquisa e desenvolvimento de assuntos econômicos,Governo Central,0.001585965103142516
2015,Pesquisa e desenvolvimento de assuntos econômicos,Governos Estaduais,0.0005155615589111105
2015,Pesquisa e desenvolvimento de assuntos econômicos,Governos Municipais,2.6016249754597584e-05
2015,Pesquisa e desenvolvimento de assuntos econômicos,Coluna de Consolidação,-1.5435071394059498e-05
2015,Pesquisa e desenvolvimento de assuntos econômicos,Governo Geral,0.0021121078404141647
2016,Pesquisa e desenvolvimento de assuntos econômicos,Governo Central,0.0013135418879181508
2016,Pesquisa e desenvolvimento de assuntos econômicos,Governos Estaduais,0.0006782881080697191
2016,Pesquisa e desenvolvimento de assuntos econômicos,Governos Municipais,2.0157147783811847e-05
2016,Pesquisa e desenvolvimento de assuntos econômicos,Coluna de Consolidação,-1.6996034139257605e-05
2016,Pesquisa e desenvolvimento de assuntos econômicos,Governo Geral,0.001994991109632424
2017,Pesquisa e desenvolvimento de assuntos econômicos,Governo Central,0.0011716688722907208
2017,Pesquisa e desenvolvimento de assuntos econômicos,Governos Estaduais,0.0006632396462868296
2017,Pesquisa e desenvolvimento de assuntos econômicos,Governos Municipais,1.4837529823101492e-05
2017,Pesquisa e desenvolvimento de assuntos econômicos,Coluna de Consolidação,-1.4271285089175028e-05
2017,Pesquisa e desenvolvimento de assuntos econômicos,Governo Geral,0.0018354747633114769
2018,Pesquisa e desenvolvimento de assuntos econômicos,Governo Central,0.0011090835273195807
2018,Pesquisa e desenvolvimento de assuntos econômicos,Governos Estaduais,0.0006717159198323306
2018,Pesquisa e desenvolvimento de assuntos econômicos,Governos Municipais,1.2854935925788003e-05
2018,Pesquisa e desenvolvimento de assuntos econômicos,Coluna de Consolidação,-1.4705061228336138e-05
2018,Pesquisa e desenvolvimento de assuntos econômicos,Governo Geral,0.0017789493218493633
2019,Pesquisa e desenvolvimento de assuntos econômicos,Governo Central,0.0010816852698820353
2019,Pesquisa e desenvolvimento de assuntos econômicos,Governos Estaduais,0.0006054049169556134
2019,Pesquisa e desenvolvimento de assuntos econômicos,Governos Municipais,1.3758605643994006e-05
2019,Pesquisa e desenvolvimento de assuntos econômicos,Coluna de Consolidação,-1.0488695714266928e-05
2019,Pesquisa e desenvolvimento de assuntos econômicos,Governo Geral,0.001690360096767376
2020,Pesquisa e desenvolvimento de assuntos econômicos,Governo Central,0.000903656686389113
2020,Pesquisa e desenvolvimento de assuntos econômicos,Governos Estaduais,0.00048656542974425353
2020,Pesquisa e desenvolvimento de assuntos econômicos,Governos Municipais,1.239303660941095e-05
2020,Pesquisa e desenvolvimento de assuntos econômicos,Coluna de Consolidação,-7.153613200346051e-06
2020,Pesquisa e desenvolvimento de assuntos econômicos,Governo Geral,0.0013954615395424315
2021,Pesquisa e desenvolvimento de assuntos econômicos,Governo Central,0.0007637428994984496
2021,Pesquisa e desenvolvimento de assuntos econômicos,Governos Estaduais,0.00044701334592257537
2021,Pesquisa e desenvolvimento de assuntos econômicos,Governos Municipais,1.2247980743582317e-05
2021,Pesquisa e desenvolvimento de assuntos econômicos,Coluna de Consolidação,-2.343459353357604e-06
2021,Pesquisa e desenvolvimento de assuntos econômicos,Governo Geral,0.0012206607668112496
2022,Pesquisa e desenvolvimento de assuntos econômicos,Governo Central,0.0007007771536842255
2022,Pesquisa e desenvolvimento de assuntos econômicos,Governos Estaduais,0.0005372067061734956
2022,Pesquisa e desenvolvimento de assuntos econômicos,Governos Municipais,2.586417524353056e-05
2022,Pesquisa e desenvolvimento de assuntos econômicos,Coluna de Consolidação,-2.9617348384348056e-06
2022,Pesquisa e desenvolvimento de assuntos econômicos,Governo Geral,0.001260886300262817
2023,Pesquisa e desenvolvimento de assuntos econômicos,Governo Central,0.0008813231256958315
2023,Pesquisa e desenvolvimento de assuntos econômicos,Governos Estaduais,0.0005874458006205367
2023,Pesquisa e desenvolvimento de assuntos econômicos,Governos Municipais,2.4431659808097475e-05
2023,Pesquisa e desenvolvimento de assuntos econômicos,Coluna de Consolidação,-5.560042908162698e-06
2023,Pesquisa e desenvolvimento de assuntos econômicos,Governo Geral,0.001487640543216303
2024,Pesquisa e desenvolvimento de assuntos econômicos,Governo Central,0.0009036533629815957
2024,Pesquisa e desenvolvimento de assuntos econômicos,Governos Estaduais,0.000587000490770937
2024,Pesquisa e desenvolvimento de assuntos econômicos,Governos Municipais,2.5116932694935443e-05
2024,Pesquisa e desenvolvimento de assuntos econômicos,Coluna de Consolidação,-4.395175166464991e-06
2024,Pesquisa e desenvolvimento de assuntos econômicos,Governo Geral,0.0015113756112810032
2010,Assuntos econômicos não especificados,Governo Central,5.97180788563583e-05
2010,Assuntos econômicos não especificados,Governos Estaduais,5.803693419338936e-05
2010,Assuntos econômicos não especificados,Governos Municipais,0.0
2010,Assuntos econômicos não especificados,Coluna de Consolidação,-2.714461372988198e-05
2010,Assuntos econômicos não especificados,Governo Geral,9.06103993198657e-05
2011,Assuntos econômicos não especificados,Governo Central,5.5841151201647024e-05
2011,Assuntos econômicos não especificados,Governos Estaduais,4.870053293269506e-05
2011,Assuntos econômicos não especificados,Governos Municipais,0.0
2011,Assuntos econômicos não especificados,Coluna de Consolidação,-2.5704186384086584e-05
2011,Assuntos econômicos não especificados,Governo Geral,7.88374977502555e-05
2012,Assuntos econômicos não especificados,Governo Central,4.591245145693273e-05
2012,Assuntos econômicos não especificados,Governos Estaduais,4.4534065608636184e-05
2012,Assuntos econômicos não especificados,Governos Municipais,0.0
2012,Assuntos econômicos não especificados,Coluna de Consolidação,-1.5358491302711382e-05
2012,Assuntos econômicos não especificados,Governo Geral,7.508802576285753e-05
2013,Assuntos econômicos não especificados,Governo Central,6.175301303844642e-05
2013,Assuntos econômicos não especificados,Governos Estaduais,6.22484760110595e-05
2013,Assuntos econômicos não especificados,Governos Municipais,0.0
2013,Assuntos econômicos não especificados,Coluna de Consolidação,-1.2552885011714153e-05
2013,Assuntos econômicos não especificados,Governo Geral,0.00011144860403779176
2014,Assuntos econômicos não especificados,Governo Central,5.782588176257933e-05
2014,Assuntos econômicos não especificados,Governos Estaduais,4.7743826394205765e-05
2014,Assuntos econômicos não especificados,Governos Municipais,0.0
2014,Assuntos econômicos não especificados,Coluna de Consolidação,-6.301685855944737e-06
2014,Assuntos econômicos não especificados,Governo Geral,9.926802230084035e-05
2015,Assuntos econômicos não especificados,Governo Central,7.884211212882957e-05
2015,Assuntos econômicos não especificados,Governos Estaduais,4.282203347786758e-05
2015,Assuntos econômicos não especificados,Governos Municipais,0.0
2015,Assuntos econômicos não especificados,Coluna de Consolidação,-1.5103336087697383e-05
2015,Assuntos econômicos não especificados,Governo Geral,0.00010656080951899975
2016,Assuntos econômicos não especificados,Governo Central,8.289474805040626e-05
2016,Assuntos econômicos não especificados,Governos Estaduais,5.1081998198384675e-05
2016,Assuntos econômicos não especificados,Governos Municipais,0.0
2016,Assuntos econômicos não especificados,Coluna de Consolidação,-1.5600598398111854e-05
2016,Assuntos econômicos não especificados,Governo Geral,0.00011837614785067908
2017,Assuntos econômicos não especificados,Governo Central,0.00011271396691846484
2017,Assuntos econômicos não especificados,Governos Estaduais,4.857170842307617e-05
2017,Assuntos econômicos não especificados,Governos Municipais,0.0
2017,Assuntos econômicos não especificados,Coluna de Consolidação,-1.1735087625906575e-05
2017,Assuntos econômicos não especificados,Governo Geral,0.00014955058771563446
2018,Assuntos econômicos não especificados,Governo Central,0.00014070834797586229
2018,Assuntos econômicos não especificados,Governos Estaduais,6.149416126349334e-05
2018,Assuntos econômicos não especificados,Governos Municipais,0.0
2018,Assuntos econômicos não especificados,Coluna de Consolidação,-5.768520564717881e-05
2018,Assuntos econômicos não especificados,Governo Geral,0.0001445173035921768
2019,Assuntos econômicos não especificados,Governo Central,8.779311237383637e-05
2019,Assuntos econômicos não especificados,Governos Estaduais,3.766994888448119e-05
2019,Assuntos econômicos não especificados,Governos Municipais,1.941652195301532e-05
2019,Assuntos econômicos não especificados,Coluna de Consolidação,-4.903749521641425e-05
2019,Assuntos econômicos não especificados,Governo Geral,9.584208799491865e-05
2020,Assuntos econômicos não especificados,Governo Central,0.0001834729587577833
2020,Assuntos econômicos não especificados,Governos Estaduais,4.529209825283274e-05
2020,Assuntos econômicos não especificados,Governos Municipais,1.6625071711906816e-05
2020,Assuntos econômicos não especificados,Coluna de Consolidação,-0.00010415584298485509
2020,Assuntos econômicos não especificados,Governo Geral,0.00014123428573766778
2021,Assuntos econômicos não especificados,Governo Central,0.00024691793593206534
2021,Assuntos econômicos não especificados,Governos Estaduais,3.4019238085041585e-05
2021,Assuntos econômicos não especificados,Governos Municipais,1.5472456804692373e-05
2021,Assuntos econômicos não especificados,Coluna de Consolidação,-0.00010779993042354783
2021,Assuntos econômicos não especificados,Governo Geral,0.0001886097003982515
2022,Assuntos econômicos não especificados,Governo Central,0.00032987684100020247
2022,Assuntos econômicos não especificados,Governos Estaduais,4.240527851059597e-05
2022,Assuntos econômicos não especificados,Governos Municipais,1.5522078482844167e-05
2022,Assuntos econômicos não especificados,Coluna de Consolidação,-0.00012737359268963743
2022,Assuntos econômicos não especificados,Governo Geral,0.0002604306053040052
2023,Assuntos econômicos não especificados,Governo Central,1.559857819343255e-06
2023,Assuntos econômicos não especificados,Governos Estaduais,3.879818196166536e-05
2023,Assuntos econômicos não especificados,Governos Municipais,1.6334320206478435e-05
2023,Assuntos econômicos não especificados,Coluna de Consolidação,-1.6571542293816527e-07
2023,Assuntos econômicos não especificados,Governo Geral,5.6526644564548885e-05
2024,Assuntos econômicos não especificados,Governo Central,2.0106605268173375e-06
2024,Assuntos econômicos não especificados,Governos Estaduais,2.1458688430549106e-05
2024,Assuntos econômicos não especificados,Governos Municipais,1.7313427563132748e-05
2024,Assuntos econômicos não especificados,Coluna de Consolidação,-4.722044176149933e-10
2024,Assuntos econômicos não especificados,Governo Geral,4.0782304316081574e-05
2010,Proteção ambiental,Governo Central,0.001542728451181377
2010,Proteção ambiental,Governos Estaduais,0.0010484114040936123
2010,Proteção ambiental,Governos Municipais,0.004144065498053447
2010,Proteção ambiental,Coluna de Consolidação,-0.0005279643120042467
2010,Proteção ambiental,Governo Geral,0.006207241041324189
2011,Proteção ambiental,Governo Central,0.0011290446674492435
2011,Proteção ambiental,Governos Estaduais,0.0008494109251162905
2011,Proteção ambiental,Governos Municipais,0.004192162978702976
2011,Proteção ambiental,Coluna de Consolidação,-0.0004228875340955451
2011,Proteção ambiental,Governo Geral,0.005747731037172964
2012,Proteção ambiental,Governo Central,0.0012073864822849804
2012,Proteção ambiental,Governos Estaduais,0.0008710990053440808
2012,Proteção ambiental,Governos Municipais,0.004127927128689627
2012,Proteção ambiental,Coluna de Consolidação,-0.0005415252240939931
2012,Proteção ambiental,Governo Geral,0.005664887392224695
2013,Proteção ambiental,Governo Central,0.0010390874756405716
2013,Proteção ambiental,Governos Estaduais,0.0010001395050083651
2013,Proteção ambiental,Governos Municipais,0.0037787889780220955
2013,Proteção ambiental,Coluna de Consolidação,-0.0003874012159702451
2013,Proteção ambiental,Governo Geral,0.0054306147427007866
2014,Proteção ambiental,Governo Central,0.000929389292396065
2014,Proteção ambiental,Governos Estaduais,0.0010246606680857054
2014,Proteção ambiental,Governos Municipais,0.003990873303926491
2014,Proteção ambiental,Coluna de Consolidação,-0.0003060944480871557
2014,Proteção ambiental,Governo Geral,0.0056388288163211064
2015,Proteção ambiental,Governo Central,0.0007655428946140482
2015,Proteção ambiental,Governos Estaduais,0.0008284379241671678
2015,Proteção ambiental,Governos Municipais,0.003934618657979078
2015,Proteção ambiental,Coluna de Consolidação,-0.00023529855383435397
2015,Proteção ambiental,Governo Geral,0.0052933009229259404
2016,Proteção ambiental,Governo Central,0.000820460826984932
2016,Proteção ambiental,Governos Estaduais,0.0008021085529666156
2016,Proteção ambiental,Governos Municipais,0.004091773545780707
2016,Proteção ambiental,Coluna de Consolidação,-0.0003461106692342163
2016,Proteção ambiental,Governo Geral,0.005368232256498038
2017,Proteção ambiental,Governo Central,0.0007246777767049243
2017,Proteção ambiental,Governos Estaduais,0.0008102329731833134
2017,Proteção ambiental,Governos Municipais,0.0038045390984461276
2017,Proteção ambiental,Coluna de Consolidação,-0.00026576675006585845
2017,Proteção ambiental,Governo Geral,0.005073683098268507
2018,Proteção ambiental,Governo Central,0.0005769665922583647
2018,Proteção ambiental,Governos Estaduais,0.0008139637706029622
2018,Proteção ambiental,Governos Municipais,0.004021995885974601
2018,Proteção ambiental,Coluna de Consolidação,-0.00020822926740902384
2018,Proteção ambiental,Governo Geral,0.005204696981426905
2019,Proteção ambiental,Governo Central,0.0005827150737902205
2019,Proteção ambiental,Governos Estaduais,0.0006363150883418418
2019,Proteção ambiental,Governos Municipais,0.003657651790129856
2019,Proteção ambiental,Coluna de Consolidação,-0.00020561308186273558
2019,Proteção ambiental,Governo Geral,0.004671068870399184
2020,Proteção ambiental,Governo Central,0.0005527475715102917
2020,Proteção ambiental,Governos Estaduais,0.0006368189575376889
2020,Proteção ambiental,Governos Municipais,0.003800749633589365
2020,Proteção ambiental,Coluna de Consolidação,-0.0002808656455357941
2020,Proteção ambiental,Governo Geral,0.004709450517101552
2021,Proteção ambiental,Governo Central,0.0003495866929468737
2021,Proteção ambiental,Governos Estaduais,0.0005997024389881771
2021,Proteção ambiental,Governos Municipais,0.003431593170543859
2021,Proteção ambiental,Coluna de Consolidação,-0.0001329337821936869
2021,Proteção ambiental,Governo Geral,0.004247948520285223
2022,Proteção ambiental,Governo Central,0.00032346570991923353
2022,Proteção ambiental,Governos Estaduais,0.0008059725213313573
2022,Proteção ambiental,Governos Municipais,0.0037512921812060244
2022,Proteção ambiental,Coluna de Consolidação,-0.00011608486513756232
2022,Proteção ambiental,Governo Geral,0.0047646455473190534
2023,Proteção ambiental,Governo Central,0.0002718212612379079
2023,Proteção ambiental,Governos Estaduais,0.0006325995275455542
2023,Proteção ambiental,Governos Municipais,0.0041342727750677
2023,Proteção ambiental,Coluna de Consolidação,-7.741892327832754e-05
2023,Proteção ambiental,Governo Geral,0.004961274640572834
2024,Proteção ambiental,Governo Central,0.0002989824276143925
2024,Proteção ambiental,Governos Estaduais,0.0008421756314041347
2024,Proteção ambiental,Governos Municipais,0.004511408700649879
2024,Proteção ambiental,Coluna de Consolidação,-9.148330849609826e-05
2024,Proteção ambiental,Governo Geral,0.005561083451172308
2010,Gestão de resíduos,Governo Central,6.916610098423455e-06
2010,Gestão de resíduos,Governos Estaduais,0.00014873503807893873
2010,Gestão de resíduos,Governos Municipais,0.0024738834962482756
2010,Gestão de resíduos,Coluna de Consolidação,-5.781291954976425e-06
2010,Gestão de resíduos,Governo Geral,0.0026237538524706617
2011,Gestão de resíduos,Governo Central,2.0516769981002675e-05
2011,Gestão de resíduos,Governos Estaduais,0.00012542317660841598
2011,Gestão de resíduos,Governos Municipais,0.0025887281963477542
2011,Gestão de resíduos,Coluna de Consolidação,-1.778244858204353e-05
2011,Gestão de resíduos,Governo Geral,0.002716885694355129
2012,Gestão de resíduos,Governo Central,3.523609021693275e-05
2012,Gestão de resíduos,Governos Estaduais,0.00012238532218113653
2012,Gestão de resíduos,Governos Municipais,0.0027172917078184615
2012,Gestão de resíduos,Coluna de Consolidação,-2.635174925080459e-05
2012,Gestão de resíduos,Governo Geral,0.002848561370965726
2013,Gestão de resíduos,Governo Central,1.5280932280738454e-05
2013,Gestão de resíduos,Governos Estaduais,0.00012418108409726806
2013,Gestão de resíduos,Governos Municipais,0.0025998016269251083
2013,Gestão de resíduos,Coluna de Consolidação,-1.41797005305591e-05
2013,Gestão de resíduos,Governo Geral,0.0027250839427725554
2014,Gestão de resíduos,Governo Central,1.2744909981079701e-05
2014,Gestão de resíduos,Governos Estaduais,0.00011732537135698103
2014,Gestão de resíduos,Governos Municipais,0.0026399526488422877
2014,Gestão de resíduos,Coluna de Consolidação,-1.070739462705643e-05
2014,Gestão de resíduos,Governo Geral,0.002759315535553292
2015,Gestão de resíduos,Governo Central,8.002829572196333e-06
2015,Gestão de resíduos,Governos Estaduais,0.00012565856930733276
2015,Gestão de resíduos,Governos Municipais,0.0026680471497218484
2015,Gestão de resíduos,Coluna de Consolidação,-8.620055607924983e-06
2015,Gestão de resíduos,Governo Geral,0.0027930884929934525
2016,Gestão de resíduos,Governo Central,6.1275230161766714e-06
2016,Gestão de resíduos,Governos Estaduais,0.000103311895691146
2016,Gestão de resíduos,Governos Municipais,0.002802718130614529
2016,Gestão de resíduos,Coluna de Consolidação,-1.1156002897386239e-05
2016,Gestão de resíduos,Governo Geral,0.0029010015464244654
2017,Gestão de resíduos,Governo Central,3.3411555726672215e-06
2017,Gestão de resíduos,Governos Estaduais,0.00010001675887969781
2017,Gestão de resíduos,Governos Municipais,0.0026317511806531234
2017,Gestão de resíduos,Coluna de Consolidação,-1.1297389791743915e-05
2017,Gestão de resíduos,Governo Geral,0.0027238117053137445
2018,Gestão de resíduos,Governo Central,5.5657551412219565e-06
2018,Gestão de resíduos,Governos Estaduais,0.00010192348847662778
2018,Gestão de resíduos,Governos Municipais,0.002807707554779381
2018,Gestão de resíduos,Coluna de Consolidação,-1.3857212224043653e-05
2018,Gestão de resíduos,Governo Geral,0.002901339586173187
2019,Gestão de resíduos,Governo Central,3.4454748632665607e-06
2019,Gestão de resíduos,Governos Estaduais,9.165355443593077e-05
2019,Gestão de resíduos,Governos Municipais,0.0022670004866672563
2019,Gestão de resíduos,Coluna de Consolidação,-1.2525453538891442e-05
2019,Gestão de resíduos,Governo Geral,0.0023495740624275624
2020,Gestão de resíduos,Governo Central,3.062793958502187e-06
2020,Gestão de resíduos,Governos Estaduais,0.00010025199387486382
2020,Gestão de resíduos,Governos Municipais,0.0023499702120924654
2020,Gestão de resíduos,Coluna de Consolidação,-1.5174372503700175e-05
2020,Gestão de resíduos,Governo Geral,0.002438110627422131
2021,Gestão de resíduos,Governo Central,2.396261931038656e-06
2021,Gestão de resíduos,Governos Estaduais,7.740975587550497e-05
2021,Gestão de resíduos,Governos Municipais,0.002166750773730401
2021,Gestão de resíduos,Coluna de Consolidação,-1.2153174859330859e-05
2021,Gestão de resíduos,Governo Geral,0.002234403616677614
2022,Gestão de resíduos,Governo Central,4.703681570258036e-06
2022,Gestão de resíduos,Governos Estaduais,8.431982845524389e-05
2022,Gestão de resíduos,Governos Municipais,0.002240525012322826
2022,Gestão de resíduos,Coluna de Consolidação,-1.2152591047525336e-05
2022,Gestão de resíduos,Governo Geral,0.0023173959313008024
2023,Gestão de resíduos,Governo Central,6.943560173413277e-07
2023,Gestão de resíduos,Governos Estaduais,0.000100446821791743
2023,Gestão de resíduos,Governos Municipais,0.0024512794164893667
2023,Gestão de resíduos,Coluna de Consolidação,-1.158296462593201e-05
2023,Gestão de resíduos,Governo Geral,0.0025408376296725188
2024,Gestão de resíduos,Governo Central,1.8728956893510353e-06
2024,Gestão de resíduos,Governos Estaduais,0.0001022904102265083
2024,Gestão de resíduos,Governos Municipais,0.0026548338829542454
2024,Gestão de resíduos,Coluna de Consolidação,-1.2076094029345834e-05
2024,Gestão de resíduos,Governo Geral,0.0027469210948407588
2010,Gestão de águas residuais,Governo Central,0.0011507432498262925
2010,Gestão de águas residuais,Governos Estaduais,0.0003698015025671609
2010,Gestão de águas residuais,Governos Municipais,0.0011574497904097345
2010,Gestão de águas residuais,Coluna de Consolidação,-0.0004977407940535518
2010,Gestão de águas residuais,Governo Geral,0.0021802537487496357
2011,Gestão de águas residuais,Governo Central,0.0007341246245956964
2011,Gestão de águas residuais,Governos Estaduais,0.000295650360472515
2011,Gestão de águas residuais,Governos Municipais,0.0010786774552458825
2011,Gestão de águas residuais,Coluna de Consolidação,-0.0003910520283936902
2011,Gestão de águas residuais,Governo Geral,0.0017174004119204038
2012,Gestão de águas residuais,Governo Central,0.000790615377609472
2012,Gestão de águas residuais,Governos Estaduais,0.0002663903696590643
2012,Gestão de águas residuais,Governos Municipais,0.000879636198840153
2012,Gestão de águas residuais,Coluna de Consolidação,-0.0005030267162884134
2012,Gestão de águas residuais,Governo Geral,0.001433615229820276
2013,Gestão de águas residuais,Governo Central,0.0006404028603804617
2013,Gestão de águas residuais,Governos Estaduais,0.0003323020412491389
2013,Gestão de águas residuais,Governos Municipais,0.0006984704177738473
2013,Gestão de águas residuais,Coluna de Consolidação,-0.0003643737239244987
2013,Gestão de águas residuais,Governo Geral,0.0013068015954789494
2014,Gestão de águas residuais,Governo Central,0.0005586883945734114
2014,Gestão de águas residuais,Governos Estaduais,0.0003462443185710475
2014,Gestão de águas residuais,Governos Municipais,0.0006833001975881155
2014,Gestão de águas residuais,Coluna de Consolidação,-0.0002868987825244991
2014,Gestão de águas residuais,Governo Geral,0.0013013341282080751
2015,Gestão de águas residuais,Governo Central,0.00038391905628486754
2015,Gestão de águas residuais,Governos Estaduais,0.000244961656594049
2015,Gestão de águas residuais,Governos Municipais,0.0006904261472577981
2015,Gestão de águas residuais,Coluna de Consolidação,-0.00021394439051273327
2015,Gestão de águas residuais,Governo Geral,0.0011053624696239813
2016,Gestão de águas residuais,Governo Central,0.0004743679059824763
2016,Gestão de águas residuais,Governos Estaduais,0.00021416253650344898
2016,Gestão de águas residuais,Governos Municipais,0.0006854416915379625
2016,Gestão de águas residuais,Coluna de Consolidação,-0.0003128460321595562
2016,Gestão de águas residuais,Governo Geral,0.0010611261018643318
2017,Gestão de águas residuais,Governo Central,0.00036631215318108174
2017,Gestão de águas residuais,Governos Estaduais,0.00022868405949538558
2017,Gestão de águas residuais,Governos Municipais,0.0006178053738127034
2017,Gestão de águas residuais,Coluna de Consolidação,-0.00023615674702114444
2017,Gestão de águas residuais,Governo Geral,0.0009766448394680262
2018,Gestão de águas residuais,Governo Central,0.00029475597182886955
2018,Gestão de águas residuais,Governos Estaduais,0.00022804163359829434
2018,Gestão de águas residuais,Governos Municipais,0.0006671170470446159
2018,Gestão de águas residuais,Coluna de Consolidação,-0.00018413767834063395
2018,Gestão de águas residuais,Governo Geral,0.0010057769741311459
2019,Gestão de águas residuais,Governo Central,0.0002824431479797039
2019,Gestão de águas residuais,Governos Estaduais,0.0001236395892156593
2019,Gestão de águas residuais,Governos Municipais,0.0006722928417486313
2019,Gestão de águas residuais,Coluna de Consolidação,-0.00018073574340669347
2019,Gestão de águas residuais,Governo Geral,0.000897639835537301
2020,Gestão de águas residuais,Governo Central,0.00026944932263887894
2020,Gestão de águas residuais,Governos Estaduais,0.0001348250832571866
2020,Gestão de águas residuais,Governos Municipais,0.0006989440782217895
2020,Gestão de águas residuais,Coluna de Consolidação,-0.00022001918640376426
2020,Gestão de águas residuais,Governo Geral,0.0008831992977140908
2021,Gestão de águas residuais,Governo Central,0.00014674433445844494
2021,Gestão de águas residuais,Governos Estaduais,0.0002009900709854684
2021,Gestão de águas residuais,Governos Municipais,0.0005858204086020304
2021,Gestão de águas residuais,Coluna de Consolidação,-0.00010566194300597171
2021,Gestão de águas residuais,Governo Geral,0.000827892871039972
2022,Gestão de águas residuais,Governo Central,0.00012904404477151628
2022,Gestão de águas residuais,Governos Estaduais,0.0003116691843109792
2022,Gestão de águas residuais,Governos Municipais,0.0007275338676434607
2022,Gestão de águas residuais,Coluna de Consolidação,-8.759794958279005e-05
2022,Gestão de águas residuais,Governo Geral,0.0010806491471431663
2023,Gestão de águas residuais,Governo Central,5.833479411395774e-05
2023,Gestão de águas residuais,Governos Estaduais,0.00019063491829088107
2023,Gestão de águas residuais,Governos Municipais,0.0008067048498440686
2023,Gestão de águas residuais,Coluna de Consolidação,-4.3557608697224145e-05
2023,Gestão de águas residuais,Governo Geral,0.0010121169535516833
2024,Gestão de águas residuais,Governo Central,6.715304761051991e-05
2024,Gestão de águas residuais,Governos Estaduais,0.00023186049680638097
2024,Gestão de águas residuais,Governos Municipais,0.0008907997345514997
2024,Gestão de águas residuais,Coluna de Consolidação,-4.9514554004896436e-05
2024,Gestão de águas residuais,Governo Geral,0.001140298724963504
2010,Redução da poluição,Governo Central,3.567984424137681e-06
2010,Redução da poluição,Governos Estaduais,5.1602033781884386e-05
2010,Redução da poluição,Governos Municipais,1.965328958689077e-05
2010,Redução da poluição,Coluna de Consolidação,0.0
2010,Redução da poluição,Governo Geral,7.482330779291283e-05
2011,Redução da poluição,Governo Central,1.3821685465761751e-05
2011,Redução da poluição,Governos Estaduais,4.4237527537883586e-05
2011,Redução da poluição,Governos Municipais,5.791679331047075e-06
2011,Redução da poluição,Coluna de Consolidação,-5.270372654594984e-06
2011,Redução da poluição,Governo Geral,5.858051968009743e-05
2012,Redução da poluição,Governo Central,1.2445709728947872e-05
2012,Redução da poluição,Governos Estaduais,5.243228072518049e-05
2012,Redução da poluição,Governos Municipais,9.564179447266373e-07
2012,Redução da poluição,Coluna de Consolidação,-1.2566908631913811e-06
2012,Redução da poluição,Governo Geral,6.45777175356636e-05
2013,Redução da poluição,Governo Central,1.7816561199636367e-05
2013,Redução da poluição,Governos Estaduais,5.69195876026098e-05
2013,Redução da poluição,Governos Municipais,4.612908469891211e-06
2013,Redução da poluição,Coluna de Consolidação,-1.9945161124123432e-07
2013,Redução da poluição,Governo Geral,7.914960566089615e-05
2014,Redução da poluição,Governo Central,5.35315987047377e-06
2014,Redução da poluição,Governos Estaduais,6.051872946377715e-05
2014,Redução da poluição,Governos Municipais,1.9288104976153591e-07
2014,Redução da poluição,Coluna de Consolidação,0.0
2014,Redução da poluição,Governo Geral,6.606477038401245e-05
2015,Redução da poluição,Governo Central,4.397154036192994e-06
2015,Redução da poluição,Governos Estaduais,4.975409585069522e-05
2015,Redução da poluição,Governos Municipais,1.3511388999847262e-06
2015,Redução da poluição,Coluna de Consolidação,-1.9154399581780085e-07
2015,Redução da poluição,Governo Geral,5.531084479105513e-05
2016,Redução da poluição,Governo Central,2.6769095520660958e-06
2016,Redução da poluição,Governos Estaduais,7.410646344079306e-05
2016,Redução da poluição,Governos Municipais,2.605868764989186e-07
2016,Redução da poluição,Coluna de Consolidação,-1.764940357058458e-07
2016,Redução da poluição,Governo Geral,7.686746583365225e-05
2017,Redução da poluição,Governo Central,1.4020047622661962e-06
2017,Redução da poluição,Governos Estaduais,8.396176559397375e-05
2017,Redução da poluição,Governos Municipais,1.6250873403589444e-09
2017,Redução da poluição,Coluna de Consolidação,0.0
2017,Redução da poluição,Governo Geral,8.53653954435803e-05
2018,Redução da poluição,Governo Central,8.115468292380947e-07
2018,Redução da poluição,Governos Estaduais,9.953572470126067e-05
2018,Redução da poluição,Governos Municipais,8.958745444106018e-08
2018,Redução da poluição,Coluna de Consolidação,0.0
2018,Redução da poluição,Governo Geral,0.00010043685898493982
2019,Redução da poluição,Governo Central,1.7067070525523348e-06
2019,Redução da poluição,Governos Estaduais,8.479134847648735e-05
2019,Redução da poluição,Governos Municipais,1.0111290452631488e-07
2019,Redução da poluição,Coluna de Consolidação,-3.132569445813402e-08
2019,Redução da poluição,Governo Geral,8.656784273910787e-05
2020,Redução da poluição,Governo Central,1.062344145082621e-06
2020,Redução da poluição,Governos Estaduais,7.223701413695774e-05
2020,Redução da poluição,Governos Municipais,1.0958876453499311e-07
2020,Redução da poluição,Coluna de Consolidação,-2.5122225656041185e-07
2020,Redução da poluição,Governo Geral,7.315772479001493e-05
2021,Redução da poluição,Governo Central,1.7762618546479795e-06
2021,Redução da poluição,Governos Estaduais,7.906143504895183e-05
2021,Redução da poluição,Governos Municipais,9.572628297093764e-08
2021,Redução da poluição,Coluna de Consolidação,-2.881291051790088e-07
2021,Redução da poluição,Governo Geral,8.064529408139174e-05
2022,Redução da poluição,Governo Central,2.596204439182388e-06
2022,Redução da poluição,Governos Estaduais,2.3446926317620657e-05
2022,Redução da poluição,Governos Municipais,1.0889343425631764e-07
2022,Redução da poluição,Coluna de Consolidação,-1.5446044309202687e-06
2022,Redução da poluição,Governo Geral,2.460741976013909e-05
2023,Redução da poluição,Governo Central,3.283352431124558e-06
2023,Redução da poluição,Governos Estaduais,4.4163657281463554e-05
2023,Redução da poluição,Governos Municipais,1.310031874367765e-07
2023,Redução da poluição,Coluna de Consolidação,-7.445344004456614e-07
2023,Redução da poluição,Governo Geral,4.6833478499579224e-05
2024,Redução da poluição,Governo Central,4.217844278029459e-06
2024,Redução da poluição,Governos Estaduais,2.800666619309869e-06
2024,Redução da poluição,Governos Municipais,1.3880015164710905e-07
2024,Redução da poluição,Coluna de Consolidação,-9.135324759791356e-07
2024,Redução da poluição,Governo Geral,6.2437785730073035e-06
2010,Proteção da biodiversidade e da paisagem,Governo Central,0.00030976527786336945
2010,Proteção da biodiversidade e da paisagem,Governos Estaduais,0.00032042989163819774
2010,Proteção da biodiversidade e da paisagem,Governos Municipais,0.0004914507025588062
2010,Proteção da biodiversidade e da paisagem,Coluna de Consolidação,-2.1584044322343988e-05
2010,Proteção da biodiversidade e da paisagem,Governo Geral,0.0011000618277380294
2011,Proteção da biodiversidade e da paisagem,Governo Central,0.00029578513049803644
2011,Proteção da biodiversidade e da paisagem,Governos Estaduais,0.0002507882130872871
2011,Proteção da biodiversidade e da paisagem,Governos Municipais,0.0005168466708522752
2011,Proteção da biodiversidade e da paisagem,Coluna de Consolidação,-7.92630891516913e-06
2011,Proteção da biodiversidade e da paisagem,Governo Geral,0.0010554937055224298
2012,Proteção da biodiversidade e da paisagem,Governo Central,0.00029741486969977907
2012,Proteção da biodiversidade e da paisagem,Governos Estaduais,0.0002728407762133156
2012,Proteção da biodiversidade e da paisagem,Governos Municipais,0.0005265680571493924
2012,Proteção da biodiversidade e da paisagem,Coluna de Consolidação,-8.831051824605956e-06
2012,Proteção da biodiversidade e da paisagem,Governo Geral,0.001087992651237881
2013,Proteção da biodiversidade e da paisagem,Governo Central,0.0002590768197901263
2013,Proteção da biodiversidade e da paisagem,Governos Estaduais,0.00032144701249438713
2013,Proteção da biodiversidade e da paisagem,Governos Municipais,0.0004653457681068508
2013,Proteção da biodiversidade e da paisagem,Coluna de Consolidação,-7.069535650171803e-06
2013,Proteção da biodiversidade e da paisagem,Governo Geral,0.0010388000647411923
2014,Proteção da biodiversidade e da paisagem,Governo Central,0.00025235478353048235
2014,Proteção da biodiversidade e da paisagem,Governos Estaduais,0.0003251843039103053
2014,Proteção da biodiversidade e da paisagem,Governos Municipais,0.0006611683510455628
2014,Proteção da biodiversidade e da paisagem,Coluna de Consolidação,-7.445701583409681e-06
2014,Proteção da biodiversidade e da paisagem,Governo Geral,0.0012312617369029408
2015,Proteção da biodiversidade e da paisagem,Governo Central,0.0002534678974368791
2015,Proteção da biodiversidade e da paisagem,Governos Estaduais,0.00025884102629871326
2015,Proteção da biodiversidade e da paisagem,Governos Municipais,0.0005707052261307813
2015,Proteção da biodiversidade e da paisagem,Coluna de Consolidação,-1.2086520673410055e-05
2015,Proteção da biodiversidade e da paisagem,Governo Geral,0.0010709276291929635
2016,Proteção da biodiversidade e da paisagem,Governo Central,0.00024894704542271503
2016,Proteção da biodiversidade e da paisagem,Governos Estaduais,0.0002717695532801643
2016,Proteção da biodiversidade e da paisagem,Governos Municipais,0.0005975676011130996
2016,Proteção da biodiversidade e da paisagem,Coluna de Consolidação,-2.1058458933460368e-05
2016,Proteção da biodiversidade e da paisagem,Governo Geral,0.0010972257408825186
2017,Proteção da biodiversidade e da paisagem,Governo Central,0.0002774693589989757
2017,Proteção da biodiversidade e da paisagem,Governos Estaduais,0.00026671552059679484
2017,Proteção da biodiversidade e da paisagem,Governos Municipais,0.0005523879490908556
2017,Proteção da biodiversidade e da paisagem,Coluna de Consolidação,-1.7577692542429417e-05
2017,Proteção da biodiversidade e da paisagem,Governo Geral,0.0010789951361441967
2018,Proteção da biodiversidade e da paisagem,Governo Central,0.00020595586573599273
2018,Proteção da biodiversidade e da paisagem,Governos Estaduais,0.00026716736000250465
2018,Proteção da biodiversidade e da paisagem,Governos Municipais,0.0005409854583518177
2018,Proteção da biodiversidade e da paisagem,Coluna de Consolidação,-8.607713013706261e-06
2018,Proteção da biodiversidade e da paisagem,Governo Geral,0.0010055009710766088
2019,Proteção da biodiversidade e da paisagem,Governo Central,0.00022917068533299674
2019,Proteção da biodiversidade e da paisagem,Governos Estaduais,0.00022454866134788976
2019,Proteção da biodiversidade e da paisagem,Governos Municipais,0.0007106410670082332
2019,Proteção da biodiversidade e da paisagem,Coluna de Consolidação,-1.0983420417585803e-05
2019,Proteção da biodiversidade e da paisagem,Governo Geral,0.0011533769932715338
2020,Proteção da biodiversidade e da paisagem,Governo Central,0.0002247503857717542
2020,Proteção da biodiversidade e da paisagem,Governos Estaduais,0.0002102461313496136
2020,Proteção da biodiversidade e da paisagem,Governos Municipais,0.000742641042644263
2020,Proteção da biodiversidade e da paisagem,Coluna de Consolidação,-4.329029025526096e-05
2020,Proteção da biodiversidade e da paisagem,Governo Geral,0.0011343472695103701
2021,Proteção da biodiversidade e da paisagem,Governo Central,0.00015200742886128121
2021,Proteção da biodiversidade e da paisagem,Governos Estaduais,0.0001379247600341285
2021,Proteção da biodiversidade e da paisagem,Governos Municipais,0.0006705078379414237
2021,Proteção da biodiversidade e da paisagem,Coluna de Consolidação,-1.32313048417222e-05
2021,Proteção da biodiversidade e da paisagem,Governo Geral,0.0009472087219951112
2022,Proteção da biodiversidade e da paisagem,Governo Central,0.0001476131546372659
2022,Proteção da biodiversidade e da paisagem,Governos Estaduais,0.00024254389445914852
2022,Proteção da biodiversidade e da paisagem,Governos Municipais,0.0007740091148101371
2022,Proteção da biodiversidade e da paisagem,Coluna de Consolidação,-1.3638200182523817e-05
2022,Proteção da biodiversidade e da paisagem,Governo Geral,0.0011505279637240278
2023,Proteção da biodiversidade e da paisagem,Governo Central,0.00015933001807625946
2023,Proteção da biodiversidade e da paisagem,Governos Estaduais,0.00022252243959263503
2023,Proteção da biodiversidade e da paisagem,Governos Municipais,0.0008662185735245913
2023,Proteção da biodiversidade e da paisagem,Coluna de Consolidação,-1.6529348985208306e-05
2023,Proteção da biodiversidade e da paisagem,Governo Geral,0.0012315416822082776
2024,Proteção da biodiversidade e da paisagem,Governo Central,0.00016483773495785443
2024,Proteção da biodiversidade e da paisagem,Governos Estaduais,0.00031577374028443915
2024,Proteção da biodiversidade e da paisagem,Governos Municipais,0.0009547386849197151
2024,Proteção da biodiversidade e da paisagem,Coluna de Consolidação,-1.8223389106141335e-05
2024,Proteção da biodiversidade e da paisagem,Governo Geral,0.0014171267710558673
2010,Pesquisa e desenvolvimento da proteção ambiental,Governo Central,3.697581571871687e-05
2010,Pesquisa e desenvolvimento da proteção ambiental,Governos Estaduais,1.8295488171331125e-05
2010,Pesquisa e desenvolvimento da proteção ambiental,Governos Municipais,0.0
2010,Pesquisa e desenvolvimento da proteção ambiental,Coluna de Consolidação,-2.047151437981256e-06
2010,Pesquisa e desenvolvimento da proteção ambiental,Governo Geral,5.3224152452066735e-05
2011,Pesquisa e desenvolvimento da proteção ambiental,Governo Central,3.3739132298476716e-05
2011,Pesquisa e desenvolvimento da proteção ambiental,Governos Estaduais,1.366292029019432e-05
2011,Pesquisa e desenvolvimento da proteção ambiental,Governos Municipais,0.0
2011,Pesquisa e desenvolvimento da proteção ambiental,Coluna de Consolidação,-5.271569593087197e-07
2011,Pesquisa e desenvolvimento da proteção ambiental,Governo Geral,4.687489562936232e-05
2012,Pesquisa e desenvolvimento da proteção ambiental,Governo Central,4.287975251742355e-05
2012,Pesquisa e desenvolvimento da proteção ambiental,Governos Estaduais,1.4518707154831708e-05
2012,Pesquisa e desenvolvimento da proteção ambiental,Governos Municipais,0.0
2012,Pesquisa e desenvolvimento da proteção ambiental,Coluna de Consolidação,-1.6813856693532586e-06
2012,Pesquisa e desenvolvimento da proteção ambiental,Governo Geral,5.5717074002902e-05
2013,Pesquisa e desenvolvimento da proteção ambiental,Governo Central,7.435711400562277e-05
2013,Pesquisa e desenvolvimento da proteção ambiental,Governos Estaduais,1.8500810671027962e-05
2013,Pesquisa e desenvolvimento da proteção ambiental,Governos Municipais,0.0
2013,Pesquisa e desenvolvimento da proteção ambiental,Coluna de Consolidação,-6.044477990944317e-07
2013,Pesquisa e desenvolvimento da proteção ambiental,Governo Geral,9.22534768775563e-05
2014,Pesquisa e desenvolvimento da proteção ambiental,Governo Central,6.86371671163469e-05
2014,Pesquisa e desenvolvimento da proteção ambiental,Governos Estaduais,1.6835805733853068e-05
2014,Pesquisa e desenvolvimento da proteção ambiental,Governos Municipais,0.0
2014,Pesquisa e desenvolvimento da proteção ambiental,Coluna de Consolidação,-3.1273728866617033e-07
2014,Pesquisa e desenvolvimento da proteção ambiental,Governo Geral,8.51602355615338e-05
2015,Pesquisa e desenvolvimento da proteção ambiental,Governo Central,8.50662194742803e-05
2015,Pesquisa e desenvolvimento da proteção ambiental,Governos Estaduais,1.4978413792459827e-05
2015,Pesquisa e desenvolvimento da proteção ambiental,Governos Municipais,0.0
2015,Pesquisa e desenvolvimento da proteção ambiental,Coluna de Consolidação,-1.3354218470577276e-07
2015,Pesquisa e desenvolvimento da proteção ambiental,Governo Geral,9.991109108203436e-05
2016,Pesquisa e desenvolvimento da proteção ambiental,Governo Central,5.860153989071748e-05
2016,Pesquisa e desenvolvimento da proteção ambiental,Governos Estaduais,1.4592401583104613e-05
2016,Pesquisa e desenvolvimento da proteção ambiental,Governos Municipais,0.0
2016,Pesquisa e desenvolvimento da proteção ambiental,Coluna de Consolidação,-5.737699331025829e-07
2016,Pesquisa e desenvolvimento da proteção ambiental,Governo Geral,7.26201715407195e-05
2017,Pesquisa e desenvolvimento da proteção ambiental,Governo Central,4.686024048238749e-05
2017,Pesquisa e desenvolvimento da proteção ambiental,Governos Estaduais,1.395471559217097e-05
2017,Pesquisa e desenvolvimento da proteção ambiental,Governos Municipais,0.0
2017,Pesquisa e desenvolvimento da proteção ambiental,Coluna de Consolidação,-3.9712744966266995e-07
2017,Pesquisa e desenvolvimento da proteção ambiental,Governo Geral,6.0417828624895785e-05
2018,Pesquisa e desenvolvimento da proteção ambiental,Governo Central,4.080176650982938e-05
2018,Pesquisa e desenvolvimento da proteção ambiental,Governos Estaduais,1.2553192844419197e-05
2018,Pesquisa e desenvolvimento da proteção ambiental,Governos Municipais,0.0
2018,Pesquisa e desenvolvimento da proteção ambiental,Coluna de Consolidação,-2.6361292931221317e-07
2018,Pesquisa e desenvolvimento da proteção ambiental,Governo Geral,5.3091346424936355e-05
2019,Pesquisa e desenvolvimento da proteção ambiental,Governo Central,4.088306230399432e-05
2019,Pesquisa e desenvolvimento da proteção ambiental,Governos Estaduais,1.0848472190240515e-05
2019,Pesquisa e desenvolvimento da proteção ambiental,Governos Municipais,0.0
2019,Pesquisa e desenvolvimento da proteção ambiental,Coluna de Consolidação,-2.0359279109075953e-07
2019,Pesquisa e desenvolvimento da proteção ambiental,Governo Geral,5.1527941703144076e-05
2020,Pesquisa e desenvolvimento da proteção ambiental,Governo Central,3.3422465158804114e-05
2020,Pesquisa e desenvolvimento da proteção ambiental,Governos Estaduais,1.2168778383181904e-05
2020,Pesquisa e desenvolvimento da proteção ambiental,Governos Municipais,0.0
2020,Pesquisa e desenvolvimento da proteção ambiental,Coluna de Consolidação,-1.206997940351413e-07
2020,Pesquisa e desenvolvimento da proteção ambiental,Governo Geral,4.547054374795087e-05
2021,Pesquisa e desenvolvimento da proteção ambiental,Governo Central,2.849412815076317e-05
2021,Pesquisa e desenvolvimento da proteção ambiental,Governos Estaduais,1.1210407478702464e-05
2021,Pesquisa e desenvolvimento da proteção ambiental,Governos Municipais,0.0
2021,Pesquisa e desenvolvimento da proteção ambiental,Coluna de Consolidação,0.0
2021,Pesquisa e desenvolvimento da proteção ambiental,Governo Geral,3.970453562946564e-05
2022,Pesquisa e desenvolvimento da proteção ambiental,Governo Central,2.387191684631791e-05
2022,Pesquisa e desenvolvimento da proteção ambiental,Governos Estaduais,1.3824190427508641e-05
2022,Pesquisa e desenvolvimento da proteção ambiental,Governos Municipais,0.0
2022,Pesquisa e desenvolvimento da proteção ambiental,Coluna de Consolidação,-5.0614402867919914e-08
2022,Pesquisa e desenvolvimento da proteção ambiental,Governo Geral,3.7645492870958635e-05
2023,Pesquisa e desenvolvimento da proteção ambiental,Governo Central,3.0457295014589316e-05
2023,Pesquisa e desenvolvimento da proteção ambiental,Governos Estaduais,1.0399792971734627e-05
2023,Pesquisa e desenvolvimento da proteção ambiental,Governos Municipais,0.0
2023,Pesquisa e desenvolvimento da proteção ambiental,Coluna de Consolidação,-1.3730187285051486e-08
2023,Pesquisa e desenvolvimento da proteção ambiental,Governo Geral,4.0843357799038886e-05
2024,Pesquisa e desenvolvimento da proteção ambiental,Governo Central,2.948214774966921e-05
2024,Pesquisa e desenvolvimento da proteção ambiental,Governos Estaduais,9.834019031985561e-06
2024,Pesquisa e desenvolvimento da proteção ambiental,Governos Municipais,0.0
2024,Pesquisa e desenvolvimento da proteção ambiental,Coluna de Consolidação,-3.795370318832743e-10
2024,Pesquisa e desenvolvimento da proteção ambiental,Governo Geral,3.931578724462288e-05
2010,Proteção ambiental não especificada,Governo Central,3.475951325043708e-05
2010,Proteção ambiental não especificada,Governos Estaduais,0.00013954744985609949
2010,Proteção ambiental não especificada,Governos Municipais,1.6282192497397304e-06
2010,Proteção ambiental não especificada,Coluna de Consolidação,-8.110302353932158e-07
2010,Proteção ambiental não especificada,Governo Geral,0.00017512415212088308
2011,Proteção ambiental não especificada,Governo Central,3.1057324610269834e-05
2011,Proteção ambiental não especificada,Governos Estaduais,0.00011964872711999452
2011,Proteção ambiental não especificada,Governos Municipais,2.118976926016129e-06
2011,Proteção ambiental não especificada,Coluna de Consolidação,-3.292185907385642e-07
2011,Proteção ambiental não especificada,Governo Geral,0.00015249581006554193
2012,Proteção ambiental não especificada,Governo Central,2.8794682512425265e-05
2012,Proteção ambiental não especificada,Governos Estaduais,0.00014253154941055215
2012,Proteção ambiental não especificada,Governos Municipais,3.474746936893517e-06
2012,Proteção ambiental não especificada,Coluna de Consolidação,-3.776301976244662e-07
2012,Proteção ambiental não especificada,Governo Geral,0.00017442334866224645
2013,Proteção ambiental não especificada,Governo Central,3.215318798398581e-05
2013,Proteção ambiental não especificada,Governos Estaduais,0.0001467889688939333
2013,Proteção ambiental não especificada,Governos Municipais,1.0558256746398584e-05
2013,Proteção ambiental não especificada,Coluna de Consolidação,-9.74356454679892e-07
2013,Proteção ambiental não especificada,Governo Geral,0.00018852605716963782
2014,Proteção ambiental não especificada,Governo Central,3.16108773242711e-05
2014,Proteção ambiental não especificada,Governos Estaduais,0.00015855213904974132
2014,Proteção ambiental não especificada,Governos Municipais,6.259225400763767e-06
2014,Proteção ambiental não especificada,Coluna de Consolidação,-7.29832063524306e-07
2014,Proteção ambiental não especificada,Governo Geral,0.00019569240971125185
2015,Proteção ambiental não especificada,Governo Central,3.068973780963192e-05
2015,Proteção ambiental não especificada,Governos Estaduais,0.00013424416232391776
2015,Proteção ambiental não especificada,Governos Municipais,4.0889959686656814e-06
2015,Proteção ambiental não especificada,Coluna de Consolidação,-3.2250085976209564e-07
2015,Proteção ambiental não especificada,Governo Geral,0.00016870039524245325
2016,Proteção ambiental não especificada,Governo Central,2.9739903120780428e-05
2016,Proteção ambiental não especificada,Governos Estaduais,0.0001241657024679585
2016,Proteção ambiental não especificada,Governos Municipais,5.7855356386172175e-06
2016,Proteção ambiental não especificada,Coluna de Consolidação,-2.9991127500498083e-07
2016,Proteção ambiental não especificada,Governo Geral,0.00015939122995235115
2017,Proteção ambiental não especificada,Governo Central,2.9292863707545876e-05
2017,Proteção ambiental não especificada,Governos Estaduais,0.00011690015302529039
2017,Proteção ambiental não especificada,Governos Municipais,2.5929698021045145e-06
2017,Proteção ambiental não especificada,Coluna de Consolidação,-3.377932608780361e-07
2017,Proteção ambiental não especificada,Governo Geral,0.00014844819327406274
2018,Proteção ambiental não especificada,Governo Central,2.907568621321307e-05
2018,Proteção ambiental não especificada,Governos Estaduais,0.00010474237097985543
2018,Proteção ambiental não especificada,Governos Municipais,6.096238344346368e-06
2018,Proteção ambiental não especificada,Coluna de Consolidação,-1.3630509013278e-06
2018,Proteção ambiental não especificada,Governo Geral,0.00013855124463608707
2019,Proteção ambiental não especificada,Governo Central,2.5065996257706626e-05
2019,Proteção ambiental não especificada,Governos Estaduais,0.00010083346267563407
2019,Proteção ambiental não especificada,Governos Municipais,7.616281801209266e-06
2019,Proteção ambiental não especificada,Coluna de Consolidação,-1.133546014015974e-06
2019,Proteção ambiental não especificada,Governo Geral,0.00013238219472053398
2020,Proteção ambiental não especificada,Governo Central,2.1000259837269636e-05
2020,Proteção ambiental não especificada,Governos Estaduais,0.00010708995653588536
2020,Proteção ambiental não especificada,Governos Municipais,9.084711866311754e-06
2020,Proteção ambiental não especificada,Coluna de Consolidação,-2.0098743224731444e-06
2020,Proteção ambiental não especificada,Governo Geral,0.00013516505391699362
2021,Proteção ambiental não especificada,Governo Central,1.8168277690697703e-05
2021,Proteção ambiental não especificada,Governos Estaduais,9.310600956542087e-05
2021,Proteção ambiental não especificada,Governos Municipais,8.418423987032427e-06
2021,Proteção ambiental não especificada,Coluna de Consolidação,-1.599230381483109e-06
2021,Proteção ambiental não especificada,Governo Geral,0.0001180934808616679
2022,Proteção ambiental não especificada,Governo Central,1.5636707654693e-05
2022,Proteção ambiental não especificada,Governos Estaduais,0.00013016849736085625
2022,Proteção ambiental não especificada,Governos Municipais,9.115292995344754e-06
2022,Proteção ambiental não especificada,Coluna de Consolidação,-1.1009054909349062e-06
2022,Proteção ambiental não especificada,Governo Geral,0.0001538195925199591
2023,Proteção ambiental não especificada,Governo Central,1.9721445584635463e-05
2023,Proteção ambiental não especificada,Governos Estaduais,6.443189761709696e-05
2023,Proteção ambiental não especificada,Governos Municipais,9.938932022236675e-06
2023,Proteção ambiental não especificada,Coluna de Consolidação,-4.9907363822323695e-06
2023,Proteção ambiental não especificada,Governo Geral,8.910153884173675e-05
2024,Proteção ambiental não especificada,Governo Central,3.141875732896849e-05
2024,Proteção ambiental não especificada,Governos Estaduais,0.000179616298435511
2024,Proteção ambiental não especificada,Governos Municipais,1.089759807277208e-05
2024,Proteção ambiental não especificada,Coluna de Consolidação,-1.075535934270363e-05
2024,Proteção ambiental não especificada,Governo Geral,0.0002111772944945479
2010,Habitação e serviços comunitários,Governo Central,0.0013133352313820052
2010,Habitação e serviços comunitários,Governos Estaduais,0.00218304170065608
2010,Habitação e serviços comunitários,Governos Municipais,0.007656050073379236
2010,Habitação e serviços comunitários,Coluna de Consolidação,-0.001156075100605326
2010,Habitação e serviços comunitários,Governo Geral,0.009996351904811995
2011,Habitação e serviços comunitários,Governo Central,0.0009808160984778691
2011,Habitação e serviços comunitários,Governos Estaduais,0.001573107678545888
2011,Habitação e serviços comunitários,Governos Municipais,0.00790746076289026
2011,Habitação e serviços comunitários,Coluna de Consolidação,-0.0007735196462464427
2011,Habitação e serviços comunitários,Governo Geral,0.009687864893667575
2012,Habitação e serviços comunitários,Governo Central,0.0012862584199682132
2012,Habitação e serviços comunitários,Governos Estaduais,0.0016975375479623951
2012,Habitação e serviços comunitários,Governos Municipais,0.007898126436966602
2012,Habitação e serviços comunitários,Coluna de Consolidação,-0.001064728091161814
2012,Habitação e serviços comunitários,Governo Geral,0.009817194313735397
2013,Habitação e serviços comunitários,Governo Central,0.001188928595236798
2013,Habitação e serviços comunitários,Governos Estaduais,0.001957795195129629
2013,Habitação e serviços comunitários,Governos Municipais,0.006846783921944709
2013,Habitação e serviços comunitários,Coluna de Consolidação,-0.0008317675824176492
2013,Habitação e serviços comunitários,Governo Geral,0.009161740129893486
2014,Habitação e serviços comunitários,Governo Central,0.0011914510343446663
2014,Habitação e serviços comunitários,Governos Estaduais,0.0021547991222144094
2014,Habitação e serviços comunitários,Governos Municipais,0.007042715300301859
2014,Habitação e serviços comunitários,Coluna de Consolidação,-0.0008891494671569688
2014,Habitação e serviços comunitários,Governo Geral,0.009499815989703965
2015,Habitação e serviços comunitários,Governo Central,0.0010705821707332598
2015,Habitação e serviços comunitários,Governos Estaduais,0.0013399667245476401
2015,Habitação e serviços comunitários,Governos Municipais,0.007159591486066486
2015,Habitação e serviços comunitários,Coluna de Consolidação,-0.0006880700427812709
2015,Habitação e serviços comunitários,Governo Geral,0.008882070338566115
2016,Habitação e serviços comunitários,Governo Central,0.0010183801174156336
2016,Habitação e serviços comunitários,Governos Estaduais,0.0011563563636021875
2016,Habitação e serviços comunitários,Governos Municipais,0.007407522609893043
2016,Habitação e serviços comunitários,Coluna de Consolidação,-0.0007582984503852901
2016,Habitação e serviços comunitários,Governo Geral,0.008823960640525574
2017,Habitação e serviços comunitários,Governo Central,0.000691131173412218
2017,Habitação e serviços comunitários,Governos Estaduais,0.0010794756498532373
2017,Habitação e serviços comunitários,Governos Municipais,0.006287794041311321
2017,Habitação e serviços comunitários,Coluna de Consolidação,-0.0005985989185828531
2017,Habitação e serviços comunitários,Governo Geral,0.007459801945993923
2018,Habitação e serviços comunitários,Governo Central,0.0007227952960355138
2018,Habitação e serviços comunitários,Governos Estaduais,0.001210156727933957
2018,Habitação e serviços comunitários,Governos Municipais,0.006368055698340952
2018,Habitação e serviços comunitários,Coluna de Consolidação,-0.0005689539603137332
2018,Habitação e serviços comunitários,Governo Geral,0.00773205376199669
2019,Habitação e serviços comunitários,Governo Central,0.0007306786700113042
2019,Habitação e serviços comunitários,Governos Estaduais,0.0008193682170512236
2019,Habitação e serviços comunitários,Governos Municipais,0.007084684197424426
2019,Habitação e serviços comunitários,Coluna de Consolidação,-0.00046375222369809564
2019,Habitação e serviços comunitários,Governo Geral,0.00817097886078886
2020,Habitação e serviços comunitários,Governo Central,0.0008181177135132396
2020,Habitação e serviços comunitários,Governos Estaduais,0.001002497828844527
2020,Habitação e serviços comunitários,Governos Municipais,0.00877935605633998
2020,Habitação e serviços comunitários,Coluna de Consolidação,-0.0006626458598200814
2020,Habitação e serviços comunitários,Governo Geral,0.009937325738877666
2021,Habitação e serviços comunitários,Governo Central,0.0005285509493501794
2021,Habitação e serviços comunitários,Governos Estaduais,0.0010381047929760643
2021,Habitação e serviços comunitários,Governos Municipais,0.00730713419396914
2021,Habitação e serviços comunitários,Coluna de Consolidação,-0.0005356776955629744
2021,Habitação e serviços comunitários,Governo Geral,0.00833811224073241
2022,Habitação e serviços comunitários,Governo Central,0.0005106490511296867
2022,Habitação e serviços comunitários,Governos Estaduais,0.0017531787341497173
2022,Habitação e serviços comunitários,Governos Municipais,0.008233724017497113
2022,Habitação e serviços comunitários,Coluna de Consolidação,-0.0007011946590406835
2022,Habitação e serviços comunitários,Governo Geral,0.009796357143735833
2023,Habitação e serviços comunitários,Governo Central,0.0006066745748872923
2023,Habitação e serviços comunitários,Governos Estaduais,0.001458222089887067
2023,Habitação e serviços comunitários,Governos Municipais,0.009999550716311636
2023,Habitação e serviços comunitários,Coluna de Consolidação,-0.0005425483947199902
2023,Habitação e serviços comunitários,Governo Geral,0.011521898986366004
2024,Habitação e serviços comunitários,Governo Central,0.0005288673548629769
2024,Habitação e serviços comunitários,Governos Estaduais,0.001823428777277206
2024,Habitação e serviços comunitários,Governos Municipais,0.011741900676189852
2024,Habitação e serviços comunitários,Coluna de Consolidação,-0.0005008402584814909
2024,Habitação e serviços comunitários,Governo Geral,0.013593356549848546
2010,Desenvolvimento habitacional,Governo Central,0.0003138131263766176
2010,Desenvolvimento habitacional,Governos Estaduais,0.000718559636576914
2010,Desenvolvimento habitacional,Governos Municipais,0.0010351205864566487
2010,Desenvolvimento habitacional,Coluna de Consolidação,-0.00037173599435182965
2010,Desenvolvimento habitacional,Governo Geral,0.0016957573550583506
2011,Desenvolvimento habitacional,Governo Central,0.0002285873506273971
2011,Desenvolvimento habitacional,Governos Estaduais,0.00046437647443576695
2011,Desenvolvimento habitacional,Governos Municipais,0.0010373387293309356
2011,Desenvolvimento habitacional,Coluna de Consolidação,-0.00024303331067845448
2011,Desenvolvimento habitacional,Governo Geral,0.0014872692437156452
2012,Desenvolvimento habitacional,Governo Central,0.0002878813223847551
2012,Desenvolvimento habitacional,Governos Estaduais,0.000525921878361958
2012,Desenvolvimento habitacional,Governos Municipais,0.0008648266505007443
2012,Desenvolvimento habitacional,Coluna de Consolidação,-0.00025827781267308937
2012,Desenvolvimento habitacional,Governo Geral,0.0014203520385743678
2013,Desenvolvimento habitacional,Governo Central,0.00023179695004021112
2013,Desenvolvimento habitacional,Governos Estaduais,0.0005244707266677899
2013,Desenvolvimento habitacional,Governos Municipais,0.0008154738180449662
2013,Desenvolvimento habitacional,Coluna de Consolidação,-0.00015706157559091882
2013,Desenvolvimento habitacional,Governo Geral,0.0014146799191620486
2014,Desenvolvimento habitacional,Governo Central,0.0001057666133119773
2014,Desenvolvimento habitacional,Governos Estaduais,0.0006513702468266431
2014,Desenvolvimento habitacional,Governos Municipais,0.0007497581250025078
2014,Desenvolvimento habitacional,Coluna de Consolidação,-0.0001548552289769941
2014,Desenvolvimento habitacional,Governo Geral,0.001352039756164134
2015,Desenvolvimento habitacional,Governo Central,0.00015583659544988034
2015,Desenvolvimento habitacional,Governos Estaduais,0.0003841411257782971
2015,Desenvolvimento habitacional,Governos Municipais,0.0007323570607521727
2015,Desenvolvimento habitacional,Coluna de Consolidação,-9.200022216834858e-05
2015,Desenvolvimento habitacional,Governo Geral,0.0011803345598120016
2016,Desenvolvimento habitacional,Governo Central,6.94353213748315e-05
2016,Desenvolvimento habitacional,Governos Estaduais,0.00044545844007795127
2016,Desenvolvimento habitacional,Governos Municipais,0.0005510793733515465
2016,Desenvolvimento habitacional,Coluna de Consolidação,-0.00011360786196271277
2016,Desenvolvimento habitacional,Governo Geral,0.0009523652728416164
2017,Desenvolvimento habitacional,Governo Central,3.413652424906804e-05
2017,Desenvolvimento habitacional,Governos Estaduais,0.00034035131174679274
2017,Desenvolvimento habitacional,Governos Municipais,0.00040224686513208846
2017,Desenvolvimento habitacional,Coluna de Consolidação,-7.287638839758354e-05
2017,Desenvolvimento habitacional,Governo Geral,0.0007038583127303658
2018,Desenvolvimento habitacional,Governo Central,8.565533877303918e-05
2018,Desenvolvimento habitacional,Governos Estaduais,0.00043750960747028413
2018,Desenvolvimento habitacional,Governos Municipais,0.0003685726012804617
2018,Desenvolvimento habitacional,Coluna de Consolidação,-8.672836420486586e-05
2018,Desenvolvimento habitacional,Governo Geral,0.0008050091833189189
2019,Desenvolvimento habitacional,Governo Central,0.00010483310605229683
2019,Desenvolvimento habitacional,Governos Estaduais,0.0002602400234221742
2019,Desenvolvimento habitacional,Governos Municipais,0.00037628907293766207
2019,Desenvolvimento habitacional,Coluna de Consolidação,-4.86905606010063e-05
2019,Desenvolvimento habitacional,Governo Geral,0.0006926716418111269
2020,Desenvolvimento habitacional,Governo Central,7.581954992049399e-05
2020,Desenvolvimento habitacional,Governos Estaduais,0.0004306682946697807
2020,Desenvolvimento habitacional,Governos Municipais,0.00044963062516119843
2020,Desenvolvimento habitacional,Coluna de Consolidação,-5.7337958446038616e-05
2020,Desenvolvimento habitacional,Governo Geral,0.0008987805113054345
2021,Desenvolvimento habitacional,Governo Central,4.87604130266577e-05
2021,Desenvolvimento habitacional,Governos Estaduais,0.0004937818971208123
2021,Desenvolvimento habitacional,Governos Municipais,0.00031200704921876296
2021,Desenvolvimento habitacional,Coluna de Consolidação,-0.0001312016812263415
2021,Desenvolvimento habitacional,Governo Geral,0.0007233476781398914
2022,Desenvolvimento habitacional,Governo Central,7.364583168462124e-05
2022,Desenvolvimento habitacional,Governos Estaduais,0.0010002599598890258
2022,Desenvolvimento habitacional,Governos Municipais,0.00048813502264416595
2022,Desenvolvimento habitacional,Coluna de Consolidação,-0.00024726138695319835
2022,Desenvolvimento habitacional,Governo Geral,0.0013147794272646146
2023,Desenvolvimento habitacional,Governo Central,8.328352734232192e-05
2023,Desenvolvimento habitacional,Governos Estaduais,0.0007920840173132287
2023,Desenvolvimento habitacional,Governos Municipais,0.0009558579278635465
2023,Desenvolvimento habitacional,Coluna de Consolidação,-0.00014512683165820515
2023,Desenvolvimento habitacional,Governo Geral,0.001686098640860892
2024,Desenvolvimento habitacional,Governo Central,7.616126065887501e-05
2024,Desenvolvimento habitacional,Governos Estaduais,0.0011017518923474485
2024,Desenvolvimento habitacional,Governos Municipais,0.0013523716886098649
2024,Desenvolvimento habitacional,Coluna de Consolidação,-0.00018588087314550057
2024,Desenvolvimento habitacional,Governo Geral,0.002344403968470688
2010,Desenvolvimento comunitário,Governo Central,0.00028475729736823394
2010,Desenvolvimento comunitário,Governos Estaduais,0.0006502689342846118
2010,Desenvolvimento comunitário,Governos Municipais,7.12017157088098e-05
2010,Desenvolvimento comunitário,Coluna de Consolidação,-0.00041918744869283957
2010,Desenvolvimento comunitário,Governo Geral,0.000587040498668816
2011,Desenvolvimento comunitário,Governo Central,0.00021337003194652667
2011,Desenvolvimento comunitário,Governos Estaduais,0.0004226736056878015
2011,Desenvolvimento comunitário,Governos Municipais,8.142698623670155e-05
2011,Desenvolvimento comunitário,Coluna de Consolidação,-0.00023563696033961182
2011,Desenvolvimento comunitário,Governo Geral,0.0004818336635314179
2012,Desenvolvimento comunitário,Governo Central,0.0002649009862790304
2012,Desenvolvimento comunitário,Governos Estaduais,0.00047424796472867066
2012,Desenvolvimento comunitário,Governos Municipais,8.120309452676296e-05
2012,Desenvolvimento comunitário,Coluna de Consolidação,-0.00036156092724616925
2012,Desenvolvimento comunitário,Governo Geral,0.00045879111828829485
2013,Desenvolvimento comunitário,Governo Central,0.00017389867192026467
2013,Desenvolvimento comunitário,Governos Estaduais,0.0004382125743805186
2013,Desenvolvimento comunitário,Governos Municipais,5.358241546654995e-05
2013,Desenvolvimento comunitário,Coluna de Consolidação,-0.00024290064188084575
2013,Desenvolvimento comunitário,Governo Geral,0.00042279301988648756
2014,Desenvolvimento comunitário,Governo Central,0.00013149557552827822
2014,Desenvolvimento comunitário,Governos Estaduais,0.0005765829051771359
2014,Desenvolvimento comunitário,Governos Municipais,6.536043737576706e-05
2014,Desenvolvimento comunitário,Coluna de Consolidação,-0.0002951486507264453
2014,Desenvolvimento comunitário,Governo Geral,0.000478290267354736
2015,Desenvolvimento comunitário,Governo Central,0.00023142693053861666
2015,Desenvolvimento comunitário,Governos Estaduais,0.0003678671074605181
2015,Desenvolvimento comunitário,Governos Municipais,6.916339437872727e-05
2015,Desenvolvimento comunitário,Coluna de Consolidação,-0.0003141206041287539
2015,Desenvolvimento comunitário,Governo Geral,0.0003543368282491082
2016,Desenvolvimento comunitário,Governo Central,0.00023411450409592164
2016,Desenvolvimento comunitário,Governos Estaduais,0.00024774857738301006
2016,Desenvolvimento comunitário,Governos Municipais,7.69591240630438e-05
2016,Desenvolvimento comunitário,Coluna de Consolidação,-0.00023571062950030692
2016,Desenvolvimento comunitário,Governo Geral,0.0003231115760416686
2017,Desenvolvimento comunitário,Governo Central,0.00018458350755885773
2017,Desenvolvimento comunitário,Governos Estaduais,0.00022339086251619411
2017,Desenvolvimento comunitário,Governos Municipais,4.8371697692989016e-05
2017,Desenvolvimento comunitário,Coluna de Consolidação,-0.0001851365432982165
2017,Desenvolvimento comunitário,Governo Geral,0.00027120952446982435
2018,Desenvolvimento comunitário,Governo Central,0.0002373520632287827
2018,Desenvolvimento comunitário,Governos Estaduais,0.0002642883158249533
2018,Desenvolvimento comunitário,Governos Municipais,5.364534920876985e-05
2018,Desenvolvimento comunitário,Coluna de Consolidação,-0.0002479808915239128
2018,Desenvolvimento comunitário,Governo Geral,0.000307304836738593
2019,Desenvolvimento comunitário,Governo Central,0.000234794332315717
2019,Desenvolvimento comunitário,Governos Estaduais,0.00020352196410956694
2019,Desenvolvimento comunitário,Governos Municipais,4.7808775212762344e-05
2019,Desenvolvimento comunitário,Coluna de Consolidação,-0.0002480874363668728
2019,Desenvolvimento comunitário,Governo Geral,0.00023803763527117353
2020,Desenvolvimento comunitário,Governo Central,0.0003954535778461446
2020,Desenvolvimento comunitário,Governos Estaduais,0.00020563247104029303
2020,Desenvolvimento comunitário,Governos Municipais,5.3871667504303045e-05
2020,Desenvolvimento comunitário,Coluna de Consolidação,-0.0004140583795652228
2020,Desenvolvimento comunitário,Governo Geral,0.0002408993368255178
2021,Desenvolvimento comunitário,Governo Central,0.0002591029869142533
2021,Desenvolvimento comunitário,Governos Estaduais,0.00017721803630011586
2021,Desenvolvimento comunitário,Governos Municipais,4.1369009568111884e-05
2021,Desenvolvimento comunitário,Coluna de Consolidação,-0.0003060444464941355
2021,Desenvolvimento comunitário,Governo Geral,0.00017164558628834556
2022,Desenvolvimento comunitário,Governo Central,0.0002587747924010898
2022,Desenvolvimento comunitário,Governos Estaduais,0.0002462522531163452
2022,Desenvolvimento comunitário,Governos Municipais,4.4774884096531974e-05
2022,Desenvolvimento comunitário,Coluna de Consolidação,-0.00037110813475578936
2022,Desenvolvimento comunitário,Governo Geral,0.0001786937948581776
2023,Desenvolvimento comunitário,Governo Central,0.00028079574675292135
2023,Desenvolvimento comunitário,Governos Estaduais,0.00021459396324047063
2023,Desenvolvimento comunitário,Governos Municipais,5.3748801965885004e-05
2023,Desenvolvimento comunitário,Coluna de Consolidação,-0.00029156550935537735
2023,Desenvolvimento comunitário,Governo Geral,0.00025757300260389966
2024,Desenvolvimento comunitário,Governo Central,0.0002164192238255892
2024,Desenvolvimento comunitário,Governos Estaduais,0.0002423412340572928
2024,Desenvolvimento comunitário,Governos Municipais,6.417383514836696e-05
2024,Desenvolvimento comunitário,Coluna de Consolidação,-0.00021025080284192588
2024,Desenvolvimento comunitário,Governo Geral,0.00031268349018932307
2010,Abastecimento de água,Governo Central,0.000700124521913557
2010,Abastecimento de água,Governos Estaduais,0.0007123260083803648
2010,Abastecimento de água,Governos Municipais,0.0013311381618868144
2010,Abastecimento de água,Coluna de Consolidação,-0.00034036954504720695
2010,Abastecimento de água,Governo Geral,0.0024032191471335287
2011,Abastecimento de água,Governo Central,0.0005289439690907593
2011,Abastecimento de água,Governos Estaduais,0.0005563625448801263
2011,Abastecimento de água,Governos Municipais,0.0012405451510224524
2011,Abastecimento de água,Coluna de Consolidação,-0.00028048447564225974
2011,Abastecimento de água,Governo Geral,0.0020453671893510784
2012,Abastecimento de água,Governo Central,0.0007259002266549787
2012,Abastecimento de água,Governos Estaduais,0.0004943475396183356
2012,Abastecimento de água,Governos Municipais,0.0013233629077769426
2012,Abastecimento de água,Coluna de Consolidação,-0.0004325637644084095
2012,Abastecimento de água,Governo Geral,0.0021110469096418476
2013,Abastecimento de água,Governo Central,0.0007686911497178729
2013,Abastecimento de água,Governos Estaduais,0.0006995358004269923
2013,Abastecimento de água,Governos Municipais,0.0011581560028522298
2013,Abastecimento de água,Coluna de Consolidação,-0.00040139132099942
2013,Abastecimento de água,Governo Geral,0.002224991631997675
2014,Abastecimento de água,Governo Central,0.0009292540855466405
2014,Abastecimento de água,Governos Estaduais,0.0007733184044094683
2014,Abastecimento de água,Governos Municipais,0.001162396291958514
2014,Abastecimento de água,Coluna de Consolidação,-0.00043026574671179525
2014,Abastecimento de água,Governo Geral,0.002434703035202828
2015,Abastecimento de água,Governo Central,0.0006607291157776016
2015,Abastecimento de água,Governos Estaduais,0.0004952006916057761
2015,Abastecimento de água,Governos Municipais,0.001181911532942311
2015,Abastecimento de água,Coluna de Consolidação,-0.00026436141512140455
2015,Abastecimento de água,Governo Geral,0.002073479925204284
2016,Abastecimento de água,Governo Central,0.0007034519979784592
2016,Abastecimento de água,Governos Estaduais,0.0003523243038561677
2016,Abastecimento de água,Governos Municipais,0.0012423286648950203
2016,Abastecimento de água,Coluna de Consolidação,-0.00037825773782094264
2016,Abastecimento de água,Governo Geral,0.0019198472289087048
2017,Abastecimento de água,Governo Central,0.000464960985091746
2017,Abastecimento de água,Governos Estaduais,0.00038961855660243374
2017,Abastecimento de água,Governos Municipais,0.0010854131395333314
2017,Abastecimento de água,Coluna de Consolidação,-0.00027205076261079274
2017,Abastecimento de água,Governo Geral,0.0016679419186167183
2018,Abastecimento de água,Governo Central,0.00039335984308025
2018,Abastecimento de água,Governos Estaduais,0.0003850235469297804
2018,Abastecimento de água,Governos Municipais,0.0011277314973994546
2018,Abastecimento de água,Coluna de Consolidação,-0.0001799524632499451
2018,Abastecimento de água,Governo Geral,0.00172616242415954
2019,Abastecimento de água,Governo Central,0.0003847010481381807
2019,Abastecimento de água,Governos Estaduais,0.0002434837538599913
2019,Abastecimento de água,Governos Municipais,0.0012044035971854575
2019,Abastecimento de água,Coluna de Consolidação,-0.00014139086960314253
2019,Abastecimento de água,Governo Geral,0.001691197529580487
2020,Abastecimento de água,Governo Central,0.0003417442476511194
2020,Abastecimento de água,Governos Estaduais,0.0002855708386649034
2020,Abastecimento de água,Governos Municipais,0.0013091359825809876
2020,Abastecimento de água,Coluna de Consolidação,-0.00015572946003294434
2020,Abastecimento de água,Governo Geral,0.0017807216088640658
2021,Abastecimento de água,Governo Central,0.00021634453135722887
2021,Abastecimento de água,Governos Estaduais,0.00027062067049713075
2021,Abastecimento de água,Governos Municipais,0.0010972531281506271
2021,Abastecimento de água,Coluna de Consolidação,-6.713126637771403e-05
2021,Abastecimento de água,Governo Geral,0.0015170870636272726
2022,Abastecimento de água,Governo Central,0.00017418534190756637
2022,Abastecimento de água,Governos Estaduais,0.00039219731407644606
2022,Abastecimento de água,Governos Municipais,0.0011907472808431107
2022,Abastecimento de água,Coluna de Consolidação,-5.717204417413249e-05
2022,Abastecimento de água,Governo Geral,0.0016999578926529906
2023,Abastecimento de água,Governo Central,0.00023479300771130177
2023,Abastecimento de água,Governos Estaduais,0.00036200755767180014
2023,Abastecimento de água,Governos Municipais,0.0013203256220994544
2023,Abastecimento de água,Coluna de Consolidação,-7.401685428510952e-05
2023,Abastecimento de água,Governo Geral,0.0018431093331974467
2024,Abastecimento de água,Governo Central,0.00022986891258849215
2024,Abastecimento de água,Governos Estaduais,0.00038550498553594945
2024,Abastecimento de água,Governos Municipais,0.0014579628645037639
2024,Abastecimento de água,Coluna de Consolidação,-6.776532016832996e-05
2024,Abastecimento de água,Governo Geral,0.0020055714424598754
2010,Iluminação pública,Governo Central,0.0
2010,Iluminação pública,Governos Estaduais,6.695253546532077e-05
2010,Iluminação pública,Governos Municipais,0.000457711742995839
2010,Iluminação pública,Coluna de Consolidação,0.0
2010,Iluminação pública,Governo Geral,0.0005246642784611597
2011,Iluminação pública,Governo Central,0.0
2011,Iluminação pública,Governos Estaduais,9.580135599109619e-05
2011,Iluminação pública,Governos Municipais,0.0004660684993624353
2011,Iluminação pública,Coluna de Consolidação,0.0
2011,Iluminação pública,Governo Geral,0.0005618698553535315
2012,Iluminação pública,Governo Central,0.0
2012,Iluminação pública,Governos Estaduais,0.00016651043652624454
2012,Iluminação pública,Governos Municipais,0.0004783456387333767
2012,Iluminação pública,Coluna de Consolidação,0.0
2012,Iluminação pública,Governo Geral,0.0006448560752596213
2013,Iluminação pública,Governo Central,0.0
2013,Iluminação pública,Governos Estaduais,0.00025652744614635705
2013,Iluminação pública,Governos Municipais,0.00039556837639145924
2013,Iluminação pública,Coluna de Consolidação,0.0
2013,Iluminação pública,Governo Geral,0.0006520958225378163
2014,Iluminação pública,Governo Central,0.0
2014,Iluminação pública,Governos Estaduais,0.00011449346730584403
2014,Iluminação pública,Governos Municipais,0.0005711104031234492
2014,Iluminação pública,Coluna de Consolidação,-6.223596458570179e-07
2014,Iluminação pública,Governo Geral,0.0006849815107834363
2015,Iluminação pública,Governo Central,0.0
2015,Iluminação pública,Governos Estaduais,5.8155919090467776e-05
2015,Iluminação pública,Governos Municipais,0.0008125365822829406
2015,Iluminação pública,Coluna de Consolidação,-6.070877561435574e-06
2015,Iluminação pública,Governo Geral,0.0008646216238119727
2016,Iluminação pública,Governo Central,0.0
2016,Iluminação pública,Governos Estaduais,6.218808977806716e-05
2016,Iluminação pública,Governos Municipais,0.0009320821531304969
2016,Iluminação pública,Coluna de Consolidação,-1.1947164195152953e-05
2016,Iluminação pública,Governo Geral,0.000982323078713411
2017,Iluminação pública,Governo Central,0.0
2017,Iluminação pública,Governos Estaduais,8.101976483322115e-05
2017,Iluminação pública,Governos Municipais,0.0008098071130980997
2017,Iluminação pública,Coluna de Consolidação,-9.083868804354664e-06
2017,Iluminação pública,Governo Geral,0.0008817430091269663
2018,Iluminação pública,Governo Central,0.0
2018,Iluminação pública,Governos Estaduais,7.887552793948285e-05
2018,Iluminação pública,Governos Municipais,0.0009100685323954476
2018,Iluminação pública,Coluna de Consolidação,-1.2791902900714633e-05
2018,Iluminação pública,Governo Geral,0.0009761521574342158
2019,Iluminação pública,Governo Central,0.0
2019,Iluminação pública,Governos Estaduais,6.814615047944941e-05
2019,Iluminação pública,Governos Municipais,0.0008944410481814097
2019,Iluminação pública,Coluna de Consolidação,-5.652532761719247e-06
2019,Iluminação pública,Governo Geral,0.0009569346658991399
2020,Iluminação pública,Governo Central,0.0
2020,Iluminação pública,Governos Estaduais,3.7694577472183016e-05
2020,Iluminação pública,Governos Municipais,0.0010476576761936083
2020,Iluminação pública,Coluna de Consolidação,-7.645207449616998e-06
2020,Iluminação pública,Governo Geral,0.0010777070462161741
2021,Iluminação pública,Governo Central,0.0
2021,Iluminação pública,Governos Estaduais,5.44359341897233e-05
2021,Iluminação pública,Governos Municipais,0.0009307211778742501
2021,Iluminação pública,Coluna de Consolidação,-6.740192076986046e-06
2021,Iluminação pública,Governo Geral,0.0009784169199869876
2022,Iluminação pública,Governo Central,0.0
2022,Iluminação pública,Governos Estaduais,7.65322540495352e-05
2022,Iluminação pública,Governos Municipais,0.0010386046641679824
2022,Iluminação pública,Coluna de Consolidação,-5.885100408116189e-06
2022,Iluminação pública,Governo Geral,0.0011092518178094013
2023,Iluminação pública,Governo Central,0.0
2023,Iluminação pública,Governos Estaduais,6.561961475945658e-05
2023,Iluminação pública,Governos Municipais,0.0011626728962250547
2023,Iluminação pública,Coluna de Consolidação,-6.822482171558936e-06
2023,Iluminação pública,Governo Geral,0.0012214700288129523
2024,Iluminação pública,Governo Central,0.0
2024,Iluminação pública,Governos Estaduais,5.564425776179303e-05
2024,Iluminação pública,Governos Municipais,0.0013307988157268541
2024,Iluminação pública,Coluna de Consolidação,-7.010207483662467e-06
2024,Iluminação pública,Governo Geral,0.0013794328660049846
2010,Pesquisa e desenvolvimento da habitação e serv. comunitários,Governo Central,1.227157838375938e-05
2010,Pesquisa e desenvolvimento da habitação e serv. comunitários,Governos Estaduais,3.7760529101798575e-09
2010,Pesquisa e desenvolvimento da habitação e serv. comunitários,Governos Municipais,0.0
2010,Pesquisa e desenvolvimento da habitação e serv. comunitários,Coluna de Consolidação,-2.1086631498087308e-07
2010,Pesquisa e desenvolvimento da habitação e serv. comunitários,Governo Geral,1.2064488121688687e-05
2011,Pesquisa e desenvolvimento da habitação e serv. comunitários,Governo Central,9.586527391287505e-06
2011,Pesquisa e desenvolvimento da habitação e serv. comunitários,Governos Estaduais,2.2004841712635064e-09
2011,Pesquisa e desenvolvimento da habitação e serv. comunitários,Governos Municipais,0.0
2011,Pesquisa e desenvolvimento da habitação e serv. comunitários,Coluna de Consolidação,-8.429423480791116e-08
2011,Pesquisa e desenvolvimento da habitação e serv. comunitários,Governo Geral,9.504433640650856e-06
2012,Pesquisa e desenvolvimento da habitação e serv. comunitários,Governo Central,7.365556763930994e-06
2012,Pesquisa e desenvolvimento da habitação e serv. comunitários,Governos Estaduais,1.4268653588250744e-09
2012,Pesquisa e desenvolvimento da habitação e serv. comunitários,Governos Municipais,0.0
2012,Pesquisa e desenvolvimento da habitação e serv. comunitários,Coluna de Consolidação,-1.2868295745823142e-07
2012,Pesquisa e desenvolvimento da habitação e serv. comunitários,Governo Geral,7.2383006718315875e-06
2013,Pesquisa e desenvolvimento da habitação e serv. comunitários,Governo Central,1.4228032970615253e-05
2013,Pesquisa e desenvolvimento da habitação e serv. comunitários,Governos Estaduais,1.2348646803070852e-09
2013,Pesquisa e desenvolvimento da habitação e serv. comunitários,Governos Municipais,0.0
2013,Pesquisa e desenvolvimento da habitação e serv. comunitários,Coluna de Consolidação,-4.7288353780123414e-07
2013,Pesquisa e desenvolvimento da habitação e serv. comunitários,Governo Geral,1.3756384297494324e-05
2014,Pesquisa e desenvolvimento da habitação e serv. comunitários,Governo Central,2.46931412683643e-05
2014,Pesquisa e desenvolvimento da habitação e serv. comunitários,Governos Estaduais,1.22350514179657e-09
2014,Pesquisa e desenvolvimento da habitação e serv. comunitários,Governos Municipais,0.0
2014,Pesquisa e desenvolvimento da habitação e serv. comunitários,Coluna de Consolidação,-6.174188885276016e-08
2014,Pesquisa e desenvolvimento da habitação e serv. comunitários,Governo Geral,2.463262288465334e-05
2015,Pesquisa e desenvolvimento da habitação e serv. comunitários,Governo Central,2.237234909735272e-05
2015,Pesquisa e desenvolvimento da habitação e serv. comunitários,Governos Estaduais,6.683111904478126e-10
2015,Pesquisa e desenvolvimento da habitação e serv. comunitários,Governos Municipais,0.0
2015,Pesquisa e desenvolvimento da habitação e serv. comunitários,Coluna de Consolidação,-2.6492824344755675e-08
2015,Pesquisa e desenvolvimento da habitação e serv. comunitários,Governo Geral,2.234652458419841e-05
2016,Pesquisa e desenvolvimento da habitação e serv. comunitários,Governo Central,1.1238109415555848e-05
2016,Pesquisa e desenvolvimento da habitação e serv. comunitários,Governos Estaduais,9.60144776510012e-07
2016,Pesquisa e desenvolvimento da habitação e serv. comunitários,Governos Municipais,0.0
2016,Pesquisa e desenvolvimento da habitação e serv. comunitários,Coluna de Consolidação,-1.1828954078576137e-07
2016,Pesquisa e desenvolvimento da habitação e serv. comunitários,Governo Geral,1.2079964651280099e-05
2017,Pesquisa e desenvolvimento da habitação e serv. comunitários,Governo Central,7.433981939671904e-06
2017,Pesquisa e desenvolvimento da habitação e serv. comunitários,Governos Estaduais,1.246245944709109e-06
2017,Pesquisa e desenvolvimento da habitação e serv. comunitários,Governos Municipais,0.0
2017,Pesquisa e desenvolvimento da habitação e serv. comunitários,Coluna de Consolidação,-8.606565468110968e-08
2017,Pesquisa e desenvolvimento da habitação e serv. comunitários,Governo Geral,8.594162229699903e-06
2018,Pesquisa e desenvolvimento da habitação e serv. comunitários,Governo Central,6.427724617921328e-06
2018,Pesquisa e desenvolvimento da habitação e serv. comunitários,Governos Estaduais,1.3831065788314228e-06
2018,Pesquisa e desenvolvimento da habitação e serv. comunitários,Governos Municipais,0.0
2018,Pesquisa e desenvolvimento da habitação e serv. comunitários,Coluna de Consolidação,-5.9561751092859565e-08
2018,Pesquisa e desenvolvimento da habitação e serv. comunitários,Governo Geral,7.75126944565989e-06
2019,Pesquisa e desenvolvimento da habitação e serv. comunitários,Governo Central,6.350183505109627e-06
2019,Pesquisa e desenvolvimento da habitação e serv. comunitários,Governos Estaduais,9.112628123998397e-07
2019,Pesquisa e desenvolvimento da habitação e serv. comunitários,Governos Municipais,0.0
2019,Pesquisa e desenvolvimento da habitação e serv. comunitários,Coluna de Consolidação,-4.3047531060241316e-08
2019,Pesquisa e desenvolvimento da habitação e serv. comunitários,Governo Geral,7.2183987864492254e-06
2020,Pesquisa e desenvolvimento da habitação e serv. comunitários,Governo Central,5.1003380954816025e-06
2020,Pesquisa e desenvolvimento da habitação e serv. comunitários,Governos Estaduais,3.367744784348326e-07
2020,Pesquisa e desenvolvimento da habitação e serv. comunitários,Governos Municipais,0.0
2020,Pesquisa e desenvolvimento da habitação e serv. comunitários,Coluna de Consolidação,-2.6928047407874323e-08
2020,Pesquisa e desenvolvimento da habitação e serv. comunitários,Governo Geral,5.4101845265085606e-06
2021,Pesquisa e desenvolvimento da habitação e serv. comunitários,Governo Central,4.343018052039579e-06
2021,Pesquisa e desenvolvimento da habitação e serv. comunitários,Governos Estaduais,1.197115282554141e-07
2021,Pesquisa e desenvolvimento da habitação e serv. comunitários,Governos Municipais,0.0
2021,Pesquisa e desenvolvimento da habitação e serv. comunitários,Coluna de Consolidação,0.0
2021,Pesquisa e desenvolvimento da habitação e serv. comunitários,Governo Geral,4.4627295802949926e-06
2022,Pesquisa e desenvolvimento da habitação e serv. comunitários,Governo Central,4.043085136409303e-06
2022,Pesquisa e desenvolvimento da habitação e serv. comunitários,Governos Estaduais,2.563277747204327e-07
2022,Pesquisa e desenvolvimento da habitação e serv. comunitários,Governos Municipais,0.0
2022,Pesquisa e desenvolvimento da habitação e serv. comunitários,Coluna de Consolidação,0.0
2022,Pesquisa e desenvolvimento da habitação e serv. comunitários,Governo Geral,4.299412911129736e-06
2023,Pesquisa e desenvolvimento da habitação e serv. comunitários,Governo Central,7.802293080747274e-06
2023,Pesquisa e desenvolvimento da habitação e serv. comunitários,Governos Estaduais,6.193258437853562e-06
2023,Pesquisa e desenvolvimento da habitação e serv. comunitários,Governos Municipais,0.0
2023,Pesquisa e desenvolvimento da habitação e serv. comunitários,Coluna de Consolidação,-1.3918095963925782e-07
2023,Pesquisa e desenvolvimento da habitação e serv. comunitários,Governo Geral,1.3856370558961575e-05
2024,Pesquisa e desenvolvimento da habitação e serv. comunitários,Governo Central,6.417957790020518e-06
2024,Pesquisa e desenvolvimento da habitação e serv. comunitários,Governos Estaduais,2.3125432222166168e-07
2024,Pesquisa e desenvolvimento da habitação e serv. comunitários,Governos Municipais,0.0
2024,Pesquisa e desenvolvimento da habitação e serv. comunitários,Coluna de Consolidação,-1.0498842992986898e-10
2024,Pesquisa e desenvolvimento da habitação e serv. comunitários,Governo Geral,6.6491071238122505e-06
2010,Habitação e serviços comunitários não especificados,Governo Central,2.368707339837741e-06
2010,Habitação e serviços comunitários não especificados,Governos Estaduais,3.49308098959584e-05
2010,Habitação e serviços comunitários não especificados,Governos Municipais,0.004760877866331125
2010,Habitação e serviços comunitários não especificados,Coluna de Consolidação,-2.4571246198468936e-05
2010,Habitação e serviços comunitários não especificados,Governo Geral,0.004773606137368452
2011,Habitação e serviços comunitários não especificados,Governo Central,3.282194218987283e-07
2011,Habitação e serviços comunitários não especificados,Governos Estaduais,3.389149706692561e-05
2011,Habitação e serviços comunitários não especificados,Governos Municipais,0.005082081396937736
2011,Habitação e serviços comunitários não especificados,Coluna de Consolidação,-1.4280605351308696e-05
2011,Habitação e serviços comunitários não especificados,Governo Geral,0.005102020508075251
2012,Habitação e serviços comunitários não especificados,Governo Central,2.1032788551804806e-07
2012,Habitação e serviços comunitários não especificados,Governos Estaduais,3.650830186182773e-05
2012,Habitação e serviços comunitários não especificados,Governos Municipais,0.005150388145428775
2012,Habitação e serviços comunitários não especificados,Coluna de Consolidação,-1.21969038766875e-05
2012,Habitação e serviços comunitários não especificados,Governo Geral,0.005174909871299433
2013,Habitação e serviços comunitários não especificados,Governo Central,3.1379058783401756e-07
2013,Habitação e serviços comunitários não especificados,Governos Estaduais,3.904741264329069e-05
2013,Habitação e serviços comunitários não especificados,Governos Municipais,0.004424003309189505
2013,Habitação e serviços comunitários não especificados,Coluna de Consolidação,-2.9941160408663447e-05
2013,Habitação e serviços comunitários não especificados,Governo Geral,0.004433423352011966
2014,Habitação e serviços comunitários não especificados,Governo Central,2.416186894058359e-07
2014,Habitação e serviços comunitários não especificados,Governos Estaduais,3.9032874990176554e-05
2014,Habitação e serviços comunitários não especificados,Governos Municipais,0.00449409004284162
2014,Habitação e serviços comunitários não especificados,Coluna de Consolidação,-8.195739207024417e-06
2014,Habitação e serviços comunitários não especificados,Governo Geral,0.004525168797314178
2015,Habitação e serviços comunitários não especificados,Governo Central,2.1717986980849072e-07
2015,Habitação e serviços comunitários não especificados,Governos Estaduais,3.4601212301390595e-05
2015,Habitação e serviços comunitários não especificados,Governos Municipais,0.004363622915710336
2015,Habitação e serviços comunitários não especificados,Coluna de Consolidação,-1.1490430976983581e-05
2015,Habitação e serviços comunitários não especificados,Governo Geral,0.004386950876904551
2016,Habitação e serviços comunitários não especificados,Governo Central,1.4018455086535482e-07
2016,Habitação e serviços comunitários não especificados,Governos Estaduais,4.767680773048141e-05
2016,Habitação e serviços comunitários não especificados,Governos Municipais,0.0046050732944529355
2016,Habitação e serviços comunitários não especificados,Coluna de Consolidação,-1.86567673653889e-05
2016,Habitação e serviços comunitários não especificados,Governo Geral,0.004634233519368894
2017,Habitação e serviços comunitários não especificados,Governo Central,1.6174572874310145e-08
2017,Habitação e serviços comunitários não especificados,Governos Estaduais,4.3848908209886485e-05
2017,Habitação e serviços comunitários não especificados,Governos Municipais,0.003941955225854813
2017,Habitação e serviços comunitários não especificados,Coluna de Consolidação,-5.936528981722451e-05
2017,Habitação e serviços comunitários não especificados,Governo Geral,0.003926455018820349
2018,Habitação e serviços comunitários não especificados,Governo Central,3.263355206633901e-10
2018,Habitação e serviços comunitários não especificados,Governos Estaduais,4.307662319062487e-05
2018,Habitação e serviços comunitários não especificados,Governos Municipais,0.0039080377180568185
2018,Habitação e serviços comunitários não especificados,Coluna de Consolidação,-4.144077668320188e-05
2018,Habitação e serviços comunitários não especificados,Governo Geral,0.003909673890899763
2019,Habitação e serviços comunitários não especificados,Governo Central,0.0
2019,Habitação e serviços comunitários não especificados,Governos Estaduais,4.306506236764192e-05
2019,Habitação e serviços comunitários não especificados,Governos Municipais,0.004561741703907134
2019,Habitação e serviços comunitários não especificados,Coluna de Consolidação,-1.9887776834294538e-05
2019,Habitação e serviços comunitários não especificados,Governo Geral,0.004584918989440482
2020,Habitação e serviços comunitários não especificados,Governo Central,0.0
2020,Habitação e serviços comunitários não especificados,Governos Estaduais,4.2594872518931955e-05
2020,Habitação e serviços comunitários não especificados,Governos Municipais,0.005919060104899883
2020,Habitação e serviços comunitários não especificados,Coluna de Consolidação,-2.784792627885066e-05
2020,Habitação e serviços comunitários não especificados,Governo Geral,0.005933807051139965
2021,Habitação e serviços comunitários não especificados,Governo Central,0.0
2021,Habitação e serviços comunitários não especificados,Governos Estaduais,4.1928543340026585e-05
2021,Habitação e serviços comunitários não especificados,Governos Municipais,0.004925783829157387
2021,Habitação e serviços comunitários não especificados,Coluna de Consolidação,-2.456010938779733e-05
2021,Habitação e serviços comunitários não especificados,Governo Geral,0.004943152263109617
2022,Habitação e serviços comunitários não especificados,Governo Central,0.0
2022,Habitação e serviços comunitários não especificados,Governos Estaduais,3.768062524364467e-05
2022,Habitação e serviços comunitários não especificados,Governos Municipais,0.005471462165745321
2022,Habitação e serviços comunitários não especificados,Coluna de Consolidação,-1.9767992749446996e-05
2022,Habitação e serviços comunitários não especificados,Governo Geral,0.005489374798239518
2023,Habitação e serviços comunitários não especificados,Governo Central,0.0
2023,Habitação e serviços comunitários não especificados,Governos Estaduais,1.7723678464257404e-05
2023,Habitação e serviços comunitários não especificados,Governos Municipais,0.006506945468157696
2023,Habitação e serviços comunitários não especificados,Coluna de Consolidação,-2.48775362901001e-05
2023,Habitação e serviços comunitários não especificados,Governo Geral,0.006499791610331852
2024,Habitação e serviços comunitários não especificados,Governo Central,0.0
2024,Habitação e serviços comunitários não especificados,Governos Estaduais,3.795515325250033e-05
2024,Habitação e serviços comunitários não especificados,Governos Municipais,0.007536593472201002
2024,Habitação e serviços comunitários não especificados,Coluna de Consolidação,-2.9932949853642135e-05
2024,Habitação e serviços comunitários não especificados,Governo Geral,0.007544615675599861
2010,Saúde,Governo Central,0.017270933481303454
2010,Saúde,Governos Estaduais,0.013885893679133557
2010,Saúde,Governos Municipais,0.014745563527632812
2010,Saúde,Coluna de Consolidação,-0.012520480794238594
2010,Saúde,Governo Geral,0.03338190989383123
2011,Saúde,Governo Central,0.017185157718303225
2011,Saúde,Governos Estaduais,0.013186457615889045
2011,Saúde,Governos Municipais,0.015829237955153144
2011,Saúde,Coluna de Consolidação,-0.01212094624757665
2011,Saúde,Governo Geral,0.03407990704176876
2012,Saúde,Governo Central,0.017675087752222696
2012,Saúde,Governos Estaduais,0.013972987937201075
2012,Saúde,Governos Municipais,0.01656108896274717
2012,Saúde,Coluna de Consolidação,-0.01248640588764732
2012,Saúde,Governo Geral,0.03572275876452362
2013,Saúde,Governo Central,0.01750862329146156
2013,Saúde,Governos Estaduais,0.014102324626939632
2013,Saúde,Governos Municipais,0.016022320567150902
2013,Saúde,Coluna de Consolidação,-0.011616910456642867
2013,Saúde,Governo Geral,0.03601635802890923
2014,Saúde,Governo Central,0.018197950447998535
2014,Saúde,Governos Estaduais,0.014342882187914581
2014,Saúde,Governos Municipais,0.018895226097968103
2014,Saúde,Coluna de Consolidação,-0.012200671411998073
2014,Saúde,Governo Geral,0.039235387321883156
2015,Saúde,Governo Central,0.01876786792023905
2015,Saúde,Governos Estaduais,0.015175165266879845
2015,Saúde,Governos Municipais,0.01926287476506773
2015,Saúde,Coluna de Consolidação,-0.01212727279981796
2015,Saúde,Governo Geral,0.04107863515236867
2016,Saúde,Governo Central,0.019770827296106373
2016,Saúde,Governos Estaduais,0.016197847255747782
2016,Saúde,Governos Municipais,0.01968481430371331
2016,Saúde,Coluna de Consolidação,-0.013317284818777904
2016,Saúde,Governo Geral,0.04233620403678955
2017,Saúde,Governo Central,0.019141427756832117
2017,Saúde,Governos Estaduais,0.015738761797914877
2017,Saúde,Governos Municipais,0.019066029389943874
2017,Saúde,Coluna de Consolidação,-0.012835989393485849
2017,Saúde,Governo Geral,0.041110229551205024
2018,Saúde,Governo Central,0.019681453375542078
2018,Saúde,Governos Estaduais,0.015671954895943564
2018,Saúde,Governos Municipais,0.01964715758703106
2018,Saúde,Coluna de Consolidação,-0.013779226529648947
2018,Saúde,Governo Geral,0.04122133932886776
2019,Saúde,Governo Central,0.019617669882848212
2019,Saúde,Governos Estaduais,0.01567533812249802
2019,Saúde,Governos Municipais,0.022596852555623596
2019,Saúde,Coluna de Consolidação,-0.013603810350469038
2019,Saúde,Governo Geral,0.04428605021050079
2020,Saúde,Governo Central,0.024445688717308973
2020,Saúde,Governos Estaduais,0.018371347750857765
2020,Saúde,Governos Municipais,0.025641235356681502
2020,Saúde,Coluna de Consolidação,-0.018358179244317766
2020,Saúde,Governo Geral,0.05010009258053047
2021,Saúde,Governo Central,0.021910173270632643
2021,Saúde,Governos Estaduais,0.016293244511810228
2021,Saúde,Governos Municipais,0.024060805989657177
2021,Saúde,Coluna de Consolidação,-0.014567431968604327
2021,Saúde,Governo Geral,0.047696791803495724
2022,Saúde,Governo Central,0.017507399416333388
2022,Saúde,Governos Estaduais,0.0179435595411289
2022,Saúde,Governos Municipais,0.02523076707673494
2022,Saúde,Coluna de Consolidação,-0.013759857786022543
2022,Saúde,Governo Geral,0.046921868248174674
2023,Saúde,Governo Central,0.018983620184937513
2023,Saúde,Governos Estaduais,0.0172753345991934
2023,Saúde,Governos Municipais,0.02581006329423866
2023,Saúde,Coluna de Consolidação,-0.014879484388072808
2023,Saúde,Governo Geral,0.04718953369029677
2024,Saúde,Governo Central,0.02109161384468911
2024,Saúde,Governos Estaduais,0.019809284722343813
2024,Saúde,Governos Municipais,0.027676985417945842
2024,Saúde,Coluna de Consolidação,-0.018258850805425844
2024,Saúde,Governo Geral,0.05031903317955291
2010,"Produtos, instrumentos e equipamentos médicos",Governo Central,0.0017341781770405878
2010,"Produtos, instrumentos e equipamentos médicos",Governos Estaduais,0.0005730433080791117
2010,"Produtos, instrumentos e equipamentos médicos",Governos Municipais,0.0003152566288329247
2010,"Produtos, instrumentos e equipamentos médicos",Coluna de Consolidação,-0.0008405901375259296
2010,"Produtos, instrumentos e equipamentos médicos",Governo Geral,0.0017818879764266945
2011,"Produtos, instrumentos e equipamentos médicos",Governo Central,0.0020164553756765236
2011,"Produtos, instrumentos e equipamentos médicos",Governos Estaduais,0.0005522502960376043
2011,"Produtos, instrumentos e equipamentos médicos",Governos Municipais,0.00033904115898102924
2011,"Produtos, instrumentos e equipamentos médicos",Coluna de Consolidação,-0.0007928253642882923
2011,"Produtos, instrumentos e equipamentos médicos",Governo Geral,0.0021149214664068646
2012,"Produtos, instrumentos e equipamentos médicos",Governo Central,0.0019852012610800827
2012,"Produtos, instrumentos e equipamentos médicos",Governos Estaduais,0.0007530012413337165
2012,"Produtos, instrumentos e equipamentos médicos",Governos Municipais,0.0003965178551598265
2012,"Produtos, instrumentos e equipamentos médicos",Coluna de Consolidação,-0.0006589283828125948
2012,"Produtos, instrumentos e equipamentos médicos",Governo Geral,0.0024757919747610308
2013,"Produtos, instrumentos e equipamentos médicos",Governo Central,0.0021657214597912006
2013,"Produtos, instrumentos e equipamentos médicos",Governos Estaduais,0.0007176036028762254
2013,"Produtos, instrumentos e equipamentos médicos",Governos Municipais,0.00037882009271457564
2013,"Produtos, instrumentos e equipamentos médicos",Coluna de Consolidação,-0.0006449448634081686
2013,"Produtos, instrumentos e equipamentos médicos",Governo Geral,0.002617200291973833
2014,"Produtos, instrumentos e equipamentos médicos",Governo Central,0.002247526395431405
2014,"Produtos, instrumentos e equipamentos médicos",Governos Estaduais,0.0007762701215883465
2014,"Produtos, instrumentos e equipamentos médicos",Governos Municipais,0.00043724731722172137
2014,"Produtos, instrumentos e equipamentos médicos",Coluna de Consolidação,-0.0006567318909902648
2014,"Produtos, instrumentos e equipamentos médicos",Governo Geral,0.0028043119432512075
2015,"Produtos, instrumentos e equipamentos médicos",Governo Central,0.0024982405559546656
2015,"Produtos, instrumentos e equipamentos médicos",Governos Estaduais,0.0007873194416128488
2015,"Produtos, instrumentos e equipamentos médicos",Governos Municipais,0.00043956600014150206
2015,"Produtos, instrumentos e equipamentos médicos",Coluna de Consolidação,-0.00035274171774598033
2015,"Produtos, instrumentos e equipamentos médicos",Governo Geral,0.0033723842799630362
2016,"Produtos, instrumentos e equipamentos médicos",Governo Central,0.002953431563533149
2016,"Produtos, instrumentos e equipamentos médicos",Governos Estaduais,0.0008842248014934781
2016,"Produtos, instrumentos e equipamentos médicos",Governos Municipais,0.0004156172666128259
2016,"Produtos, instrumentos e equipamentos médicos",Coluna de Consolidação,-0.00039677779506978986
2016,"Produtos, instrumentos e equipamentos médicos",Governo Geral,0.003856495836569663
2017,"Produtos, instrumentos e equipamentos médicos",Governo Central,0.0025923859895026365
2017,"Produtos, instrumentos e equipamentos médicos",Governos Estaduais,0.0007619099806145855
2017,"Produtos, instrumentos e equipamentos médicos",Governos Municipais,0.0004415488402688952
2017,"Produtos, instrumentos e equipamentos médicos",Coluna de Consolidação,-0.00035438501500418884
2017,"Produtos, instrumentos e equipamentos médicos",Governo Geral,0.0034414597953819287
2018,"Produtos, instrumentos e equipamentos médicos",Governo Central,0.0025073634597480897
2018,"Produtos, instrumentos e equipamentos médicos",Governos Estaduais,0.0008349088597639224
2018,"Produtos, instrumentos e equipamentos médicos",Governos Municipais,0.0005264751780747363
2018,"Produtos, instrumentos e equipamentos médicos",Coluna de Consolidação,-0.000420841397166391
2018,"Produtos, instrumentos e equipamentos médicos",Governo Geral,0.003447906100420358
2019,"Produtos, instrumentos e equipamentos médicos",Governo Central,0.0027206993647658846
2019,"Produtos, instrumentos e equipamentos médicos",Governos Estaduais,0.0008321928851608641
2019,"Produtos, instrumentos e equipamentos médicos",Governos Municipais,0.0005288720248210669
2019,"Produtos, instrumentos e equipamentos médicos",Coluna de Consolidação,-0.00031992397589962593
2019,"Produtos, instrumentos e equipamentos médicos",Governo Geral,0.0037618402988481895
2020,"Produtos, instrumentos e equipamentos médicos",Governo Central,0.002622046490489679
2020,"Produtos, instrumentos e equipamentos médicos",Governos Estaduais,0.0008951014214449485
2020,"Produtos, instrumentos e equipamentos médicos",Governos Municipais,0.0005479576522968313
2020,"Produtos, instrumentos e equipamentos médicos",Coluna de Consolidação,-0.0003497027697681661
2020,"Produtos, instrumentos e equipamentos médicos",Governo Geral,0.0037154027944632925
2021,"Produtos, instrumentos e equipamentos médicos",Governo Central,0.003246360847168465
2021,"Produtos, instrumentos e equipamentos médicos",Governos Estaduais,0.0006833856661365306
2021,"Produtos, instrumentos e equipamentos médicos",Governos Municipais,0.0005579001186529801
2021,"Produtos, instrumentos e equipamentos médicos",Coluna de Consolidação,-0.0002815899240968634
2021,"Produtos, instrumentos e equipamentos médicos",Governo Geral,0.004206056707861112
2022,"Produtos, instrumentos e equipamentos médicos",Governo Central,0.0028953372452147547
2022,"Produtos, instrumentos e equipamentos médicos",Governos Estaduais,0.0008096162113185179
2022,"Produtos, instrumentos e equipamentos médicos",Governos Municipais,0.000704464364097478
2022,"Produtos, instrumentos e equipamentos médicos",Coluna de Consolidação,-0.0002908546386962436
2022,"Produtos, instrumentos e equipamentos médicos",Governo Geral,0.004118563181934507
2023,"Produtos, instrumentos e equipamentos médicos",Governo Central,0.0028171013852761563
2023,"Produtos, instrumentos e equipamentos médicos",Governos Estaduais,0.0008386370912113134
2023,"Produtos, instrumentos e equipamentos médicos",Governos Municipais,0.0007330070614652779
2023,"Produtos, instrumentos e equipamentos médicos",Coluna de Consolidação,-0.000338391496369242
2023,"Produtos, instrumentos e equipamentos médicos",Governo Geral,0.004050354041583506
2024,"Produtos, instrumentos e equipamentos médicos",Governo Central,0.002994407143932084
2024,"Produtos, instrumentos e equipamentos médicos",Governos Estaduais,0.0009653787146515686
2024,"Produtos, instrumentos e equipamentos médicos",Governos Municipais,0.000764045702025836
2024,"Produtos, instrumentos e equipamentos médicos",Coluna de Consolidação,-0.0003872660386690836
2024,"Produtos, instrumentos e equipamentos médicos",Governo Geral,0.004336565521940405
2010,Serviços ambulatoriais,Governo Central,0.002746807062428647
2010,Serviços ambulatoriais,Governos Estaduais,0.0023255080613974275
2010,Serviços ambulatoriais,Governos Municipais,0.00787268805605746
2010,Serviços ambulatoriais,Coluna de Consolidação,-0.003322786716534566
2010,Serviços ambulatoriais,Governo Geral,0.00962221646334897
2011,Serviços ambulatoriais,Governo Central,0.002772580522604128
2011,Serviços ambulatoriais,Governos Estaduais,0.002120607977673148
2011,Serviços ambulatoriais,Governos Municipais,0.008151581602667197
2011,Serviços ambulatoriais,Coluna de Consolidação,-0.0032539477477636076
2011,Serviços ambulatoriais,Governo Geral,0.009790822355180865
2012,Serviços ambulatoriais,Governo Central,0.003139053473682673
2012,Serviços ambulatoriais,Governos Estaduais,0.0019993720087891445
2012,Serviços ambulatoriais,Governos Municipais,0.008300420060044935
2012,Serviços ambulatoriais,Coluna de Consolidação,-0.0034630628841128114
2012,Serviços ambulatoriais,Governo Geral,0.009975782658403941
2013,Serviços ambulatoriais,Governo Central,0.0030276133980733635
2013,Serviços ambulatoriais,Governos Estaduais,0.0018664178349693341
2013,Serviços ambulatoriais,Governos Municipais,0.007889078572248855
2013,Serviços ambulatoriais,Coluna de Consolidação,-0.003199389204292552
2013,Serviços ambulatoriais,Governo Geral,0.009583720600999001
2014,Serviços ambulatoriais,Governo Central,0.0033959771046024995
2014,Serviços ambulatoriais,Governos Estaduais,0.002035649209564591
2014,Serviços ambulatoriais,Governos Municipais,0.00890121259316044
2014,Serviços ambulatoriais,Coluna de Consolidação,-0.0033880522224997026
2014,Serviços ambulatoriais,Governo Geral,0.010944786684827828
2015,Serviços ambulatoriais,Governo Central,0.003377442997623895
2015,Serviços ambulatoriais,Governos Estaduais,0.002120363495321642
2015,Serviços ambulatoriais,Governos Municipais,0.009074103385910172
2015,Serviços ambulatoriais,Coluna de Consolidação,-0.0034928330979911207
2015,Serviços ambulatoriais,Governo Geral,0.011079076780864587
2016,Serviços ambulatoriais,Governo Central,0.0034467507402439856
2016,Serviços ambulatoriais,Governos Estaduais,0.0021990325216854757
2016,Serviços ambulatoriais,Governos Municipais,0.0092411030366043
2016,Serviços ambulatoriais,Coluna de Consolidação,-0.003979469806878016
2016,Serviços ambulatoriais,Governo Geral,0.010907416491655745
2017,Serviços ambulatoriais,Governo Central,0.003121849335789331
2017,Serviços ambulatoriais,Governos Estaduais,0.0021413645469814903
2017,Serviços ambulatoriais,Governos Municipais,0.008830757202872063
2017,Serviços ambulatoriais,Coluna de Consolidação,-0.0035544241557745647
2017,Serviços ambulatoriais,Governo Geral,0.01053954692986832
2018,Serviços ambulatoriais,Governo Central,0.0031664509044353325
2018,Serviços ambulatoriais,Governos Estaduais,0.0021049243377513397
2018,Serviços ambulatoriais,Governos Municipais,0.00894708977537867
2018,Serviços ambulatoriais,Coluna de Consolidação,-0.0037525380992843083
2018,Serviços ambulatoriais,Governo Geral,0.010465926918281033
2019,Serviços ambulatoriais,Governo Central,0.0036552365185457234
2019,Serviços ambulatoriais,Governos Estaduais,0.002187775053095826
2019,Serviços ambulatoriais,Governos Municipais,0.010270303506729923
2019,Serviços ambulatoriais,Coluna de Consolidação,-0.0042507475995503426
2019,Serviços ambulatoriais,Governo Geral,0.011862567478821131
2020,Serviços ambulatoriais,Governo Central,0.0034970172534534477
2020,Serviços ambulatoriais,Governos Estaduais,0.0034716781237231946
2020,Serviços ambulatoriais,Governos Municipais,0.01152143582363556
2020,Serviços ambulatoriais,Coluna de Consolidação,-0.0045940866498569086
2020,Serviços ambulatoriais,Governo Geral,0.013896044550955297
2021,Serviços ambulatoriais,Governo Central,0.003706770899575929
2021,Serviços ambulatoriais,Governos Estaduais,0.0032965504954617286
2021,Serviços ambulatoriais,Governos Municipais,0.010602850251372125
2021,Serviços ambulatoriais,Coluna de Consolidação,-0.004962576868996028
2021,Serviços ambulatoriais,Governo Geral,0.012643594777413752
2022,Serviços ambulatoriais,Governo Central,0.003607801465187904
2022,Serviços ambulatoriais,Governos Estaduais,0.0037928846154361203
2022,Serviços ambulatoriais,Governos Municipais,0.010726968143482379
2022,Serviços ambulatoriais,Coluna de Consolidação,-0.005093373332872461
2022,Serviços ambulatoriais,Governo Geral,0.013034280891233943
2023,Serviços ambulatoriais,Governo Central,0.004415232342332056
2023,Serviços ambulatoriais,Governos Estaduais,0.003242599604925951
2023,Serviços ambulatoriais,Governos Municipais,0.01083524984947339
2023,Serviços ambulatoriais,Coluna de Consolidação,-0.005245469200955714
2023,Serviços ambulatoriais,Governo Geral,0.013247612595775685
2024,Serviços ambulatoriais,Governo Central,0.005231181952312247
2024,Serviços ambulatoriais,Governos Estaduais,0.0035405634257930775
2024,Serviços ambulatoriais,Governos Municipais,0.01148823300387801
2024,Serviços ambulatoriais,Coluna de Consolidação,-0.006250157595050842
2024,Serviços ambulatoriais,Governo Geral,0.014009820786932492
2010,Serviços hospitalares,Governo Central,0.00977042220635184
2010,Serviços hospitalares,Governos Estaduais,0.00945517476235353
2010,Serviços hospitalares,Governos Municipais,0.005591932031810644
2010,Serviços hospitalares,Coluna de Consolidação,-0.007579621302363283
2010,Serviços hospitalares,Governo Geral,0.01723790769815273
2011,Serviços hospitalares,Governo Central,0.009714345485728986
2011,Serviços hospitalares,Governos Estaduais,0.009126291479014371
2011,Serviços hospitalares,Governos Municipais,0.006198027183687447
2011,Serviços hospitalares,Coluna de Consolidação,-0.0075254109116830855
2011,Serviços hospitalares,Governo Geral,0.017513253236747718
2012,Serviços hospitalares,Governo Central,0.009880254809303319
2012,Serviços hospitalares,Governos Estaduais,0.009836499758492179
2012,Serviços hospitalares,Governos Municipais,0.006610711587865453
2012,Serviços hospitalares,Coluna de Consolidação,-0.007782720757092587
2012,Serviços hospitalares,Governo Geral,0.018544745398568364
2013,Serviços hospitalares,Governo Central,0.009394416715268711
2013,Serviços hospitalares,Governos Estaduais,0.009412702380207714
2013,Serviços hospitalares,Governos Municipais,0.0065164845775215275
2013,Serviços hospitalares,Coluna de Consolidação,-0.007196703027140527
2013,Serviços hospitalares,Governo Geral,0.018126900645857424
2014,Serviços hospitalares,Governo Central,0.009703450139485101
2014,Serviços hospitalares,Governos Estaduais,0.010178875522870381
2014,Serviços hospitalares,Governos Municipais,0.007901335319211878
2014,Serviços hospitalares,Coluna de Consolidação,-0.007621152219974141
2014,Serviços hospitalares,Governo Geral,0.020162508761593218
2015,Serviços hospitalares,Governo Central,0.010027893918501377
2015,Serviços hospitalares,Governos Estaduais,0.010816136263463321
2015,Serviços hospitalares,Governos Municipais,0.00817981966165042
2015,Serviços hospitalares,Coluna de Consolidação,-0.007812932033171292
2015,Serviços hospitalares,Governo Geral,0.021210917810443826
2016,Serviços hospitalares,Governo Central,0.01059559706276601
2016,Serviços hospitalares,Governos Estaduais,0.011804741075468382
2016,Serviços hospitalares,Governos Municipais,0.008322948986292674
2016,Serviços hospitalares,Coluna de Consolidação,-0.008270778643301837
2016,Serviços hospitalares,Governo Geral,0.02245250848122523
2017,Serviços hospitalares,Governo Central,0.01078109239082915
2017,Serviços hospitalares,Governos Estaduais,0.01159492735939127
2017,Serviços hospitalares,Governos Municipais,0.008249440050068314
2017,Serviços hospitalares,Coluna de Consolidação,-0.008357080202675362
2017,Serviços hospitalares,Governo Geral,0.022268379597613373
2018,Serviços hospitalares,Governo Central,0.01144775137300308
2018,Serviços hospitalares,Governos Estaduais,0.011459086031863784
2018,Serviços hospitalares,Governos Municipais,0.00858805261757931
2018,Serviços hospitalares,Coluna de Consolidação,-0.008979711912315787
2018,Serviços hospitalares,Governo Geral,0.022515178110130388
2019,Serviços hospitalares,Governo Central,0.010957500058012203
2019,Serviços hospitalares,Governos Estaduais,0.011492408760782783
2019,Serviços hospitalares,Governos Municipais,0.009832478728914478
2019,Serviços hospitalares,Coluna de Consolidação,-0.008439742858479348
2019,Serviços hospitalares,Governo Geral,0.023842644689230117
2020,Serviços hospitalares,Governo Central,0.010401985826914787
2020,Serviços hospitalares,Governos Estaduais,0.011864940593657832
2020,Serviços hospitalares,Governos Municipais,0.011241851995627182
2020,Serviços hospitalares,Coluna de Consolidação,-0.008088432410256316
2020,Serviços hospitalares,Governo Geral,0.025420346005943485
2021,Serviços hospitalares,Governo Central,0.010713069459361103
2021,Serviços hospitalares,Governos Estaduais,0.010927273414083042
2021,Serviços hospitalares,Governos Municipais,0.010735873144722248
2021,Serviços hospitalares,Coluna de Consolidação,-0.008702214534862392
2021,Serviços hospitalares,Governo Geral,0.023674001483304
2022,Serviços hospitalares,Governo Central,0.009095942881887698
2022,Serviços hospitalares,Governos Estaduais,0.01194078553675676
2022,Serviços hospitalares,Governos Municipais,0.011752098233346718
2022,Serviços hospitalares,Coluna de Consolidação,-0.007833690473754373
2022,Serviços hospitalares,Governo Geral,0.024955136178236803
2023,Serviços hospitalares,Governo Central,0.009893201616928887
2023,Serviços hospitalares,Governos Estaduais,0.012269056941068666
2023,Serviços hospitalares,Governos Municipais,0.012198835392175396
2023,Serviços hospitalares,Coluna de Consolidação,-0.008733455918525323
2023,Serviços hospitalares,Governo Geral,0.025627638031647627
2024,Serviços hospitalares,Governo Central,0.01082854965275948
2024,Serviços hospitalares,Governos Estaduais,0.014131898496952384
2024,Serviços hospitalares,Governos Municipais,0.013288025938523735
2024,Serviços hospitalares,Coluna de Consolidação,-0.010826014704792442
2024,Serviços hospitalares,Governo Geral,0.02742245938344316
2010,Serviços de saúde pública,Governo Central,0.001226079950129565
2010,Serviços de saúde pública,Governos Estaduais,0.0005652924825350022
2010,Serviços de saúde pública,Governos Municipais,0.00034385879654994444
2010,Serviços de saúde pública,Coluna de Consolidação,-0.0006235640481204261
2010,Serviços de saúde pública,Governo Geral,0.0015116671810940852
2011,Serviços de saúde pública,Governo Central,0.000712258813168692
2011,Serviços de saúde pública,Governos Estaduais,0.0004809056650242809
2011,Serviços de saúde pública,Governos Municipais,0.00033052078850759906
2011,Serviços de saúde pública,Coluna de Consolidação,-0.00043680624082792046
2011,Serviços de saúde pública,Governo Geral,0.0010868790258726515
2012,Serviços de saúde pública,Governo Central,0.0007536047188571405
2012,Serviços de saúde pública,Governos Estaduais,0.0005015577237073123
2012,Serviços de saúde pública,Governos Municipais,0.00031234908088664104
2012,Serviços de saúde pública,Coluna de Consolidação,-0.0004492884195034991
2012,Serviços de saúde pública,Governo Geral,0.001118223103947595
2013,Serviços de saúde pública,Governo Central,0.0008194922380567843
2013,Serviços de saúde pública,Governos Estaduais,0.0012374928806069335
2013,Serviços de saúde pública,Governos Municipais,0.00026703590249299943
2013,Serviços de saúde pública,Coluna de Consolidação,-0.00047193173747067505
2013,Serviços de saúde pública,Governo Geral,0.001852089283686042
2014,Serviços de saúde pública,Governo Central,0.0007383009185805072
2014,Serviços de saúde pública,Governos Estaduais,0.0004939231278255018
2014,Serviços de saúde pública,Governos Municipais,0.00030834388634568845
2014,Serviços de saúde pública,Coluna de Consolidação,-0.00040533459770196245
2014,Serviços de saúde pública,Governo Geral,0.0011352333350497352
2015,Serviços de saúde pública,Governo Central,0.0007314567885348823
2015,Serviços de saúde pública,Governos Estaduais,0.0005006889175067443
2015,Serviços de saúde pública,Governos Municipais,0.0003327403510008104
2015,Serviços de saúde pública,Coluna de Consolidação,-0.00037516886765506867
2015,Serviços de saúde pública,Governo Geral,0.0011897171893873685
2016,Serviços de saúde pública,Governo Central,0.0008267705701641551
2016,Serviços de saúde pública,Governos Estaduais,0.0004988798759207106
2016,Serviços de saúde pública,Governos Municipais,0.00037146651957806984
2016,Serviços de saúde pública,Coluna de Consolidação,-0.0005071367159128087
2016,Serviços de saúde pública,Governo Geral,0.001189980249750127
2017,Serviços de saúde pública,Governo Central,0.0007981483987957891
2017,Serviços de saúde pública,Governos Estaduais,0.0004943727045393541
2017,Serviços de saúde pública,Governos Municipais,0.0003178309914623986
2017,Serviços de saúde pública,Coluna de Consolidação,-0.0004261057713812105
2017,Serviços de saúde pública,Governo Geral,0.0011842463234163312
2018,Serviços de saúde pública,Governo Central,0.0008276470420265599
2018,Serviços de saúde pública,Governos Estaduais,0.0005326009284436351
2018,Serviços de saúde pública,Governos Municipais,0.00032762245710753993
2018,Serviços de saúde pública,Coluna de Consolidação,-0.00047680474490257576
2018,Serviços de saúde pública,Governo Geral,0.001211065682675159
2019,Serviços de saúde pública,Governo Central,0.0007494382148974582
2019,Serviços de saúde pública,Governos Estaduais,0.0004497527282042698
2019,Serviços de saúde pública,Governos Municipais,0.0003807569069307938
2019,Serviços de saúde pública,Coluna de Consolidação,-0.0004445292738854572
2019,Serviços de saúde pública,Governo Geral,0.0011354185761470645
2020,Serviços de saúde pública,Governo Central,0.00648837412461461
2020,Serviços de saúde pública,Governos Estaduais,0.0009935880017144737
2020,Serviços de saúde pública,Governos Municipais,0.00046619092586390877
2020,Serviços de saúde pública,Coluna de Consolidação,-0.005188828894677321
2020,Serviços de saúde pública,Governo Geral,0.002759324157515672
2021,Serviços de saúde pública,Governo Central,0.0029369678576670576
2021,Serviços de saúde pública,Governos Estaduais,0.0007268955706758057
2021,Serviços de saúde pública,Governos Municipais,0.000430067133284163
2021,Serviços de saúde pública,Coluna de Consolidação,-0.0005715822076534134
2021,Serviços de saúde pública,Governo Geral,0.0035223483539736132
2022,Serviços de saúde pública,Governo Central,0.0007932496637689094
2022,Serviços de saúde pública,Governos Estaduais,0.00043919127214966583
2022,Serviços de saúde pública,Governos Municipais,0.0004105743712123765
2022,Serviços de saúde pública,Coluna de Consolidação,-0.0004897688602984175
2022,Serviços de saúde pública,Governo Geral,0.0011532464468325344
2023,Serviços de saúde pública,Governo Central,0.0007184724369840267
2023,Serviços de saúde pública,Governos Estaduais,0.0003221475152064949
2023,Serviços de saúde pública,Governos Municipais,0.0004054248468228936
2023,Serviços de saúde pública,Coluna de Consolidação,-0.0005039060680204437
2023,Serviços de saúde pública,Governo Geral,0.0009421387309929714
2024,Serviços de saúde pública,Governo Central,0.0007991878172154716
2024,Serviços de saúde pública,Governos Estaduais,0.0004575453056616838
2024,Serviços de saúde pública,Governos Municipais,0.0004270512314543392
2024,Serviços de saúde pública,Coluna de Consolidação,-0.0005751028562042564
2024,Serviços de saúde pública,Governo Geral,0.001108681498127238
2010,Pesquisa e desenvolvimento da saúde,Governo Central,0.0004175199334620875
2010,Pesquisa e desenvolvimento da saúde,Governos Estaduais,0.00013224825515492167
2010,Pesquisa e desenvolvimento da saúde,Governos Municipais,0.0
2010,Pesquisa e desenvolvimento da saúde,Coluna de Consolidação,-1.642661533369431e-05
2010,Pesquisa e desenvolvimento da saúde,Governo Geral,0.0005333415732833149
2011,Pesquisa e desenvolvimento da saúde,Governo Central,0.00038106559421819243
2011,Pesquisa e desenvolvimento da saúde,Governos Estaduais,0.00013835867878482993
2011,Pesquisa e desenvolvimento da saúde,Governos Municipais,0.0
2011,Pesquisa e desenvolvimento da saúde,Coluna de Consolidação,-6.1876020550495194e-06
2011,Pesquisa e desenvolvimento da saúde,Governo Geral,0.0005132366709479729
2012,Pesquisa e desenvolvimento da saúde,Governo Central,0.0004080771769952061
2012,Pesquisa e desenvolvimento da saúde,Governos Estaduais,0.00012253372699245552
2012,Pesquisa e desenvolvimento da saúde,Governos Municipais,0.0
2012,Pesquisa e desenvolvimento da saúde,Coluna de Consolidação,-1.6655187080553108e-05
2012,Pesquisa e desenvolvimento da saúde,Governo Geral,0.0005139557169071085
2013,Pesquisa e desenvolvimento da saúde,Governo Central,0.0005337023663160886
2013,Pesquisa e desenvolvimento da saúde,Governos Estaduais,0.0001328960633864815
2013,Pesquisa e desenvolvimento da saúde,Governos Municipais,0.0
2013,Pesquisa e desenvolvimento da saúde,Coluna de Consolidação,-2.3126651583430574e-05
2013,Pesquisa e desenvolvimento da saúde,Governo Geral,0.0006434717781191396
2014,Pesquisa e desenvolvimento da saúde,Governo Central,0.0005370708093719143
2014,Pesquisa e desenvolvimento da saúde,Governos Estaduais,0.00013292093734101733
2014,Pesquisa e desenvolvimento da saúde,Governos Municipais,0.0
2014,Pesquisa e desenvolvimento da saúde,Coluna de Consolidação,-8.641843805283537e-06
2014,Pesquisa e desenvolvimento da saúde,Governo Geral,0.000661349902907648
2015,Pesquisa e desenvolvimento da saúde,Governo Central,0.0006039554995092279
2015,Pesquisa e desenvolvimento da saúde,Governos Estaduais,0.00016622303500101062
2015,Pesquisa e desenvolvimento da saúde,Governos Municipais,0.0
2015,Pesquisa e desenvolvimento da saúde,Coluna de Consolidação,-7.392364843356027e-06
2015,Pesquisa e desenvolvimento da saúde,Governo Geral,0.0007627861696668826
2016,Pesquisa e desenvolvimento da saúde,Governo Central,0.0004923238316966244
2016,Pesquisa e desenvolvimento da saúde,Governos Estaduais,1.0822900714961606e-05
2016,Pesquisa e desenvolvimento da saúde,Governos Municipais,0.0
2016,Pesquisa e desenvolvimento da saúde,Coluna de Consolidação,-8.331435057025868e-06
2016,Pesquisa e desenvolvimento da saúde,Governo Geral,0.00049481529735456
2017,Pesquisa e desenvolvimento da saúde,Governo Central,0.0004416856101765628
2017,Pesquisa e desenvolvimento da saúde,Governos Estaduais,9.09840948931845e-06
2017,Pesquisa e desenvolvimento da saúde,Governos Municipais,9.347701231928698e-06
2017,Pesquisa e desenvolvimento da saúde,Coluna de Consolidação,-9.485062264554948e-06
2017,Pesquisa e desenvolvimento da saúde,Governo Geral,0.00045064665863325494
2018,Pesquisa e desenvolvimento da saúde,Governo Central,0.0004184431873719657
2018,Pesquisa e desenvolvimento da saúde,Governos Estaduais,1.1863403304602237e-05
2018,Pesquisa e desenvolvimento da saúde,Governos Municipais,9.654723202914849e-06
2018,Pesquisa e desenvolvimento da saúde,Coluna de Consolidação,-2.621391079202161e-06
2018,Pesquisa e desenvolvimento da saúde,Governo Geral,0.0004373399228002806
2019,Pesquisa e desenvolvimento da saúde,Governo Central,0.00041181453429109735
2019,Pesquisa e desenvolvimento da saúde,Governos Estaduais,9.625809513668008e-06
2019,Pesquisa e desenvolvimento da saúde,Governos Municipais,5.980220736185195e-06
2019,Pesquisa e desenvolvimento da saúde,Coluna de Consolidação,-2.1677392479002857e-06
2019,Pesquisa e desenvolvimento da saúde,Governo Geral,0.0004252528252930503
2020,Pesquisa e desenvolvimento da saúde,Governo Central,0.00039452691619352233
2020,Pesquisa e desenvolvimento da saúde,Governos Estaduais,7.054199229297137e-06
2020,Pesquisa e desenvolvimento da saúde,Governos Municipais,5.923239637477439e-06
2020,Pesquisa e desenvolvimento da saúde,Coluna de Consolidação,-8.521113557823137e-07
2020,Pesquisa e desenvolvimento da saúde,Governo Geral,0.00040665224370451454
2021,Pesquisa e desenvolvimento da saúde,Governo Central,0.000374666505827553
2021,Pesquisa e desenvolvimento da saúde,Governos Estaduais,3.354480702289285e-05
2021,Pesquisa e desenvolvimento da saúde,Governos Municipais,5.295909165362726e-06
2021,Pesquisa e desenvolvimento da saúde,Coluna de Consolidação,-4.131613628919324e-06
2021,Pesquisa e desenvolvimento da saúde,Governo Geral,0.0004093756083868892
2022,Pesquisa e desenvolvimento da saúde,Governo Central,0.0003283443440743702
2022,Pesquisa e desenvolvimento da saúde,Governos Estaduais,2.1602446735387517e-05
2022,Pesquisa e desenvolvimento da saúde,Governos Municipais,3.4279588811437303e-06
2022,Pesquisa e desenvolvimento da saúde,Coluna de Consolidação,-1.79147852205475e-06
2022,Pesquisa e desenvolvimento da saúde,Governo Geral,0.00035158327116884664
2023,Pesquisa e desenvolvimento da saúde,Governo Central,0.0003742575997154731
2023,Pesquisa e desenvolvimento da saúde,Governos Estaduais,4.386769995308837e-06
2023,Pesquisa e desenvolvimento da saúde,Governos Municipais,3.1723620828180773e-06
2023,Pesquisa e desenvolvimento da saúde,Coluna de Consolidação,-1.5039768285953544e-06
2023,Pesquisa e desenvolvimento da saúde,Governo Geral,0.00038031275496500463
2024,Pesquisa e desenvolvimento da saúde,Governo Central,0.00040738484009522424
2024,Pesquisa e desenvolvimento da saúde,Governos Estaduais,8.603912750294234e-06
2024,Pesquisa e desenvolvimento da saúde,Governos Municipais,2.5719623440778155e-06
2024,Pesquisa e desenvolvimento da saúde,Coluna de Consolidação,-7.697739562179693e-07
2024,Pesquisa e desenvolvimento da saúde,Governo Geral,0.00041779094123337837
2010,Saúde não especificada,Governo Central,0.0013759261518907293
2010,Saúde não especificada,Governos Estaduais,0.0008346268096135654
2010,Saúde não especificada,Governos Municipais,0.0006218280143818368
2010,Saúde não especificada,Coluna de Consolidação,-0.00013749197436069543
2010,Saúde não especificada,Governo Geral,0.0026948890015254363
2011,Saúde não especificada,Governo Central,0.0015884519269067025
2011,Saúde não especificada,Governos Estaduais,0.0007680435193548103
2011,Saúde não especificada,Governos Municipais,0.0008100672213098704
2011,Saúde não especificada,Coluna de Consolidação,-0.00010576838095869721
2011,Saúde não especificada,Governo Geral,0.0030607942866126858
2012,Saúde não especificada,Governo Central,0.0015088963123042734
2012,Saúde não especificada,Governos Estaduais,0.0007600234778862657
2012,Saúde não especificada,Governos Municipais,0.0009410903787903138
2012,Saúde não especificada,Coluna de Consolidação,-0.00011575025704527239
2012,Saúde não especificada,Governo Geral,0.0030942599119355807
2013,Saúde não especificada,Governo Central,0.0015676771139554128
2013,Saúde não especificada,Governos Estaduais,0.0007352118648929424
2013,Saúde não especificada,Governos Municipais,0.0009709014221729481
2013,Saúde não especificada,Coluna de Consolidação,-8.081497274751329e-05
2013,Saúde não especificada,Governo Geral,0.00319297542827379
2014,Saúde não especificada,Governo Central,0.0015756250805271084
2014,Saúde não especificada,Governos Estaduais,0.0007252432687247423
2014,Saúde não especificada,Governos Municipais,0.0013470869820283759
2014,Saúde não especificada,Coluna de Consolidação,-0.00012075863702671668
2014,Saúde não especificada,Governo Geral,0.00352719669425351
2015,Saúde não especificada,Governo Central,0.0015288781601150016
2015,Saúde não especificada,Governos Estaduais,0.0007844341139742796
2015,Saúde não especificada,Governos Municipais,0.0012366453663648276
2015,Saúde não especificada,Coluna de Consolidação,-8.620471841114114e-05
2015,Saúde não especificada,Governo Geral,0.003463752922042968
2016,Saúde não especificada,Governo Central,0.0014559535277024495
2016,Saúde não especificada,Governos Estaduais,0.0008001460804647717
2016,Saúde não especificada,Governos Municipais,0.0013336784946254385
2016,Saúde não especificada,Coluna de Consolidação,-0.00015479042255842702
2016,Saúde não especificada,Governo Geral,0.003434987680234232
2017,Saúde não especificada,Governo Central,0.0014062660317386482
2017,Saúde não especificada,Governos Estaduais,0.0007370887968988611
2017,Saúde não especificada,Governos Municipais,0.0012171046040402728
2017,Saúde não especificada,Coluna de Consolidação,-0.00013450918638596707
2017,Saúde não especificada,Governo Geral,0.0032259502462918146
2018,Saúde não especificada,Governo Central,0.0013137974089570481
2018,Saúde não especificada,Governos Estaduais,0.0007285713348162782
2018,Saúde não especificada,Governos Municipais,0.0012482628356878943
2018,Saúde não especificada,Coluna de Consolidação,-0.00014670898490068193
2018,Saúde não especificada,Governo Geral,0.0031439225945605388
2019,Saúde não especificada,Governo Central,0.0011229811923358464
2019,Saúde não especificada,Governos Estaduais,0.0007035828857406112
2019,Saúde não especificada,Governos Municipais,0.0015784611674911494
2019,Saúde não especificada,Coluna de Consolidação,-0.0001466989034063648
2019,Saúde não especificada,Governo Geral,0.0032583263421612427
2020,Saúde não especificada,Governo Central,0.001041738105642923
2020,Saúde não especificada,Governos Estaduais,0.0011389854110880149
2020,Saúde não especificada,Governos Municipais,0.001857875719620543
2020,Saúde não especificada,Coluna de Consolidação,-0.00013627640840326862
2020,Saúde não especificada,Governo Geral,0.003902322827948212
2021,Saúde não especificada,Governo Central,0.0009323377010325358
2021,Saúde não especificada,Governos Estaduais,0.0006255945584302261
2021,Saúde não especificada,Governos Municipais,0.0017288194324602956
2021,Saúde não especificada,Coluna de Consolidação,-4.5336819366708964e-05
2021,Saúde não especificada,Governo Geral,0.0032414148725563485
2022,Saúde não especificada,Governo Central,0.0007867238161997511
2022,Saúde não especificada,Governos Estaduais,0.0009394794587324487
2022,Saúde não especificada,Governos Municipais,0.0016332340057148421
2022,Saúde não especificada,Coluna de Consolidação,-5.03790018789914e-05
2022,Saúde não especificada,Governo Geral,0.0033090582787680513
2023,Saúde não especificada,Governo Central,0.0007653548037009088
2023,Saúde não especificada,Governos Estaduais,0.0005985066767856684
2023,Saúde não especificada,Governos Municipais,0.001634373782218883
2023,Saúde não especificada,Coluna de Consolidação,-5.67577273734915e-05
2023,Saúde não especificada,Governo Geral,0.0029414775353319685
2024,Saúde não especificada,Governo Central,0.0008309024383746042
2024,Saúde não especificada,Governos Estaduais,0.0007052948665348042
2024,Saúde não especificada,Governos Municipais,0.0017070575797198438
2024,Saúde não especificada,Coluna de Consolidação,-0.00021953983675300536
2024,Saúde não especificada,Governo Geral,0.0030237150478762465
2010,"Lazer, cultura e religião",Governo Central,0.0007357941055539182
2010,"Lazer, cultura e religião",Governos Estaduais,0.001401412599356016
2010,"Lazer, cultura e religião",Governos Municipais,0.002213713395029483
2010,"Lazer, cultura e religião",Coluna de Consolidação,-0.0001780855944713844
2010,"Lazer, cultura e religião",Governo Geral,0.004172834505468032
2011,"Lazer, cultura e religião",Governo Central,0.0006143405123694792
2011,"Lazer, cultura e religião",Governos Estaduais,0.0014252923831430092
2011,"Lazer, cultura e religião",Governos Municipais,0.0023140648690974075
2011,"Lazer, cultura e religião",Coluna de Consolidação,-0.00015378290964930308
2011,"Lazer, cultura e religião",Governo Geral,0.0041999148549605935
2012,"Lazer, cultura e religião",Governo Central,0.0006053375719665136
2012,"Lazer, cultura e religião",Governos Estaduais,0.0013837891222284377
2012,"Lazer, cultura e religião",Governos Municipais,0.0024008757000010786
2012,"Lazer, cultura e religião",Coluna de Consolidação,-0.00021565335835990545
2012,"Lazer, cultura e religião",Governo Geral,0.004174349035836125
2013,"Lazer, cultura e religião",Governo Central,0.000565176262504493
2013,"Lazer, cultura e religião",Governos Estaduais,0.0018290347608159439
2013,"Lazer, cultura e religião",Governos Municipais,0.0018220112595676418
2013,"Lazer, cultura e religião",Coluna de Consolidação,-0.00018462882001326616
2013,"Lazer, cultura e religião",Governo Geral,0.004031593462874812
2014,"Lazer, cultura e religião",Governo Central,0.0007250762665003559
2014,"Lazer, cultura e religião",Governos Estaduais,0.0014145172653158926
2014,"Lazer, cultura e religião",Governos Municipais,0.0019047016682064099
2014,"Lazer, cultura e religião",Coluna de Consolidação,-0.00028201448934232976
2014,"Lazer, cultura e religião",Governo Geral,0.0037622807106803286
2015,"Lazer, cultura e religião",Governo Central,0.0007265976480250645
2015,"Lazer, cultura e religião",Governos Estaduais,0.0008746553230794037
2015,"Lazer, cultura e religião",Governos Municipais,0.0018066591369566589
2015,"Lazer, cultura e religião",Coluna de Consolidação,-0.00026724739759084704
2015,"Lazer, cultura e religião",Governo Geral,0.0031406647104702803
2016,"Lazer, cultura e religião",Governo Central,0.0006737584606923701
2016,"Lazer, cultura e religião",Governos Estaduais,0.0007730465777618054
2016,"Lazer, cultura e religião",Governos Municipais,0.0016811773589303304
2016,"Lazer, cultura e religião",Coluna de Consolidação,-0.0002933256147135963
2016,"Lazer, cultura e religião",Governo Geral,0.00283465678267091
2017,"Lazer, cultura e religião",Governo Central,0.00045265700348291955
2017,"Lazer, cultura e religião",Governos Estaduais,0.0007685113988768664
2017,"Lazer, cultura e religião",Governos Municipais,0.001422603067245201
2017,"Lazer, cultura e religião",Coluna de Consolidação,-0.00015633506638233503
2017,"Lazer, cultura e religião",Governo Geral,0.002487436403222652
2018,"Lazer, cultura e religião",Governo Central,0.00044417040139272773
2018,"Lazer, cultura e religião",Governos Estaduais,0.0007894911693676725
2018,"Lazer, cultura e religião",Governos Municipais,0.0014828511506409406
2018,"Lazer, cultura e religião",Coluna de Consolidação,-0.00015284137179408269
2018,"Lazer, cultura e religião",Governo Geral,0.0025636713496072576
2019,"Lazer, cultura e religião",Governo Central,0.0003521919069640978
2019,"Lazer, cultura e religião",Governos Estaduais,0.0007044920880050432
2019,"Lazer, cultura e religião",Governos Municipais,0.001569126058906172
2019,"Lazer, cultura e religião",Coluna de Consolidação,-0.0001272452227949938
2019,"Lazer, cultura e religião",Governo Geral,0.0024985648310803196
2020,"Lazer, cultura e religião",Governo Central,0.0007195141506277014
2020,"Lazer, cultura e religião",Governos Estaduais,0.0007668649889152965
2020,"Lazer, cultura e religião",Governos Municipais,0.0015008874089873867
2020,"Lazer, cultura e religião",Coluna de Consolidação,-0.0005004095388262208
2020,"Lazer, cultura e religião",Governo Geral,0.0024868570097041636
2021,"Lazer, cultura e religião",Governo Central,0.000222726014942966
2021,"Lazer, cultura e religião",Governos Estaduais,0.0008156454418329569
2021,"Lazer, cultura e religião",Governos Municipais,0.0013284764050833803
2021,"Lazer, cultura e religião",Coluna de Consolidação,-5.9572731039077903e-05
2021,"Lazer, cultura e religião",Governo Geral,0.0023072751308202254
2022,"Lazer, cultura e religião",Governo Central,0.00021693730952782638
2022,"Lazer, cultura e religião",Governos Estaduais,0.0008612754304196335
2022,"Lazer, cultura e religião",Governos Municipais,0.0018479478326547808
2022,"Lazer, cultura e religião",Coluna de Consolidação,-0.00014711436331161118
2022,"Lazer, cultura e religião",Governo Geral,0.00277904620929063
2023,"Lazer, cultura e religião",Governo Central,0.0008244885665558897
2023,"Lazer, cultura e religião",Governos Estaduais,0.0008687902708184365
2023,"Lazer, cultura e religião",Governos Municipais,0.0023715919846897266
2023,"Lazer, cultura e religião",Coluna de Consolidação,-0.0006754216044727643
2023,"Lazer, cultura e religião",Governo Geral,0.003389449217591289
2024,"Lazer, cultura e religião",Governo Central,0.00032964189503788933
2024,"Lazer, cultura e religião",Governos Estaduais,0.0010533631651937056
2024,"Lazer, cultura e religião",Governos Municipais,0.002806923942299526
2024,"Lazer, cultura e religião",Coluna de Consolidação,-0.00016993336666235783
2024,"Lazer, cultura e religião",Governo Geral,0.004019995635868762
2010,Serviços recreativos e desportivos,Governo Central,0.00030137851399068756
2010,Serviços recreativos e desportivos,Governos Estaduais,0.00044149178349307404
2010,Serviços recreativos e desportivos,Governos Municipais,0.0012940537269670264
2010,Serviços recreativos e desportivos,Coluna de Consolidação,-0.00014135326185255005
2010,Serviços recreativos e desportivos,Governo Geral,0.0018955707625982379
2011,Serviços recreativos e desportivos,Governo Central,0.0002914502834283256
2011,Serviços recreativos e desportivos,Governos Estaduais,0.0006331911159203962
2011,Serviços recreativos e desportivos,Governos Municipais,0.0014197542754202852
2011,Serviços recreativos e desportivos,Coluna de Consolidação,-0.00012868285173554104
2011,Serviços recreativos e desportivos,Governo Geral,0.002215712823033466
2012,Serviços recreativos e desportivos,Governo Central,0.0002360291513839259
2012,Serviços recreativos e desportivos,Governos Estaduais,0.0005777450064352049
2012,Serviços recreativos e desportivos,Governos Municipais,0.0013484246075933198
2012,Serviços recreativos e desportivos,Coluna de Consolidação,-0.000175867481875007
2012,Serviços recreativos e desportivos,Governo Geral,0.0019863312835374436
2013,Serviços recreativos e desportivos,Governo Central,0.0002342065693470105
2013,Serviços recreativos e desportivos,Governos Estaduais,0.0010242479957040063
2013,Serviços recreativos e desportivos,Governos Municipais,0.0009831459657241137
2013,Serviços recreativos e desportivos,Coluna de Consolidação,-0.00015975194803928891
2013,Serviços recreativos e desportivos,Governo Geral,0.0020818485827358416
2014,Serviços recreativos e desportivos,Governo Central,0.00038288601657077164
2014,Serviços recreativos e desportivos,Governos Estaduais,0.0006875231360438665
2014,Serviços recreativos e desportivos,Governos Municipais,0.0009453462089047809
2014,Serviços recreativos e desportivos,Coluna de Consolidação,-0.0002570409290017778
2014,Serviços recreativos e desportivos,Governo Geral,0.001758714432517641
2015,Serviços recreativos e desportivos,Governo Central,0.0003687802134188445
2015,Serviços recreativos e desportivos,Governos Estaduais,0.00027791932877612797
2015,Serviços recreativos e desportivos,Governos Municipais,0.0009434261758190373
2015,Serviços recreativos e desportivos,Coluna de Consolidação,-0.00024259891800540684
2015,Serviços recreativos e desportivos,Governo Geral,0.001347526800008603
2016,Serviços recreativos e desportivos,Governo Central,0.000338244062017498
2016,Serviços recreativos e desportivos,Governos Estaduais,0.00029376312551651716
2016,Serviços recreativos e desportivos,Governos Municipais,0.0009116109299456039
2016,Serviços recreativos e desportivos,Coluna de Consolidação,-0.0002577897685835968
2016,Serviços recreativos e desportivos,Governo Geral,0.0012858283488960222
2017,Serviços recreativos e desportivos,Governo Central,0.0001537669272361975
2017,Serviços recreativos e desportivos,Governos Estaduais,0.00027696694371866557
2017,Serviços recreativos e desportivos,Governos Municipais,0.0007105995345847208
2017,Serviços recreativos e desportivos,Coluna de Consolidação,-0.00012358981765675417
2017,Serviços recreativos e desportivos,Governo Geral,0.0010177435878828296
2018,Serviços recreativos e desportivos,Governo Central,0.0001449459569498181
2018,Serviços recreativos e desportivos,Governos Estaduais,0.00030947170458400216
2018,Serviços recreativos e desportivos,Governos Municipais,0.0007439345278425357
2018,Serviços recreativos e desportivos,Coluna de Consolidação,-0.00012347386696144114
2018,Serviços recreativos e desportivos,Governo Geral,0.0010748783224149147
2019,Serviços recreativos e desportivos,Governo Central,0.0001225329891081902
2019,Serviços recreativos e desportivos,Governos Estaduais,0.0002653236571023696
2019,Serviços recreativos e desportivos,Governos Municipais,0.000812865949480203
2019,Serviços recreativos e desportivos,Coluna de Consolidação,-0.00010117497590907255
2019,Serviços recreativos e desportivos,Governo Geral,0.0010995476197816901
2020,Serviços recreativos e desportivos,Governo Central,0.00011832469092553337
2020,Serviços recreativos e desportivos,Governos Estaduais,0.00017360114797768713
2020,Serviços recreativos e desportivos,Governos Municipais,0.0008320540301924575
2020,Serviços recreativos e desportivos,Coluna de Consolidação,-9.69117574600937e-05
2020,Serviços recreativos e desportivos,Governo Geral,0.0010270681116355841
2021,Serviços recreativos e desportivos,Governo Central,7.012238192831115e-05
2021,Serviços recreativos e desportivos,Governos Estaduais,0.00036889027514724833
2021,Serviços recreativos e desportivos,Governos Municipais,0.0007112172844123331
2021,Serviços recreativos e desportivos,Coluna de Consolidação,-4.529973760055911e-05
2021,Serviços recreativos e desportivos,Governo Geral,0.0011049302038873335
2022,Serviços recreativos e desportivos,Governo Central,7.78289080631476e-05
2022,Serviços recreativos e desportivos,Governos Estaduais,0.00029312130047351995
2022,Serviços recreativos e desportivos,Governos Municipais,0.001016410964955675
2022,Serviços recreativos e desportivos,Coluna de Consolidação,-9.529387278064246e-05
2022,Serviços recreativos e desportivos,Governo Geral,0.0012920673007117002
2023,Serviços recreativos e desportivos,Governo Central,8.316907539559709e-05
2023,Serviços recreativos e desportivos,Governos Estaduais,0.00027806553925024973
2023,Serviços recreativos e desportivos,Governos Municipais,0.0012464495781284565
2023,Serviços recreativos e desportivos,Coluna de Consolidação,-7.666633666077771e-05
2023,Serviços recreativos e desportivos,Governo Geral,0.0015310178561135255
2024,Serviços recreativos e desportivos,Governo Central,6.691893289277725e-05
2024,Serviços recreativos e desportivos,Governos Estaduais,0.00030247823737341434
2024,Serviços recreativos e desportivos,Governos Municipais,0.0013825451878686239
2024,Serviços recreativos e desportivos,Coluna de Consolidação,-5.910334595171616e-05
2024,Serviços recreativos e desportivos,Governo Geral,0.0016928390121830994
2010,Serviços culturais,Governo Central,0.00029494763000862436
2010,Serviços culturais,Governos Estaduais,0.0006900318804033695
2010,Serviços culturais,Governos Municipais,0.0009170930182933913
2010,Serviços culturais,Coluna de Consolidação,-3.656046060088405e-05
2010,Serviços culturais,Governo Geral,0.0018655120681045011
2011,Serviços culturais,Governo Central,0.00020880698622116096
2011,Serviços culturais,Governos Estaduais,0.000592870225632751
2011,Serviços culturais,Governos Municipais,0.0008859141897538174
2011,Serviços culturais,Coluna de Consolidação,-2.485179251668735e-05
2011,Serviços culturais,Governo Geral,0.001662739609091042
2012,Serviços culturais,Governo Central,0.0002526015778758085
2012,Serviços culturais,Governos Estaduais,0.0006077365101456095
2012,Serviços culturais,Governos Municipais,0.001048393207744302
2012,Serviços culturais,Coluna de Consolidação,-3.9556155698866335e-05
2012,Serviços culturais,Governo Geral,0.0018691751400668536
2013,Serviços culturais,Governo Central,0.00019793946961379165
2013,Serviços culturais,Governos Estaduais,0.0005848032463279323
2013,Serviços culturais,Governos Municipais,0.0008357552094883079
2013,Serviços culturais,Coluna de Consolidação,-2.4731781999339192e-05
2013,Serviços culturais,Governo Geral,0.0015937661434306926
2014,Serviços culturais,Governo Central,0.0002057547952421886
2014,Serviços culturais,Governos Estaduais,0.0005548348884536353
2014,Serviços culturais,Governos Municipais,0.0009550156350601077
2014,Serviços culturais,Coluna de Consolidação,-2.4883106391537804e-05
2014,Serviços culturais,Governo Geral,0.001690722212364394
2015,Serviços culturais,Governo Central,0.00021056686716233112
2015,Serviços culturais,Governos Estaduais,0.0004614452149395622
2015,Serviços culturais,Governos Municipais,0.0008580649772162362
2015,Serviços culturais,Coluna de Consolidação,-2.4608487073226396e-05
2015,Serviços culturais,Governo Geral,0.001505468572244903
2016,Serviços culturais,Governo Central,0.00019416907442185307
2016,Serviços culturais,Governos Estaduais,0.00039594518242931013
2016,Serviços culturais,Governos Municipais,0.0007653939930760548
2016,Serviços culturais,Coluna de Consolidação,-3.497477284455531e-05
2016,Serviços culturais,Governo Geral,0.0013205334770826627
2017,Serviços culturais,Governo Central,0.00017471297700631617
2017,Serviços culturais,Governos Estaduais,0.00039833706072059025
2017,Serviços culturais,Governos Municipais,0.0007070630889945713
2017,Serviços culturais,Coluna de Consolidação,-3.22558944261827e-05
2017,Serviços culturais,Governo Geral,0.001247857232295295
2018,Serviços culturais,Governo Central,0.00017506057461988086
2018,Serviços culturais,Governos Estaduais,0.00039398606103183104
2018,Serviços culturais,Governos Municipais,0.0007348132560147905
2018,Serviços culturais,Coluna de Consolidação,-2.884653460057666e-05
2018,Serviços culturais,Governo Geral,0.0012750133570659258
2019,Serviços culturais,Governo Central,0.00013317353252524658
2019,Serviços culturais,Governos Estaduais,0.0003574674743218939
2019,Serviços culturais,Governos Municipais,0.0007544826374095581
2019,Serviços culturais,Coluna de Consolidação,-2.5479973402501328e-05
2019,Serviços culturais,Governo Geral,0.0012196436708541974
2020,Serviços culturais,Governo Central,0.0005122924516679411
2020,Serviços culturais,Governos Estaduais,0.0005205276175611696
2020,Serviços culturais,Governos Municipais,0.0006671154291659366
2020,Serviços culturais,Coluna de Consolidação,-0.0004034613653755208
2020,Serviços culturais,Governo Geral,0.0012964741330195265
2021,Serviços culturais,Governo Central,8.86787291815255e-05
2021,Serviços culturais,Governos Estaduais,0.0003960403657070004
2021,Serviços culturais,Governos Municipais,0.0006157139779365602
2021,Serviços culturais,Coluna de Consolidação,-1.4119089960287968e-05
2021,Serviços culturais,Governo Geral,0.0010863139828647982
2022,Serviços culturais,Governo Central,8.036724948366299e-05
2022,Serviços culturais,Governos Estaduais,0.0005088592178870207
2022,Serviços culturais,Governos Municipais,0.0008297252798325221
2022,Serviços culturais,Coluna de Consolidação,-5.1820490530968704e-05
2022,Serviços culturais,Governo Geral,0.0013671312566722372
2023,Serviços culturais,Governo Central,0.0006769275074688164
2023,Serviços culturais,Governos Estaduais,0.0005250133439790973
2023,Serviços culturais,Governos Municipais,0.0011232792640945635
2023,Serviços culturais,Coluna de Consolidação,-0.0005986960781796318
2023,Serviços culturais,Governo Geral,0.0017265240373628454
2024,Serviços culturais,Governo Central,0.00019578048954852417
2024,Serviços culturais,Governos Estaduais,0.0006731007764221133
2024,Serviços culturais,Governos Municipais,0.0014224364794289453
2024,Serviços culturais,Coluna de Consolidação,-0.00011037292215189394
2024,Serviços culturais,Governo Geral,0.002180944823247689
2010,Serviços de rádio e teledifusão e de publicação,Governo Central,0.00013230812420087228
2010,Serviços de rádio e teledifusão e de publicação,Governos Estaduais,0.0002698889354595727
2010,Serviços de rádio e teledifusão e de publicação,Governos Municipais,2.5666497690649587e-06
2010,Serviços de rádio e teledifusão e de publicação,Coluna de Consolidação,-9.879333745741008e-10
2010,Serviços de rádio e teledifusão e de publicação,Governo Geral,0.0004047627214961353
2011,Serviços de rádio e teledifusão e de publicação,Governo Central,0.0001085217348133391
2011,Serviços de rádio e teledifusão e de publicação,Governos Estaduais,0.00019923104158986178
2011,Serviços de rádio e teledifusão e de publicação,Governos Municipais,8.396403923305204e-06
2011,Serviços de rádio e teledifusão e de publicação,Coluna de Consolidação,-9.49118007563955e-10
2011,Serviços de rádio e teledifusão e de publicação,Governo Geral,0.00031614823120849856
2012,Serviços de rádio e teledifusão e de publicação,Governo Central,0.00010943057682002806
2012,Serviços de rádio e teledifusão e de publicação,Governos Estaduais,0.00019830760564762336
2012,Serviços de rádio e teledifusão e de publicação,Governos Municipais,3.8510939933533635e-06
2012,Serviços de rádio e teledifusão e de publicação,Coluna de Consolidação,-1.0425948122234986e-09
2012,Serviços de rádio e teledifusão e de publicação,Governo Geral,0.00031158823386619254
2013,Serviços de rádio e teledifusão e de publicação,Governo Central,0.00011937687950780379
2013,Serviços de rádio e teledifusão e de publicação,Governos Estaduais,0.00021998351878400543
2013,Serviços de rádio e teledifusão e de publicação,Governos Municipais,3.105026287350786e-06
2013,Serviços de rádio e teledifusão e de publicação,Coluna de Consolidação,-1.0877768675932972e-09
2013,Serviços de rádio e teledifusão e de publicação,Governo Geral,0.00034246433680229244
2014,Serviços de rádio e teledifusão e de publicação,Governo Central,0.00012155278830766672
2014,Serviços de rádio e teledifusão e de publicação,Governos Estaduais,0.00017215924081839077
2014,Serviços de rádio e teledifusão e de publicação,Governos Municipais,4.339824241521181e-06
2014,Serviços de rádio e teledifusão e de publicação,Coluna de Consolidação,-1.1792607534342665e-09
2014,Serviços de rádio e teledifusão e de publicação,Governo Geral,0.0002980506741068252
2015,Serviços de rádio e teledifusão e de publicação,Governo Central,0.0001277133654922956
2015,Serviços de rádio e teledifusão e de publicação,Governos Estaduais,0.00013529077936371374
2015,Serviços de rádio e teledifusão e de publicação,Governos Municipais,4.882614581769257e-06
2015,Serviços de rádio e teledifusão e de publicação,Coluna de Consolidação,-1.1363698414998098e-09
2015,Serviços de rádio e teledifusão e de publicação,Governo Geral,0.00026788562306793713
2016,Serviços de rádio e teledifusão e de publicação,Governo Central,0.0001292623761071032
2016,Serviços de rádio e teledifusão e de publicação,Governos Estaduais,8.333826981597815e-05
2016,Serviços de rádio e teledifusão e de publicação,Governos Municipais,3.8093854360808734e-06
2016,Serviços de rádio e teledifusão e de publicação,Coluna de Consolidação,-3.8793214718048113e-07
2016,Serviços de rádio e teledifusão e de publicação,Governo Geral,0.00021602209921198171
2017,Serviços de rádio e teledifusão e de publicação,Governo Central,0.00011423946077347321
2017,Serviços de rádio e teledifusão e de publicação,Governos Estaduais,9.320739443761066e-05
2017,Serviços de rádio e teledifusão e de publicação,Governos Municipais,4.581190908364113e-06
2017,Serviços de rádio e teledifusão e de publicação,Coluna de Consolidação,-3.67665443276182e-07
2017,Serviços de rádio e teledifusão e de publicação,Governo Geral,0.00021166038067617178
2018,Serviços de rádio e teledifusão e de publicação,Governo Central,0.00011531883772932285
2018,Serviços de rádio e teledifusão e de publicação,Governos Estaduais,8.603340375183925e-05
2018,Serviços de rádio e teledifusão e de publicação,Governos Municipais,3.721684800339052e-06
2018,Serviços de rádio e teledifusão e de publicação,Coluna de Consolidação,-4.4327427511348925e-07
2018,Serviços de rádio e teledifusão e de publicação,Governo Geral,0.00020463065200638768
2019,Serviços de rádio e teledifusão e de publicação,Governo Central,8.70342859637464e-05
2019,Serviços de rádio e teledifusão e de publicação,Governos Estaduais,8.170095658077974e-05
2019,Serviços de rádio e teledifusão e de publicação,Governos Municipais,1.5340189919600263e-06
2019,Serviços de rádio e teledifusão e de publicação,Coluna de Consolidação,-5.314197102481917e-07
2019,Serviços de rádio e teledifusão e de publicação,Governo Geral,0.00016973784182623794
2020,Serviços de rádio e teledifusão e de publicação,Governo Central,8.175781459161657e-05
2020,Serviços de rádio e teledifusão e de publicação,Governos Estaduais,7.273622337643969e-05
2020,Serviços de rádio e teledifusão e de publicação,Governos Municipais,1.5833185233102992e-06
2020,Serviços de rádio e teledifusão e de publicação,Coluna de Consolidação,-4.24127230050811e-11
2020,Serviços de rádio e teledifusão e de publicação,Governo Geral,0.00015607731407864354
2021,Serviços de rádio e teledifusão e de publicação,Governo Central,5.852207569209115e-05
2021,Serviços de rádio e teledifusão e de publicação,Governos Estaduais,5.071480097870823e-05
2021,Serviços de rádio e teledifusão e de publicação,Governos Municipais,1.4189311693160765e-06
2021,Serviços de rádio e teledifusão e de publicação,Coluna de Consolidação,-1.5390347823082692e-07
2021,Serviços de rádio e teledifusão e de publicação,Governo Geral,0.00011050190436188465
2022,Serviços de rádio e teledifusão e de publicação,Governo Central,5.412490011778802e-05
2022,Serviços de rádio e teledifusão e de publicação,Governos Estaduais,5.929491205909296e-05
2022,Serviços de rádio e teledifusão e de publicação,Governos Municipais,1.6561830046412724e-06
2022,Serviços de rádio e teledifusão e de publicação,Coluna de Consolidação,0.0
2022,Serviços de rádio e teledifusão e de publicação,Governo Geral,0.00011507599518152225
2023,Serviços de rádio e teledifusão e de publicação,Governo Central,5.7594435720560765e-05
2023,Serviços de rádio e teledifusão e de publicação,Governos Estaduais,6.571138758908956e-05
2023,Serviços de rádio e teledifusão e de publicação,Governos Municipais,1.6833151264466723e-06
2023,Serviços de rádio e teledifusão e de publicação,Coluna de Consolidação,-5.482784452176648e-08
2023,Serviços de rádio e teledifusão e de publicação,Governo Geral,0.00012493431059157524
2024,Serviços de rádio e teledifusão e de publicação,Governo Central,5.983632919993124e-05
2024,Serviços de rádio e teledifusão e de publicação,Governos Estaduais,7.77841513981782e-05
2024,Serviços de rádio e teledifusão e de publicação,Governos Municipais,1.7038209181223753e-06
2024,Serviços de rádio e teledifusão e de publicação,Coluna de Consolidação,-4.5697736803323597e-07
2024,Serviços de rádio e teledifusão e de publicação,Governo Geral,0.00013886732414819855
2010,Serviços religiosos e outros serviços comunitários,Governo Central,0.0
2010,Serviços religiosos e outros serviços comunitários,Governos Estaduais,0.0
2010,Serviços religiosos e outros serviços comunitários,Governos Municipais,0.0
2010,Serviços religiosos e outros serviços comunitários,Coluna de Consolidação,0.0
2010,Serviços religiosos e outros serviços comunitários,Governo Geral,0.0
2011,Serviços religiosos e outros serviços comunitários,Governo Central,0.0
2011,Serviços religiosos e outros serviços comunitários,Governos Estaduais,0.0
2011,Serviços religiosos e outros serviços comunitários,Governos Municipais,0.0
2011,Serviços religiosos e outros serviços comunitários,Coluna de Consolidação,0.0
2011,Serviços religiosos e outros serviços comunitários,Governo Geral,0.0
2012,Serviços religiosos e outros serviços comunitários,Governo Central,0.0
2012,Serviços religiosos e outros serviços comunitários,Governos Estaduais,0.0
2012,Serviços religiosos e outros serviços comunitários,Governos Municipais,2.0679067010355474e-07
2012,Serviços religiosos e outros serviços comunitários,Coluna de Consolidação,0.0
2012,Serviços religiosos e outros serviços comunitários,Governo Geral,2.0679067010355474e-07
2013,Serviços religiosos e outros serviços comunitários,Governo Central,0.0
2013,Serviços religiosos e outros serviços comunitários,Governos Estaduais,0.0
2013,Serviços religiosos e outros serviços comunitários,Governos Municipais,5.0580678697415e-09
2013,Serviços religiosos e outros serviços comunitários,Coluna de Consolidação,0.0
2013,Serviços religiosos e outros serviços comunitários,Governo Geral,5.0580678697415e-09
2014,Serviços religiosos e outros serviços comunitários,Governo Central,0.0
2014,Serviços religiosos e outros serviços comunitários,Governos Estaduais,0.0
2014,Serviços religiosos e outros serviços comunitários,Governos Municipais,0.0
2014,Serviços religiosos e outros serviços comunitários,Coluna de Consolidação,0.0
2014,Serviços religiosos e outros serviços comunitários,Governo Geral,0.0
2015,Serviços religiosos e outros serviços comunitários,Governo Central,0.0
2015,Serviços religiosos e outros serviços comunitários,Governos Estaduais,0.0
2015,Serviços religiosos e outros serviços comunitários,Governos Municipais,0.0
2015,Serviços religiosos e outros serviços comunitários,Coluna de Consolidação,0.0
2015,Serviços religiosos e outros serviços comunitários,Governo Geral,0.0
2016,Serviços religiosos e outros serviços comunitários,Governo Central,0.0
2016,Serviços religiosos e outros serviços comunitários,Governos Estaduais,0.0
2016,Serviços religiosos e outros serviços comunitários,Governos Municipais,0.0
2016,Serviços religiosos e outros serviços comunitários,Coluna de Consolidação,0.0
2016,Serviços religiosos e outros serviços comunitários,Governo Geral,0.0
2017,Serviços religiosos e outros serviços comunitários,Governo Central,0.0
2017,Serviços religiosos e outros serviços comunitários,Governos Estaduais,0.0
2017,Serviços religiosos e outros serviços comunitários,Governos Municipais,0.0
2017,Serviços religiosos e outros serviços comunitários,Coluna de Consolidação,0.0
2017,Serviços religiosos e outros serviços comunitários,Governo Geral,0.0
2018,Serviços religiosos e outros serviços comunitários,Governo Central,0.0
2018,Serviços religiosos e outros serviços comunitários,Governos Estaduais,0.0
2018,Serviços religiosos e outros serviços comunitários,Governos Municipais,0.0
2018,Serviços religiosos e outros serviços comunitários,Coluna de Consolidação,0.0
2018,Serviços religiosos e outros serviços comunitários,Governo Geral,0.0
2019,Serviços religiosos e outros serviços comunitários,Governo Central,0.0
2019,Serviços religiosos e outros serviços comunitários,Governos Estaduais,0.0
2019,Serviços religiosos e outros serviços comunitários,Governos Municipais,2.4345302445080167e-07
2019,Serviços religiosos e outros serviços comunitários,Coluna de Consolidação,0.0
2019,Serviços religiosos e outros serviços comunitários,Governo Geral,2.4345302445080167e-07
2020,Serviços religiosos e outros serviços comunitários,Governo Central,0.0
2020,Serviços religiosos e outros serviços comunitários,Governos Estaduais,0.0
2020,Serviços religiosos e outros serviços comunitários,Governos Municipais,1.3463110568235822e-07
2020,Serviços religiosos e outros serviços comunitários,Coluna de Consolidação,0.0
2020,Serviços religiosos e outros serviços comunitários,Governo Geral,1.3463110568235822e-07
2021,Serviços religiosos e outros serviços comunitários,Governo Central,0.0
2021,Serviços religiosos e outros serviços comunitários,Governos Estaduais,0.0
2021,Serviços religiosos e outros serviços comunitários,Governos Municipais,1.2621156517109343e-07
2021,Serviços religiosos e outros serviços comunitários,Coluna de Consolidação,0.0
2021,Serviços religiosos e outros serviços comunitários,Governo Geral,1.2621156517109343e-07
2022,Serviços religiosos e outros serviços comunitários,Governo Central,0.0
2022,Serviços religiosos e outros serviços comunitários,Governos Estaduais,0.0
2022,Serviços religiosos e outros serviços comunitários,Governos Municipais,1.554048619426495e-07
2022,Serviços religiosos e outros serviços comunitários,Coluna de Consolidação,0.0
2022,Serviços religiosos e outros serviços comunitários,Governo Geral,1.554048619426495e-07
2023,Serviços religiosos e outros serviços comunitários,Governo Central,0.0
2023,Serviços religiosos e outros serviços comunitários,Governos Estaduais,0.0
2023,Serviços religiosos e outros serviços comunitários,Governos Municipais,1.7982734025955964e-07
2023,Serviços religiosos e outros serviços comunitários,Coluna de Consolidação,0.0
2023,Serviços religiosos e outros serviços comunitários,Governo Geral,1.7982734025955964e-07
2024,Serviços religiosos e outros serviços comunitários,Governo Central,0.0
2024,Serviços religiosos e outros serviços comunitários,Governos Estaduais,0.0
2024,Serviços religiosos e outros serviços comunitários,Governos Municipais,2.3845408383401443e-07
2024,Serviços religiosos e outros serviços comunitários,Coluna de Consolidação,0.0
2024,Serviços religiosos e outros serviços comunitários,Governo Geral,2.3845408383401443e-07
2010,"Pesquisa e desenvolvimento do lazer, cultura e religião",Governo Central,7.1598373537338955e-06
2010,"Pesquisa e desenvolvimento do lazer, cultura e religião",Governos Estaduais,0.0
2010,"Pesquisa e desenvolvimento do lazer, cultura e religião",Governos Municipais,0.0
2010,"Pesquisa e desenvolvimento do lazer, cultura e religião",Coluna de Consolidação,-1.7088408457573245e-07
2010,"Pesquisa e desenvolvimento do lazer, cultura e religião",Governo Geral,6.988953269158163e-06
2011,"Pesquisa e desenvolvimento do lazer, cultura e religião",Governo Central,5.561507906653651e-06
2011,"Pesquisa e desenvolvimento do lazer, cultura e religião",Governos Estaduais,0.0
2011,"Pesquisa e desenvolvimento do lazer, cultura e religião",Governos Municipais,0.0
2011,"Pesquisa e desenvolvimento do lazer, cultura e religião",Coluna de Consolidação,-2.4731627906711505e-07
2011,"Pesquisa e desenvolvimento do lazer, cultura e religião",Governo Geral,5.314191627586536e-06
2012,"Pesquisa e desenvolvimento do lazer, cultura e religião",Governo Central,7.276265886751229e-06
2012,"Pesquisa e desenvolvimento do lazer, cultura e religião",Governos Estaduais,0.0
2012,"Pesquisa e desenvolvimento do lazer, cultura e religião",Governos Municipais,0.0
2012,"Pesquisa e desenvolvimento do lazer, cultura e religião",Coluna de Consolidação,-2.2867819121989278e-07
2012,"Pesquisa e desenvolvimento do lazer, cultura e religião",Governo Geral,7.047587695531335e-06
2013,"Pesquisa e desenvolvimento do lazer, cultura e religião",Governo Central,1.3653344035887018e-05
2013,"Pesquisa e desenvolvimento do lazer, cultura e religião",Governos Estaduais,0.0
2013,"Pesquisa e desenvolvimento do lazer, cultura e religião",Governos Municipais,0.0
2013,"Pesquisa e desenvolvimento do lazer, cultura e religião",Coluna de Consolidação,-1.440021977704692e-07
2013,"Pesquisa e desenvolvimento do lazer, cultura e religião",Governo Geral,1.350934183811655e-05
2014,"Pesquisa e desenvolvimento do lazer, cultura e religião",Governo Central,1.4882666379728932e-05
2014,"Pesquisa e desenvolvimento do lazer, cultura e religião",Governos Estaduais,0.0
2014,"Pesquisa e desenvolvimento do lazer, cultura e religião",Governos Municipais,0.0
2014,"Pesquisa e desenvolvimento do lazer, cultura e religião",Coluna de Consolidação,-8.92746882607381e-08
2014,"Pesquisa e desenvolvimento do lazer, cultura e religião",Governo Geral,1.4793391691468193e-05
2015,"Pesquisa e desenvolvimento do lazer, cultura e religião",Governo Central,1.9537201951593306e-05
2015,"Pesquisa e desenvolvimento do lazer, cultura e religião",Governos Estaduais,0.0
2015,"Pesquisa e desenvolvimento do lazer, cultura e religião",Governos Municipais,0.0
2015,"Pesquisa e desenvolvimento do lazer, cultura e religião",Coluna de Consolidação,-3.885614237230832e-08
2015,"Pesquisa e desenvolvimento do lazer, cultura e religião",Governo Geral,1.9498345809220996e-05
2016,"Pesquisa e desenvolvimento do lazer, cultura e religião",Governo Central,1.2082948145915925e-05
2016,"Pesquisa e desenvolvimento do lazer, cultura e religião",Governos Estaduais,0.0
2016,"Pesquisa e desenvolvimento do lazer, cultura e religião",Governos Municipais,0.0
2016,"Pesquisa e desenvolvimento do lazer, cultura e religião",Coluna de Consolidação,-1.7314113826370198e-07
2016,"Pesquisa e desenvolvimento do lazer, cultura e religião",Governo Geral,1.1909807007652224e-05
2017,"Pesquisa e desenvolvimento do lazer, cultura e religião",Governo Central,9.937638466932743e-06
2017,"Pesquisa e desenvolvimento do lazer, cultura e religião",Governos Estaduais,0.0
2017,"Pesquisa e desenvolvimento do lazer, cultura e religião",Governos Municipais,0.0
2017,"Pesquisa e desenvolvimento do lazer, cultura e religião",Coluna de Consolidação,-1.2168885612196632e-07
2017,"Pesquisa e desenvolvimento do lazer, cultura e religião",Governo Geral,9.815949610810779e-06
2018,"Pesquisa e desenvolvimento do lazer, cultura e religião",Governo Central,8.845032093705927e-06
2018,"Pesquisa e desenvolvimento do lazer, cultura e religião",Governos Estaduais,0.0
2018,"Pesquisa e desenvolvimento do lazer, cultura e religião",Governos Municipais,0.0
2018,"Pesquisa e desenvolvimento do lazer, cultura e religião",Coluna de Consolidação,-7.769595695138695e-08
2018,"Pesquisa e desenvolvimento do lazer, cultura e religião",Governo Geral,8.767336136754538e-06
2019,"Pesquisa e desenvolvimento do lazer, cultura e religião",Governo Central,9.451099366914722e-06
2019,"Pesquisa e desenvolvimento do lazer, cultura e religião",Governos Estaduais,0.0
2019,"Pesquisa e desenvolvimento do lazer, cultura e religião",Governos Municipais,0.0
2019,"Pesquisa e desenvolvimento do lazer, cultura e religião",Coluna de Consolidação,-5.885377317171904e-08
2019,"Pesquisa e desenvolvimento do lazer, cultura e religião",Governo Geral,9.392245593743002e-06
2020,"Pesquisa e desenvolvimento do lazer, cultura e religião",Governo Central,7.139193442610477e-06
2020,"Pesquisa e desenvolvimento do lazer, cultura e religião",Governos Estaduais,0.0
2020,"Pesquisa e desenvolvimento do lazer, cultura e religião",Governos Municipais,0.0
2020,"Pesquisa e desenvolvimento do lazer, cultura e religião",Coluna de Consolidação,-3.637357788325178e-08
2020,"Pesquisa e desenvolvimento do lazer, cultura e religião",Governo Geral,7.102819864727225e-06
2021,"Pesquisa e desenvolvimento do lazer, cultura e religião",Governo Central,5.402828141038186e-06
2021,"Pesquisa e desenvolvimento do lazer, cultura e religião",Governos Estaduais,0.0
2021,"Pesquisa e desenvolvimento do lazer, cultura e religião",Governos Municipais,0.0
2021,"Pesquisa e desenvolvimento do lazer, cultura e religião",Coluna de Consolidação,0.0
2021,"Pesquisa e desenvolvimento do lazer, cultura e religião",Governo Geral,5.402828141038186e-06
2022,"Pesquisa e desenvolvimento do lazer, cultura e religião",Governo Central,4.616251863227809e-06
2022,"Pesquisa e desenvolvimento do lazer, cultura e religião",Governos Estaduais,0.0
2022,"Pesquisa e desenvolvimento do lazer, cultura e religião",Governos Municipais,0.0
2022,"Pesquisa e desenvolvimento do lazer, cultura e religião",Coluna de Consolidação,0.0
2022,"Pesquisa e desenvolvimento do lazer, cultura e religião",Governo Geral,4.616251863227809e-06
2023,"Pesquisa e desenvolvimento do lazer, cultura e religião",Governo Central,6.797547970915453e-06
2023,"Pesquisa e desenvolvimento do lazer, cultura e religião",Governos Estaduais,0.0
2023,"Pesquisa e desenvolvimento do lazer, cultura e religião",Governos Municipais,0.0
2023,"Pesquisa e desenvolvimento do lazer, cultura e religião",Coluna de Consolidação,-4.3617878329646485e-09
2023,"Pesquisa e desenvolvimento do lazer, cultura e religião",Governo Geral,6.793186183082488e-06
2024,"Pesquisa e desenvolvimento do lazer, cultura e religião",Governo Central,7.106143396656708e-06
2024,"Pesquisa e desenvolvimento do lazer, cultura e religião",Governos Estaduais,0.0
2024,"Pesquisa e desenvolvimento do lazer, cultura e religião",Governos Municipais,0.0
2024,"Pesquisa e desenvolvimento do lazer, cultura e religião",Coluna de Consolidação,-1.2119071448094544e-10
2024,"Pesquisa e desenvolvimento do lazer, cultura e religião",Governo Geral,7.106022205942226e-06
2010,"Lazer, cultura e religião não especificados",Governo Central,0.0
2010,"Lazer, cultura e religião não especificados",Governos Estaduais,0.0
2010,"Lazer, cultura e religião não especificados",Governos Municipais,0.0
2010,"Lazer, cultura e religião não especificados",Coluna de Consolidação,0.0
2010,"Lazer, cultura e religião não especificados",Governo Geral,0.0
2011,"Lazer, cultura e religião não especificados",Governo Central,0.0
2011,"Lazer, cultura e religião não especificados",Governos Estaduais,0.0
2011,"Lazer, cultura e religião não especificados",Governos Municipais,0.0
2011,"Lazer, cultura e religião não especificados",Coluna de Consolidação,0.0
2011,"Lazer, cultura e religião não especificados",Governo Geral,0.0
2012,"Lazer, cultura e religião não especificados",Governo Central,0.0
2012,"Lazer, cultura e religião não especificados",Governos Estaduais,0.0
2012,"Lazer, cultura e religião não especificados",Governos Municipais,0.0
2012,"Lazer, cultura e religião não especificados",Coluna de Consolidação,0.0
2012,"Lazer, cultura e religião não especificados",Governo Geral,0.0
2013,"Lazer, cultura e religião não especificados",Governo Central,0.0
2013,"Lazer, cultura e religião não especificados",Governos Estaduais,0.0
2013,"Lazer, cultura e religião não especificados",Governos Municipais,0.0
2013,"Lazer, cultura e religião não especificados",Coluna de Consolidação,0.0
2013,"Lazer, cultura e religião não especificados",Governo Geral,0.0
2014,"Lazer, cultura e religião não especificados",Governo Central,0.0
2014,"Lazer, cultura e religião não especificados",Governos Estaduais,0.0
2014,"Lazer, cultura e religião não especificados",Governos Municipais,0.0
2014,"Lazer, cultura e religião não especificados",Coluna de Consolidação,0.0
2014,"Lazer, cultura e religião não especificados",Governo Geral,0.0
2015,"Lazer, cultura e religião não especificados",Governo Central,0.0
2015,"Lazer, cultura e religião não especificados",Governos Estaduais,0.0
2015,"Lazer, cultura e religião não especificados",Governos Municipais,2.8536933961595463e-07
2015,"Lazer, cultura e religião não especificados",Coluna de Consolidação,0.0
2015,"Lazer, cultura e religião não especificados",Governo Geral,2.8536933961595463e-07
2016,"Lazer, cultura e religião não especificados",Governo Central,0.0
2016,"Lazer, cultura e religião não especificados",Governos Estaduais,0.0
2016,"Lazer, cultura e religião não especificados",Governos Municipais,3.6305047259102426e-07
2016,"Lazer, cultura e religião não especificados",Coluna de Consolidação,0.0
2016,"Lazer, cultura e religião não especificados",Governo Geral,3.6305047259102426e-07
2017,"Lazer, cultura e religião não especificados",Governo Central,0.0
2017,"Lazer, cultura e religião não especificados",Governos Estaduais,0.0
2017,"Lazer, cultura e religião não especificados",Governos Municipais,3.5925275754475493e-07
2017,"Lazer, cultura e religião não especificados",Coluna de Consolidação,0.0
2017,"Lazer, cultura e religião não especificados",Governo Geral,3.5925275754475493e-07
2018,"Lazer, cultura e religião não especificados",Governo Central,0.0
2018,"Lazer, cultura e religião não especificados",Governos Estaduais,0.0
2018,"Lazer, cultura e religião não especificados",Governos Municipais,3.816819832757116e-07
2018,"Lazer, cultura e religião não especificados",Coluna de Consolidação,0.0
2018,"Lazer, cultura e religião não especificados",Governo Geral,3.816819832757116e-07
2019,"Lazer, cultura e religião não especificados",Governo Central,0.0
2019,"Lazer, cultura e religião não especificados",Governos Estaduais,0.0
2019,"Lazer, cultura e religião não especificados",Governos Municipais,0.0
2019,"Lazer, cultura e religião não especificados",Coluna de Consolidação,0.0
2019,"Lazer, cultura e religião não especificados",Governo Geral,0.0
2020,"Lazer, cultura e religião não especificados",Governo Central,0.0
2020,"Lazer, cultura e religião não especificados",Governos Estaduais,0.0
2020,"Lazer, cultura e religião não especificados",Governos Municipais,0.0
2020,"Lazer, cultura e religião não especificados",Coluna de Consolidação,0.0
2020,"Lazer, cultura e religião não especificados",Governo Geral,0.0
2021,"Lazer, cultura e religião não especificados",Governo Central,0.0
2021,"Lazer, cultura e religião não especificados",Governos Estaduais,0.0
2021,"Lazer, cultura e religião não especificados",Governos Municipais,0.0
2021,"Lazer, cultura e religião não especificados",Coluna de Consolidação,0.0
2021,"Lazer, cultura e religião não especificados",Governo Geral,0.0
2022,"Lazer, cultura e religião não especificados",Governo Central,0.0
2022,"Lazer, cultura e religião não especificados",Governos Estaduais,0.0
2022,"Lazer, cultura e religião não especificados",Governos Municipais,0.0
2022,"Lazer, cultura e religião não especificados",Coluna de Consolidação,0.0
2022,"Lazer, cultura e religião não especificados",Governo Geral,0.0
2023,"Lazer, cultura e religião não especificados",Governo Central,0.0
2023,"Lazer, cultura e religião não especificados",Governos Estaduais,0.0
2023,"Lazer, cultura e religião não especificados",Governos Municipais,0.0
2023,"Lazer, cultura e religião não especificados",Coluna de Consolidação,0.0
2023,"Lazer, cultura e religião não especificados",Governo Geral,0.0
2024,"Lazer, cultura e religião não especificados",Governo Central,0.0
2024,"Lazer, cultura e religião não especificados",Governos Estaduais,0.0
2024,"Lazer, cultura e religião não especificados",Governos Municipais,0.0
2024,"Lazer, cultura e religião não especificados",Coluna de Consolidação,0.0
2024,"Lazer, cultura e religião não especificados",Governo Geral,0.0
2010,Educação,Governo Central,0.018175460598395393
2010,Educação,Governos Estaduais,0.018827259937706127
2010,Educação,Governos Municipais,0.022749833558998563
2010,Educação,Coluna de Consolidação,-0.011518996083867533
2010,Educação,Governo Geral,0.048233558011232545
2011,Educação,Governo Central,0.01889825749726434
2011,Educação,Governos Estaduais,0.019489910551768408
2011,Educação,Governos Municipais,0.0237456139790288
2011,Educação,Coluna de Consolidação,-0.012065240990125537
2011,Educação,Governo Geral,0.05006854103793601
2012,Educação,Governo Central,0.01964681135612985
2012,Educação,Governos Estaduais,0.018047060296249872
2012,Educação,Governos Municipais,0.024669451411074232
2012,Educação,Coluna de Consolidação,-0.012753828067856705
2012,Educação,Governo Geral,0.04960949499559724
2013,Educação,Governo Central,0.019085392943473098
2013,Educação,Governos Estaduais,0.018428490520019887
2013,Educação,Governos Municipais,0.02417669324966188
2013,Educação,Coluna de Consolidação,-0.011660704552313212
2013,Educação,Governo Geral,0.05002987216084165
2014,Educação,Governo Central,0.019867206922302563
2014,Educação,Governos Estaduais,0.017942916435915904
2014,Educação,Governos Municipais,0.023592263242071098
2014,Educação,Coluna de Consolidação,-0.011881883311821918
2014,Educação,Governo Geral,0.04952050328846765
2015,Educação,Governo Central,0.0206400119540416
2015,Educação,Governos Estaduais,0.01862403535154556
2015,Educação,Governos Municipais,0.024512337965745232
2015,Educação,Coluna de Consolidação,-0.012462685653237068
2015,Educação,Governo Geral,0.05131369961809532
2016,Educação,Governo Central,0.020571558321799275
2016,Educação,Governos Estaduais,0.01740918779912877
2016,Educação,Governos Municipais,0.025272247383178386
2016,Educação,Coluna de Consolidação,-0.012594819190053133
2016,Educação,Governo Geral,0.050658174314053304
2017,Educação,Governo Central,0.0193844036841178
2017,Educação,Governos Estaduais,0.0172994963612947
2017,Educação,Governos Municipais,0.02483551259574482
2017,Educação,Coluna de Consolidação,-0.011356858735818803
2017,Educação,Governo Geral,0.050162553905338504
2018,Educação,Governo Central,0.01914028454331468
2018,Educação,Governos Estaduais,0.016818810693322788
2018,Educação,Governos Municipais,0.025169098746560394
2018,Educação,Coluna de Consolidação,-0.011375821783006144
2018,Educação,Governo Geral,0.04975237220019171
2019,Educação,Governo Central,0.018517756158902964
2019,Educação,Governos Estaduais,0.016371934086734364
2019,Educação,Governos Municipais,0.023209483418563073
2019,Educação,Coluna de Consolidação,-0.011029898160933348
2019,Educação,Governo Geral,0.04706927550326705
2020,Educação,Governo Central,0.01769198371874419
2020,Educação,Governos Estaduais,0.015417896013247417
2020,Educação,Governos Municipais,0.021243500087430166
2020,Educação,Coluna de Consolidação,-0.010260953559574213
2020,Educação,Governo Geral,0.044092426259847564
2021,Educação,Governo Central,0.0175632706304476
2021,Educação,Governos Estaduais,0.0158742023704092
2021,Educação,Governos Municipais,0.019279960536119866
2021,Educação,Coluna de Consolidação,-0.011591616866217012
2021,Educação,Governo Geral,0.04112581667075966
2022,Educação,Governo Central,0.019395359767584684
2022,Educação,Governos Estaduais,0.018923970336999198
2022,Educação,Governos Municipais,0.023973011633888916
2022,Educação,Coluna de Consolidação,-0.014546534600105188
2022,Educação,Governo Geral,0.04774580713836762
2023,Educação,Governo Central,0.019618220765769846
2023,Educação,Governos Estaduais,0.01878448330629892
2023,Educação,Governos Municipais,0.025284781072199183
2023,Educação,Coluna de Consolidação,-0.014344862189507182
2023,Educação,Governo Geral,0.04934262295476076
2024,Educação,Governo Central,0.021306555287374063
2024,Educação,Governos Estaduais,0.019279396271318302
2024,Educação,Governos Municipais,0.026354247760214285
2024,Educação,Coluna de Consolidação,-0.015923338052770953
2024,Educação,Governo Geral,0.051016861266135693
2010,Educação infantil e ensino fundamental I10/,Governo Central,0.00614760690467682
2010,Educação infantil e ensino fundamental I10/,Governos Estaduais,0.00336821278785723
2010,Educação infantil e ensino fundamental I10/,Governos Municipais,0.016797646524629218
2010,Educação infantil e ensino fundamental I10/,Coluna de Consolidação,-0.00611978355272146
2010,Educação infantil e ensino fundamental I10/,Governo Geral,0.020193682664441808
2011,Educação infantil e ensino fundamental I10/,Governo Central,0.0068965263824479145
2011,Educação infantil e ensino fundamental I10/,Governos Estaduais,0.003411161800549709
2011,Educação infantil e ensino fundamental I10/,Governos Municipais,0.017525184947337815
2011,Educação infantil e ensino fundamental I10/,Coluna de Consolidação,-0.006880332581165835
2011,Educação infantil e ensino fundamental I10/,Governo Geral,0.020952540549169604
2012,Educação infantil e ensino fundamental I10/,Governo Central,0.0073071903463787675
2012,Educação infantil e ensino fundamental I10/,Governos Estaduais,0.002919504668695577
2012,Educação infantil e ensino fundamental I10/,Governos Municipais,0.018080401039709603
2012,Educação infantil e ensino fundamental I10/,Coluna de Consolidação,-0.007302252667660819
2012,Educação infantil e ensino fundamental I10/,Governo Geral,0.02100484338712313
2013,Educação infantil e ensino fundamental I10/,Governo Central,0.006878569300420798
2013,Educação infantil e ensino fundamental I10/,Governos Estaduais,0.0029634810093283398
2013,Educação infantil e ensino fundamental I10/,Governos Municipais,0.01743115730239693
2013,Educação infantil e ensino fundamental I10/,Coluna de Consolidação,-0.006874295743519838
2013,Educação infantil e ensino fundamental I10/,Governo Geral,0.020398911868626232
2014,Educação infantil e ensino fundamental I10/,Governo Central,0.0072065662895043694
2014,Educação infantil e ensino fundamental I10/,Governos Estaduais,0.002879174478583876
2014,Educação infantil e ensino fundamental I10/,Governos Municipais,0.016758527118192392
2014,Educação infantil e ensino fundamental I10/,Coluna de Consolidação,-0.007166078180968703
2014,Educação infantil e ensino fundamental I10/,Governo Geral,0.019678189705311936
2015,Educação infantil e ensino fundamental I10/,Governo Central,0.007516512867722487
2015,Educação infantil e ensino fundamental I10/,Governos Estaduais,0.0030016687165170834
2015,Educação infantil e ensino fundamental I10/,Governos Municipais,0.01762358825342374
2015,Educação infantil e ensino fundamental I10/,Coluna de Consolidação,-0.007509878075245843
2015,Educação infantil e ensino fundamental I10/,Governo Geral,0.02063189176241747
2016,Educação infantil e ensino fundamental I10/,Governo Central,0.0076782712935537355
2016,Educação infantil e ensino fundamental I10/,Governos Estaduais,0.002332114441814634
2016,Educação infantil e ensino fundamental I10/,Governos Municipais,0.018179475617019766
2016,Educação infantil e ensino fundamental I10/,Coluna de Consolidação,-0.0077062383640875256
2016,Educação infantil e ensino fundamental I10/,Governo Geral,0.02048362298830061
2017,Educação infantil e ensino fundamental I10/,Governo Central,0.006856435601324583
2017,Educação infantil e ensino fundamental I10/,Governos Estaduais,0.0022381211137888417
2017,Educação infantil e ensino fundamental I10/,Governos Municipais,0.017851953295313295
2017,Educação infantil e ensino fundamental I10/,Coluna de Consolidação,-0.0068649208795536305
2017,Educação infantil e ensino fundamental I10/,Governo Geral,0.02008158913087309
2018,Educação infantil e ensino fundamental I10/,Governo Central,0.007029758376599027
2018,Educação infantil e ensino fundamental I10/,Governos Estaduais,0.0021254593699819527
2018,Educação infantil e ensino fundamental I10/,Governos Municipais,0.01811411751162106
2018,Educação infantil e ensino fundamental I10/,Coluna de Consolidação,-0.007040494230223981
2018,Educação infantil e ensino fundamental I10/,Governo Geral,0.020228841027978058
2019,Educação infantil e ensino fundamental I10/,Governo Central,0.006877304030568709
2019,Educação infantil e ensino fundamental I10/,Governos Estaduais,0.0020047144990306322
2019,Educação infantil e ensino fundamental I10/,Governos Municipais,0.016519902473710525
2019,Educação infantil e ensino fundamental I10/,Coluna de Consolidação,-0.006891818849216136
2019,Educação infantil e ensino fundamental I10/,Governo Geral,0.01851010215409373
2020,Educação infantil e ensino fundamental I10/,Governo Central,0.006608861775494338
2020,Educação infantil e ensino fundamental I10/,Governos Estaduais,0.0018177004815239058
2020,Educação infantil e ensino fundamental I10/,Governos Municipais,0.015313824010135507
2020,Educação infantil e ensino fundamental I10/,Coluna de Consolidação,-0.0066429596898371236
2020,Educação infantil e ensino fundamental I10/,Governo Geral,0.017097426577316627
2021,Educação infantil e ensino fundamental I10/,Governo Central,0.007288668023211514
2021,Educação infantil e ensino fundamental I10/,Governos Estaduais,0.0017503367412421114
2021,Educação infantil e ensino fundamental I10/,Governos Municipais,0.013853468901638485
2021,Educação infantil e ensino fundamental I10/,Coluna de Consolidação,-0.007346861402476518
2021,Educação infantil e ensino fundamental I10/,Governo Geral,0.015545612263615591
2022,Educação infantil e ensino fundamental I10/,Governo Central,0.00843082096115622
2022,Educação infantil e ensino fundamental I10/,Governos Estaduais,0.002260595537528638
2022,Educação infantil e ensino fundamental I10/,Governos Municipais,0.017108170722707476
2022,Educação infantil e ensino fundamental I10/,Coluna de Consolidação,-0.008564689401034534
2022,Educação infantil e ensino fundamental I10/,Governo Geral,0.0192348978203578
2023,Educação infantil e ensino fundamental I10/,Governo Central,0.00861465557715263
2023,Educação infantil e ensino fundamental I10/,Governos Estaduais,0.0018520793230720266
2023,Educação infantil e ensino fundamental I10/,Governos Municipais,0.018071201888439973
2023,Educação infantil e ensino fundamental I10/,Coluna de Consolidação,-0.008674190827222887
2023,Educação infantil e ensino fundamental I10/,Governo Geral,0.01986374596144174
2024,Educação infantil e ensino fundamental I10/,Governo Central,0.009760105875377165
2024,Educação infantil e ensino fundamental I10/,Governos Estaduais,0.001875914884622737
2024,Educação infantil e ensino fundamental I10/,Governos Municipais,0.018871260422081704
2024,Educação infantil e ensino fundamental I10/,Coluna de Consolidação,-0.009834738058972921
2024,Educação infantil e ensino fundamental I10/,Governo Geral,0.020672543123108685
2010,Ensino fundamental II e médio,Governo Central,0.00423808396287996
2010,Ensino fundamental II e médio,Governos Estaduais,0.012143627721833476
2010,Ensino fundamental II e médio,Governos Municipais,0.00374285420828271
2010,Ensino fundamental II e médio,Coluna de Consolidação,-0.003682613549130037
2010,Ensino fundamental II e médio,Governo Geral,0.01644195234386611
2011,Ensino fundamental II e médio,Governo Central,0.004363311146762469
2011,Ensino fundamental II e médio,Governos Estaduais,0.012769708849954322
2011,Ensino fundamental II e médio,Governos Municipais,0.003842786986752661
2011,Ensino fundamental II e médio,Coluna de Consolidação,-0.0036073857608101977
2011,Ensino fundamental II e médio,Governo Geral,0.017368421222659254
2012,Ensino fundamental II e médio,Governo Central,0.003982684585479295
2012,Ensino fundamental II e médio,Governos Estaduais,0.01097173597743375
2012,Ensino fundamental II e médio,Governos Municipais,0.004074354559699054
2012,Ensino fundamental II e médio,Coluna de Consolidação,-0.003581016334929065
2012,Ensino fundamental II e médio,Governo Geral,0.015447758787683034
2013,Ensino fundamental II e médio,Governo Central,0.0037095649365792203
2013,Ensino fundamental II e médio,Governos Estaduais,0.011415755958510672
2013,Ensino fundamental II e médio,Governos Municipais,0.004176430095224912
2013,Ensino fundamental II e médio,Coluna de Consolidação,-0.0032695274783244303
2013,Ensino fundamental II e médio,Governo Geral,0.016032223511990375
2014,Ensino fundamental II e médio,Governo Central,0.0036746656776300395
2014,Ensino fundamental II e médio,Governos Estaduais,0.011182206036439461
2014,Ensino fundamental II e médio,Governos Municipais,0.004027836441267295
2014,Ensino fundamental II e médio,Coluna de Consolidação,-0.0031857135647564796
2014,Ensino fundamental II e médio,Governo Geral,0.015698994590580315
2015,Ensino fundamental II e médio,Governo Central,0.004146749985887493
2015,Ensino fundamental II e médio,Governos Estaduais,0.011526107502410593
2015,Ensino fundamental II e médio,Governos Municipais,0.004246539836805286
2015,Ensino fundamental II e médio,Coluna de Consolidação,-0.003583661463738502
2015,Ensino fundamental II e médio,Governo Geral,0.01633573586136487
2016,Ensino fundamental II e médio,Governo Central,0.004054942406175441
2016,Ensino fundamental II e médio,Governos Estaduais,0.010943551966402107
2016,Ensino fundamental II e médio,Governos Municipais,0.004364407629371976
2016,Ensino fundamental II e médio,Coluna de Consolidação,-0.0034883827967827946
2016,Ensino fundamental II e médio,Governo Geral,0.015874519205166727
2017,Ensino fundamental II e médio,Governo Central,0.0036826622540366643
2017,Ensino fundamental II e médio,Governos Estaduais,0.010973000794308402
2017,Ensino fundamental II e médio,Governos Municipais,0.004414470846859686
2017,Ensino fundamental II e médio,Coluna de Consolidação,-0.0030964927354249416
2017,Ensino fundamental II e médio,Governo Geral,0.01597364115977981
2018,Ensino fundamental II e médio,Governo Central,0.0036594451639260436
2018,Ensino fundamental II e médio,Governos Estaduais,0.010673177915142234
2018,Ensino fundamental II e médio,Governos Municipais,0.0044227466658130505
2018,Ensino fundamental II e médio,Coluna de Consolidação,-0.0030354832286964505
2018,Ensino fundamental II e médio,Governo Geral,0.015719886516184875
2019,Ensino fundamental II e médio,Governo Central,0.003542907116585271
2019,Ensino fundamental II e médio,Governos Estaduais,0.010561575531671146
2019,Ensino fundamental II e médio,Governos Municipais,0.003870628187595787
2019,Ensino fundamental II e médio,Coluna de Consolidação,-0.002955522330523169
2019,Ensino fundamental II e médio,Governo Geral,0.015019588505329034
2020,Ensino fundamental II e médio,Governo Central,0.0031332340542246906
2020,Ensino fundamental II e médio,Governos Estaduais,0.010166020754047465
2020,Ensino fundamental II e médio,Governos Municipais,0.0035850752051125954
2020,Ensino fundamental II e médio,Coluna de Consolidação,-0.002758272501791286
2020,Ensino fundamental II e médio,Governo Geral,0.014126057511593466
2021,Ensino fundamental II e médio,Governo Central,0.003414329986704629
2021,Ensino fundamental II e médio,Governos Estaduais,0.009316100433115239
2021,Ensino fundamental II e médio,Governos Municipais,0.0032129776677352517
2021,Ensino fundamental II e médio,Coluna de Consolidação,-0.0031433579064099756
2021,Ensino fundamental II e médio,Governo Geral,0.012800050181145143
2022,Ensino fundamental II e médio,Governo Central,0.004800962228177707
2022,Ensino fundamental II e médio,Governos Estaduais,0.01207505942040833
2022,Ensino fundamental II e médio,Governos Municipais,0.0038817757123559733
2022,Ensino fundamental II e médio,Coluna de Consolidação,-0.004771633209388749
2022,Ensino fundamental II e médio,Governo Geral,0.01598616415155326
2023,Ensino fundamental II e médio,Governo Central,0.004219825399633665
2023,Ensino fundamental II e médio,Governos Estaduais,0.012417656793515716
2023,Ensino fundamental II e médio,Governos Municipais,0.004098956489643428
2023,Ensino fundamental II e médio,Coluna de Consolidação,-0.004118202843308022
2023,Ensino fundamental II e médio,Governo Geral,0.01661823583948479
2024,Ensino fundamental II e médio,Governo Central,0.005052587100554979
2024,Ensino fundamental II e médio,Governos Estaduais,0.012436851803180346
2024,Ensino fundamental II e médio,Governos Municipais,0.004219721493664191
2024,Ensino fundamental II e médio,Coluna de Consolidação,-0.004582786624619406
2024,Ensino fundamental II e médio,Governo Geral,0.017126373772780108
2010,Ensino pós-secundário e não superior,Governo Central,0.00022122177431309182
2010,Ensino pós-secundário e não superior,Governos Estaduais,0.000256931923398201
2010,Ensino pós-secundário e não superior,Governos Municipais,0.00012568583486100707
2010,Ensino pós-secundário e não superior,Coluna de Consolidação,-1.0761776588347266e-06
2010,Ensino pós-secundário e não superior,Governo Geral,0.0006027633549134651
2011,Ensino pós-secundário e não superior,Governo Central,0.00025947355481947923
2011,Ensino pós-secundário e não superior,Governos Estaduais,0.0002388534353403579
2011,Ensino pós-secundário e não superior,Governos Municipais,8.355225956680085e-05
2011,Ensino pós-secundário e não superior,Coluna de Consolidação,-7.793755174740119e-07
2011,Ensino pós-secundário e não superior,Governo Geral,0.000581099874209164
2012,Ensino pós-secundário e não superior,Governo Central,0.000288755119750323
2012,Ensino pós-secundário e não superior,Governos Estaduais,0.0002508764595478115
2012,Ensino pós-secundário e não superior,Governos Municipais,8.299329783813967e-05
2012,Ensino pós-secundário e não superior,Coluna de Consolidação,-9.677969880936841e-07
2012,Ensino pós-secundário e não superior,Governo Geral,0.0006216570801481805
2013,Ensino pós-secundário e não superior,Governo Central,0.0003285642587337241
2013,Ensino pós-secundário e não superior,Governos Estaduais,0.0002841498581202554
2013,Ensino pós-secundário e não superior,Governos Municipais,5.1165018372287756e-05
2013,Ensino pós-secundário e não superior,Coluna de Consolidação,-1.015912532363983e-06
2013,Ensino pós-secundário e não superior,Governo Geral,0.0006628632226939032
2014,Ensino pós-secundário e não superior,Governo Central,0.00037662184013467163
2014,Ensino pós-secundário e não superior,Governos Estaduais,0.00027174324986345866
2014,Ensino pós-secundário e não superior,Governos Municipais,3.986918480927787e-05
2014,Ensino pós-secundário e não superior,Coluna de Consolidação,-9.38898827761023e-07
2014,Ensino pós-secundário e não superior,Governo Geral,0.0006872953759796471
2015,Ensino pós-secundário e não superior,Governo Central,0.0004301077835963239
2015,Ensino pós-secundário e não superior,Governos Estaduais,0.00017691452595071142
2015,Ensino pós-secundário e não superior,Governos Municipais,3.691868645356769e-05
2015,Ensino pós-secundário e não superior,Coluna de Consolidação,-5.91514056608107e-07
2015,Ensino pós-secundário e não superior,Governo Geral,0.0006433494819439949
2016,Ensino pós-secundário e não superior,Governo Central,0.0004571863652002306
2016,Ensino pós-secundário e não superior,Governos Estaduais,0.00021084072355503022
2016,Ensino pós-secundário e não superior,Governos Municipais,3.2298216831382e-05
2016,Ensino pós-secundário e não superior,Coluna de Consolidação,-3.159495142205203e-07
2016,Ensino pós-secundário e não superior,Governo Geral,0.0007000093560724223
2017,Ensino pós-secundário e não superior,Governo Central,0.0005603480162921937
2017,Ensino pós-secundário e não superior,Governos Estaduais,0.00021703281967852932
2017,Ensino pós-secundário e não superior,Governos Municipais,2.9902682129839886e-05
2017,Ensino pós-secundário e não superior,Coluna de Consolidação,-2.945388813228813e-07
2017,Ensino pós-secundário e não superior,Governo Geral,0.00080698897921924
2018,Ensino pós-secundário e não superior,Governo Central,0.00044351336948086976
2018,Ensino pós-secundário e não superior,Governos Estaduais,0.00023975252037034114
2018,Ensino pós-secundário e não superior,Governos Municipais,2.8580469720889393e-05
2018,Ensino pós-secundário e não superior,Coluna de Consolidação,-3.93789679724926e-07
2018,Ensino pós-secundário e não superior,Governo Geral,0.0007114525698923754
2019,Ensino pós-secundário e não superior,Governo Central,0.0004633245912267422
2019,Ensino pós-secundário e não superior,Governos Estaduais,0.00021205257425246286
2019,Ensino pós-secundário e não superior,Governos Municipais,2.1130631232055998e-05
2019,Ensino pós-secundário e não superior,Coluna de Consolidação,-3.0760257564139585e-07
2019,Ensino pós-secundário e não superior,Governo Geral,0.0006962001941356197
2020,Ensino pós-secundário e não superior,Governo Central,0.0005801091905895252
2020,Ensino pós-secundário e não superior,Governos Estaduais,0.00018880026796692535
2020,Ensino pós-secundário e não superior,Governos Municipais,1.6898928426025238e-05
2020,Ensino pós-secundário e não superior,Coluna de Consolidação,-1.1824126957453804e-06
2020,Ensino pós-secundário e não superior,Governo Geral,0.0007846259742867303
2021,Ensino pós-secundário e não superior,Governo Central,0.0003426303371473293
2021,Ensino pós-secundário e não superior,Governos Estaduais,0.00014069710995512935
2021,Ensino pós-secundário e não superior,Governos Municipais,1.6133797166562564e-05
2021,Ensino pós-secundário e não superior,Coluna de Consolidação,-3.5612299703662937e-07
2021,Ensino pós-secundário e não superior,Governo Geral,0.0004991051212719845
2022,Ensino pós-secundário e não superior,Governo Central,0.0003239987089091172
2022,Ensino pós-secundário e não superior,Governos Estaduais,0.00016955201381976343
2022,Ensino pós-secundário e não superior,Governos Municipais,2.481796128382113e-05
2022,Ensino pós-secundário e não superior,Coluna de Consolidação,-1.0841006022182744e-06
2022,Ensino pós-secundário e não superior,Governo Geral,0.0005172845834104835
2023,Ensino pós-secundário e não superior,Governo Central,0.00026624084837514325
2023,Ensino pós-secundário e não superior,Governos Estaduais,0.00020271708773900144
2023,Ensino pós-secundário e não superior,Governos Municipais,2.3918214356745682e-05
2023,Ensino pós-secundário e não superior,Coluna de Consolidação,-2.6678816962338395e-06
2023,Ensino pós-secundário e não superior,Governo Geral,0.0004902082687746565
2024,Ensino pós-secundário e não superior,Governo Central,0.00023586609686403857
2024,Ensino pós-secundário e não superior,Governos Estaduais,0.00012510969033775328
2024,Ensino pós-secundário e não superior,Governos Municipais,2.784453279068325e-05
2024,Ensino pós-secundário e não superior,Coluna de Consolidação,-5.866400157623657e-07
2024,Ensino pós-secundário e não superior,Governo Geral,0.0003882336799767127
2010,Ensino superior,Governo Central,0.005180704292270728
2010,Ensino superior,Governos Estaduais,0.0022817234523536674
2010,Ensino superior,Governos Municipais,0.00015093341441069018
2010,Ensino superior,Coluna de Consolidação,-1.7569077339234427e-05
2010,Ensino superior,Governo Geral,0.007595792081695851
2011,Ensino superior,Governo Central,0.005232184414802225
2011,Ensino superior,Governos Estaduais,0.002204790813735954
2011,Ensino superior,Governos Municipais,0.0001668068499172378
2011,Ensino superior,Coluna de Consolidação,-1.794611937389369e-05
2011,Ensino superior,Governo Geral,0.007585835959081521
2012,Ensino superior,Governo Central,0.005327795118604979
2012,Ensino superior,Governos Estaduais,0.0028377272322961944
2012,Ensino superior,Governos Municipais,0.0001599235069440049
2012,Ensino superior,Coluna de Consolidação,-2.9454901111552475e-05
2012,Ensino superior,Governo Geral,0.008295990956733626
2013,Ensino superior,Governo Central,0.005339555711608088
2013,Ensino superior,Governos Estaduais,0.0026323648348764222
2013,Ensino superior,Governos Municipais,0.00015400127329930074
2013,Ensino superior,Coluna de Consolidação,-3.9934061191396514e-05
2013,Ensino superior,Governo Geral,0.008085987758592412
2014,Ensino superior,Governo Central,0.005610815191761896
2014,Ensino superior,Governos Estaduais,0.0024531692741513946
2014,Ensino superior,Governos Municipais,0.00015808898393714925
2014,Ensino superior,Coluna de Consolidação,-4.308444959864178e-05
2014,Ensino superior,Governo Geral,0.008178989000251798
2015,Ensino superior,Governo Central,0.005916001615085642
2015,Ensino superior,Governos Estaduais,0.0027414266172030577
2015,Ensino superior,Governos Municipais,0.0001369861823986544
2015,Ensino superior,Coluna de Consolidação,-2.4611801203553425e-05
2015,Ensino superior,Governo Geral,0.008769802613483802
2016,Ensino superior,Governo Central,0.0061554073050409715
2016,Ensino superior,Governos Estaduais,0.002635450332835268
2016,Ensino superior,Governos Municipais,0.00013331593937662917
2016,Ensino superior,Coluna de Consolidação,-1.3737047489651613e-05
2016,Ensino superior,Governo Geral,0.008910436529763215
2017,Ensino superior,Governo Central,0.006236732309960771
2017,Ensino superior,Governos Estaduais,0.002551630866980666
2017,Ensino superior,Governos Municipais,0.00013131417108890845
2017,Ensino superior,Coluna de Consolidação,-1.6731143633846095e-05
2017,Ensino superior,Governo Geral,0.008902946204396498
2018,Ensino superior,Governo Central,0.006062807857838178
2018,Ensino superior,Governos Estaduais,0.0025397540490806852
2018,Ensino superior,Governos Municipais,0.00013861800004708985
2018,Ensino superior,Coluna de Consolidação,-1.3932813290399719e-05
2018,Ensino superior,Governo Geral,0.008727247093675554
2019,Ensino superior,Governo Central,0.005964781437499132
2019,Ensino superior,Governos Estaduais,0.002414857106289275
2019,Ensino superior,Governos Municipais,0.00018559170500560634
2019,Ensino superior,Coluna de Consolidação,-1.4418146753427361e-05
2019,Ensino superior,Governo Geral,0.008550812102040586
2020,Ensino superior,Governo Central,0.0055009917471520635
2020,Ensino superior,Governos Estaduais,0.0026428302410023996
2020,Ensino superior,Governos Municipais,0.00013469020468704027
2020,Ensino superior,Coluna de Consolidação,-7.0878498730693425e-06
2020,Ensino superior,Governo Geral,0.008271424342968434
2021,Ensino superior,Governo Central,0.004793255717295595
2021,Ensino superior,Governos Estaduais,0.003074228511894935
2021,Ensino superior,Governos Municipais,0.00012608111338668839
2021,Ensino superior,Coluna de Consolidação,-6.032345427307603e-06
2021,Ensino superior,Governo Geral,0.00798753299714991
2022,Ensino superior,Governo Central,0.00443962517629916
2022,Ensino superior,Governos Estaduais,0.002516688465777921
2022,Ensino superior,Governos Municipais,0.00015943059814241324
2022,Ensino superior,Coluna de Consolidação,-7.040945400431004e-06
2022,Ensino superior,Governo Geral,0.007108703294819064
2023,Ensino superior,Governo Central,0.004470265316242849
2023,Ensino superior,Governos Estaduais,0.0025801099314023044
2023,Ensino superior,Governos Municipais,0.00019176296256847292
2023,Ensino superior,Coluna de Consolidação,-1.96345700641917e-05
2023,Ensino superior,Governo Geral,0.007222503640149434
2024,Ensino superior,Governo Central,0.004283371711293962
2024,Ensino superior,Governos Estaduais,0.0028006335349391805
2024,Ensino superior,Governos Municipais,0.00020159100551762524
2024,Ensino superior,Coluna de Consolidação,-9.821017404761077e-06
2024,Ensino superior,Governo Geral,0.007275775234346007
2010,Ensino não classificável por nível,Governo Central,0.0002056008085370372
2010,Ensino não classificável por nível,Governos Estaduais,9.436019596359236e-07
2010,Ensino não classificável por nível,Governos Municipais,1.0669489198088731e-05
2010,Ensino não classificável por nível,Coluna de Consolidação,-2.494044046130974e-05
2010,Ensino não classificável por nível,Governo Geral,0.00019227345923345207
2011,Ensino não classificável por nível,Governo Central,0.00019194718912575906
2011,Ensino não classificável por nível,Governos Estaduais,8.715424638471274e-07
2011,Ensino não classificável por nível,Governos Municipais,1.5384943737503584e-05
2011,Ensino não classificável por nível,Coluna de Consolidação,-1.8886457026164704e-05
2011,Ensino não classificável por nível,Governo Geral,0.00018931721830094507
2012,Ensino não classificável por nível,Governo Central,0.00034228470418174036
2012,Ensino não classificável por nível,Governos Estaduais,7.305099325421482e-07
2012,Ensino não classificável por nível,Governos Municipais,1.2451342721528164e-05
2012,Ensino não classificável por nível,Coluna de Consolidação,-1.7628876706796547e-05
2012,Ensino não classificável por nível,Governo Geral,0.0003378376801290141
2013,Ensino não classificável por nível,Governo Central,0.0005221881925867073
2013,Ensino não classificável por nível,Governos Estaduais,1.29943523887262e-06
2013,Ensino não classificável por nível,Governos Municipais,4.830172278287674e-06
2013,Ensino não classificável por nível,Coluna de Consolidação,-1.514260763862663e-05
2013,Ensino não classificável por nível,Governo Geral,0.000513175192465241
2014,Ensino não classificável por nível,Governo Central,0.00026762951365817114
2014,Ensino não classificável por nível,Governos Estaduais,1.234422376755531e-06
2014,Ensino não classificável por nível,Governos Municipais,4.512566029132866e-06
2014,Ensino não classificável por nível,Coluna de Consolidação,-1.0341698665815612e-05
2014,Ensino não classificável por nível,Governo Geral,0.0002630348033982439
2015,Ensino não classificável por nível,Governo Central,0.00023767667665847768
2015,Ensino não classificável por nível,Governos Estaduais,1.1846370423834077e-06
2015,Ensino não classificável por nível,Governos Municipais,1.85056844119568e-06
2015,Ensino não classificável por nível,Coluna de Consolidação,-2.887734928813067e-06
2015,Ensino não classificável por nível,Governo Geral,0.0002378241472132437
2016,Ensino não classificável por nível,Governo Central,0.0002518086459975746
2016,Ensino não classificável por nível,Governos Estaduais,3.425931582490716e-06
2016,Ensino não classificável por nível,Governos Municipais,1.5378639375525053e-06
2016,Ensino não classificável por nível,Coluna de Consolidação,-1.2233527486827282e-05
2016,Ensino não classificável por nível,Governo Geral,0.00024453891403079054
2017,Ensino não classificável por nível,Governo Central,0.00025941088756580716
2017,Ensino não classificável por nível,Governos Estaduais,3.1158782375572785e-06
2017,Ensino não classificável por nível,Governos Municipais,1.8858816957965487e-06
2017,Ensino não classificável por nível,Coluna de Consolidação,-8.077399604322013e-06
2017,Ensino não classificável por nível,Governo Geral,0.00025633524789483894
2018,Ensino não classificável por nível,Governo Central,0.0002539423039778824
2018,Ensino não classificável por nível,Governos Estaduais,3.378420540123819e-06
2018,Ensino não classificável por nível,Governos Municipais,3.217906232065385e-06
2018,Ensino não classificável por nível,Coluna de Consolidação,-4.009849877440728e-06
2018,Ensino não classificável por nível,Governo Geral,0.0002565287808726309
2019,Ensino não classificável por nível,Governo Central,0.00024911504194264684
2019,Ensino não classificável por nível,Governos Estaduais,3.23382159619543e-06
2019,Ensino não classificável por nível,Governos Municipais,8.91662970207627e-06
2019,Ensino não classificável por nível,Coluna de Consolidação,-2.6442731353086638e-06
2019,Ensino não classificável por nível,Governo Geral,0.0002586212201056099
2020,Ensino não classificável por nível,Governo Central,0.0005132293692364492
2020,Ensino não classificável por nível,Governos Estaduais,1.8465342762633814e-06
2020,Ensino não classificável por nível,Governos Municipais,7.135103760142774e-06
2020,Ensino não classificável por nível,Coluna de Consolidação,-1.7486484820369802e-06
2020,Ensino não classificável por nível,Governo Geral,0.0005204623587908183
2021,Ensino não classificável por nível,Governo Central,0.0005432751778403537
2021,Ensino não classificável por nível,Governos Estaduais,3.245681189284546e-07
2021,Ensino não classificável por nível,Governos Municipais,6.808614191404903e-06
2021,Ensino não classificável por nível,Coluna de Consolidação,-1.512346372332956e-06
2021,Ensino não classificável por nível,Governo Geral,0.0005488960137783541
2022,Ensino não classificável por nível,Governo Central,0.0004951144940149695
2022,Ensino não classificável por nível,Governos Estaduais,3.4056633696530827e-07
2022,Ensino não classificável por nível,Governos Municipais,9.337649515610215e-06
2022,Ensino não classificável por nível,Coluna de Consolidação,-8.785905324022688e-07
2022,Ensino não classificável por nível,Governo Geral,0.0005039141193351427
2023,Ensino não classificável por nível,Governo Central,0.000671999768582553
2023,Ensino não classificável por nível,Governos Estaduais,3.320967219571938e-07
2023,Ensino não classificável por nível,Governos Municipais,9.895814864938385e-06
2023,Ensino não classificável por nível,Coluna de Consolidação,-2.1375872968820884e-06
2023,Ensino não classificável por nível,Governo Geral,0.0006800900928725664
2024,Ensino não classificável por nível,Governo Central,0.0008495869368377961
2024,Ensino não classificável por nível,Governos Estaduais,5.7435848243797015e-06
2024,Ensino não classificável por nível,Governos Municipais,1.0514090748154235e-05
2024,Ensino não classificável por nível,Coluna de Consolidação,-3.708595889698531e-06
2024,Ensino não classificável por nível,Governo Geral,0.0008621360165206315
2010,Serviços auxiliares da educação,Governo Central,0.000982222739289595
2010,Serviços auxiliares da educação,Governos Estaduais,0.0007420058348316247
2010,Serviços auxiliares da educação,Governos Municipais,0.001706176920911825
2010,Serviços auxiliares da educação,Coluna de Consolidação,-0.0011966149906720435
2010,Serviços auxiliares da educação,Governo Geral,0.0022337905043610016
2011,Serviços auxiliares da educação,Governo Central,0.0009057882119505256
2011,Serviços auxiliares da educação,Governos Estaduais,0.0008267550480376417
2011,Serviços auxiliares da educação,Governos Municipais,0.0018841462673704027
2011,Serviços auxiliares da educação,Coluna de Consolidação,-0.0011361129777755494
2011,Serviços auxiliares da educação,Governo Geral,0.0024805765495830205
2012,Serviços auxiliares da educação,Governo Central,0.0009730197397140566
2012,Serviços auxiliares da educação,Governos Estaduais,0.0010066892179968062
2012,Serviços auxiliares da educação,Governos Municipais,0.0020445864863843036
2012,Serviços auxiliares da educação,Coluna de Consolidação,-0.0013278654332197124
2012,Serviços auxiliares da educação,Governo Geral,0.0026964300108754543
2013,Serviços auxiliares da educação,Governo Central,0.0007925242419901995
2013,Serviços auxiliares da educação,Governos Estaduais,0.001088805797738544
2013,Serviços auxiliares da educação,Governos Municipais,0.0021379547311859357
2013,Serviços auxiliares da educação,Coluna de Consolidação,-0.0011904529904113092
2013,Serviços auxiliares da educação,Governo Geral,0.00282883178050337
2014,Serviços auxiliares da educação,Governo Central,0.0008096826821455447
2014,Serviços auxiliares da educação,Governos Estaduais,0.001114417854212312
2014,Serviços auxiliares da educação,Governos Municipais,0.002313282614171366
2014,Serviços auxiliares da educação,Coluna de Consolidação,-0.001231831226158907
2014,Serviços auxiliares da educação,Governo Geral,0.003005551924370316
2015,Serviços auxiliares da educação,Governo Central,0.0007783326920774581
2015,Serviços auxiliares da educação,Governos Estaduais,0.0011346629222616965
2015,Serviços auxiliares da educação,Governos Municipais,0.0022053052216652242
2015,Serviços auxiliares da educação,Coluna de Consolidação,-0.0012304243279904312
2015,Serviços auxiliares da educação,Governo Geral,0.002887876508013948
2016,Serviços auxiliares da educação,Governo Central,0.0006909930416249573
2016,Serviços auxiliares da educação,Governos Estaduais,0.0011750020516664347
2016,Serviços auxiliares da educação,Governos Municipais,0.0022988493801346732
2016,Serviços auxiliares da educação,Coluna de Consolidação,-0.0011588922878084257
2016,Serviços auxiliares da educação,Governo Geral,0.0030059521856176394
2017,Serviços auxiliares da educação,Governo Central,0.0007085622471897574
2017,Serviços auxiliares da educação,Governos Estaduais,0.001206981508736817
2017,Serviços auxiliares da educação,Governos Municipais,0.0021657049601278944
2017,Serviços auxiliares da educação,Coluna de Consolidação,-0.0011671134343347901
2017,Serviços auxiliares da educação,Governo Geral,0.0029141352817196784
2018,Serviços auxiliares da educação,Governo Central,0.0006803092940494122
2018,Serviços auxiliares da educação,Governos Estaduais,0.0011284392943495584
2018,Serviços auxiliares da educação,Governos Municipais,0.0021719511609126865
2018,Serviços auxiliares da educação,Coluna de Consolidação,-0.001097167005735123
2018,Serviços auxiliares da educação,Governo Geral,0.0028835327435765344
2019,Serviços auxiliares da educação,Governo Central,0.000672023599901992
2019,Serviços auxiliares da educação,Governos Estaduais,0.001070395382973218
2019,Serviços auxiliares da educação,Governos Municipais,0.002280587639874199
2019,Serviços auxiliares da educação,Coluna de Consolidação,-0.001061421271694554
2019,Serviços auxiliares da educação,Governo Geral,0.0029615853510548554
2020,Serviços auxiliares da educação,Governo Central,0.0006837416209670872
2020,Serviços auxiliares da educação,Governos Estaduais,0.00047957338378860914
2020,Serviços auxiliares da educação,Governos Municipais,0.0018792123772997523
2020,Serviços auxiliares da educação,Coluna de Consolidação,-0.0008084676045606383
2020,Serviços auxiliares da educação,Governo Geral,0.00223405977749481
2021,Serviços auxiliares da educação,Governo Central,0.0005854815437616188
2021,Serviços auxiliares da educação,Governos Estaduais,0.001073522760388397
2021,Serviços auxiliares da educação,Governos Municipais,0.0017748793271316402
2021,Serviços auxiliares da educação,Coluna de Consolidação,-0.0010529306654936475
2021,Serviços auxiliares da educação,Governo Geral,0.0023809529657880086
2022,Serviços auxiliares da educação,Governo Central,0.0004505370890310372
2022,Serviços auxiliares da educação,Governos Estaduais,0.001434641495157475
2022,Serviços auxiliares da educação,Governos Municipais,0.002378620542583896
2022,Serviços auxiliares da educação,Coluna de Consolidação,-0.0011652228728195586
2022,Serviços auxiliares da educação,Governo Geral,0.0030985762539528497
2023,Serviços auxiliares da educação,Governo Central,0.0005736771244427803
2023,Serviços auxiliares da educação,Governos Estaduais,0.0014198581020516666
2023,Serviços auxiliares da educação,Governos Municipais,0.002472516973719571
2023,Serviços auxiliares da educação,Coluna de Consolidação,-0.0013295328718668765
2023,Serviços auxiliares da educação,Governo Geral,0.0031365193283471415
2024,Serviços auxiliares da educação,Governo Central,0.0005563291161803959
2024,Serviços auxiliares da educação,Governos Estaduais,0.0017053212680866864
2024,Serviços auxiliares da educação,Governos Municipais,0.002591197208471039
2024,Serviços auxiliares da educação,Coluna de Consolidação,-0.0014266613712491838
2024,Serviços auxiliares da educação,Governo Geral,0.0034261862214889373
2010,Pesquisa e desenvolvimento da educação,Governo Central,0.00019192612133147517
2010,Pesquisa e desenvolvimento da educação,Governos Estaduais,6.518985189191281e-07
2010,Pesquisa e desenvolvimento da educação,Governos Municipais,2.152088972285239e-07
2010,Pesquisa e desenvolvimento da educação,Coluna de Consolidação,-1.5299828203026054e-06
2010,Pesquisa e desenvolvimento da educação,Governo Geral,0.00019126324592732023
2011,Pesquisa e desenvolvimento da educação,Governo Central,0.00016046948533627974
2011,Pesquisa e desenvolvimento da educação,Governos Estaduais,6.399148665396994e-07
2011,Pesquisa e desenvolvimento da educação,Governos Municipais,2.2901096017023943e-07
2011,Pesquisa e desenvolvimento da educação,Coluna de Consolidação,-3.7736409225871414e-06
2011,Pesquisa e desenvolvimento da educação,Governo Geral,0.00015756477024040253
2012,Pesquisa e desenvolvimento da educação,Governo Central,0.0001319245479975899
2012,Pesquisa e desenvolvimento da educação,Governos Estaduais,4.1346329137090035e-07
2012,Pesquisa e desenvolvimento da educação,Governos Municipais,2.0312407584748653e-07
2012,Pesquisa e desenvolvimento da educação,Coluna de Consolidação,-4.612912137291177e-06
2012,Pesquisa e desenvolvimento da educação,Governo Geral,0.00012792822322751712
2013,Pesquisa e desenvolvimento da educação,Governo Central,0.00017295958806034224
2013,Pesquisa e desenvolvimento da educação,Governos Estaduais,5.164638194129388e-07
2013,Pesquisa e desenvolvimento da educação,Governos Municipais,1.0093544135127378e-07
2013,Pesquisa e desenvolvimento da educação,Coluna de Consolidação,-1.4828059757719945e-06
2013,Pesquisa e desenvolvimento da educação,Governo Geral,0.00017209418134533444
2014,Pesquisa e desenvolvimento da educação,Governo Central,0.00045282146611492894
2014,Pesquisa e desenvolvimento da educação,Governos Estaduais,6.556852069544596e-07
2014,Pesquisa e desenvolvimento da educação,Governos Municipais,2.00507278502448e-07
2014,Pesquisa e desenvolvimento da educação,Coluna de Consolidação,-9.036717208494245e-07
2014,Pesquisa e desenvolvimento da educação,Governo Geral,0.00045277398687953643
2015,Pesquisa e desenvolvimento da educação,Governo Central,0.0005070453511355886
2015,Pesquisa e desenvolvimento da educação,Governos Estaduais,7.513760590097795e-07
2015,Pesquisa e desenvolvimento da educação,Governos Municipais,1.7979084607977456e-07
2015,Pesquisa e desenvolvimento da educação,Coluna de Consolidação,-3.9319480079463357e-07
2015,Pesquisa e desenvolvimento da educação,Governo Geral,0.0005075833232398836
2016,Pesquisa e desenvolvimento da educação,Governo Central,0.00028857504951628594
2016,Pesquisa e desenvolvimento da educação,Governos Estaduais,4.836694440763e-08
2016,Pesquisa e desenvolvimento da educação,Governos Municipais,1.4520921055844248e-07
2016,Pesquisa e desenvolvimento da educação,Coluna de Consolidação,-1.6656500751634666e-06
2016,Pesquisa e desenvolvimento da educação,Governo Geral,0.0002871029755960885
2017,Pesquisa e desenvolvimento da educação,Governo Central,0.00027020188185750745
2017,Pesquisa e desenvolvimento da educação,Governos Estaduais,4.792818534501224e-08
2017,Pesquisa e desenvolvimento da educação,Governos Municipais,1.3224891147604223e-07
2017,Pesquisa e desenvolvimento da educação,Coluna de Consolidação,-1.3838901295743992e-06
2017,Pesquisa e desenvolvimento da educação,Governo Geral,0.0002689981688247541
2018,Pesquisa e desenvolvimento da educação,Governo Central,0.0001949409277050059
2018,Pesquisa e desenvolvimento da educação,Governos Estaduais,4.721993762762742e-08
2018,Pesquisa e desenvolvimento da educação,Governos Municipais,1.3624063657756806e-07
2018,Pesquisa e desenvolvimento da educação,Coluna de Consolidação,-8.993825758675386e-07
2018,Pesquisa e desenvolvimento da educação,Governo Geral,0.00019422500570334355
2019,Pesquisa e desenvolvimento da educação,Governo Central,0.0001918360200280899
2019,Pesquisa e desenvolvimento da educação,Governos Estaduais,4.33639790042837e-08
2019,Pesquisa e desenvolvimento da educação,Governos Municipais,1.574588621505451e-07
2019,Pesquisa e desenvolvimento da educação,Coluna de Consolidação,-5.723468244215838e-07
2019,Pesquisa e desenvolvimento da educação,Governo Geral,0.0001914644960448231
2020,Pesquisa e desenvolvimento da educação,Governo Central,0.00011235716078117176
2020,Pesquisa e desenvolvimento da educação,Governos Estaduais,0.0
2020,Pesquisa e desenvolvimento da educação,Governos Municipais,1.223045686765331e-07
2020,Pesquisa e desenvolvimento da educação,Coluna de Consolidação,-3.5785303616802835e-07
2020,Pesquisa e desenvolvimento da educação,Governo Geral,0.00011212161231368026
2021,Pesquisa e desenvolvimento da educação,Governo Central,0.0001289304258462476
2021,Pesquisa e desenvolvimento da educação,Governos Estaduais,0.0
2021,Pesquisa e desenvolvimento da educação,Governos Municipais,1.0960793993232755e-07
2021,Pesquisa e desenvolvimento da educação,Coluna de Consolidação,0.0
2021,Pesquisa e desenvolvimento da educação,Governo Geral,0.0001290400337861799
2022,Pesquisa e desenvolvimento da educação,Governo Central,8.584543238287694e-05
2022,Pesquisa e desenvolvimento da educação,Governos Estaduais,1.898574532893302e-07
2022,Pesquisa e desenvolvimento da educação,Governos Municipais,1.4475609076143954e-07
2022,Pesquisa e desenvolvimento da educação,Coluna de Consolidação,0.0
2022,Pesquisa e desenvolvimento da educação,Governo Geral,8.61800459269277e-05
2023,Pesquisa e desenvolvimento da educação,Governo Central,0.00018256579517588947
2023,Pesquisa e desenvolvimento da educação,Governos Estaduais,5.448671608122913e-06
2023,Pesquisa e desenvolvimento da educação,Governos Municipais,1.613377208286904e-07
2023,Pesquisa e desenvolvimento da educação,Coluna de Consolidação,-4.162478662697772e-08
2023,Pesquisa e desenvolvimento da educação,Governo Geral,0.0001881341797182141
2024,Pesquisa e desenvolvimento da educação,Governo Central,0.00014495786779148928
2024,Pesquisa e desenvolvimento da educação,Governos Estaduais,0.0
2024,Pesquisa e desenvolvimento da educação,Governos Municipais,1.6285741663958496e-07
2024,Pesquisa e desenvolvimento da educação,Coluna de Consolidação,-1.1532109564540894e-09
2024,Pesquisa e desenvolvimento da educação,Governo Geral,0.0001451195719971724
2010,Educação não especificada,Governo Central,0.0010080939950966874
2010,Educação não especificada,Governos Estaduais,3.316271695337068e-05
2010,Educação não especificada,Governos Municipais,0.00021565195780779269
2010,Educação não especificada,Coluna de Consolidação,-0.00047486831306431165
2010,Educação não especificada,Governo Geral,0.000782040356793539
2011,Educação não especificada,Governo Central,0.0008885571120196881
2011,Educação não especificada,Governos Estaduais,3.7129146820034405e-05
2011,Educação não especificada,Governos Municipais,0.00022752271338621124
2011,Educação não especificada,Coluna de Consolidação,-0.0004000240775338345
2011,Educação não especificada,Governo Geral,0.0007531848946920992
2012,Educação não especificada,Governo Central,0.0012931571940231002
2012,Educação não especificada,Governos Estaduais,5.9382767055818976e-05
2012,Educação não especificada,Governos Municipais,0.0002145380537017532
2012,Educação não especificada,Coluna de Consolidação,-0.0004900291451033725
2012,Educação não especificada,Governo Geral,0.0010770488696772997
2013,Educação não especificada,Governo Central,0.0013414667134940164
2013,Educação não especificada,Governos Estaduais,4.211716238736949e-05
2013,Educação não especificada,Governos Municipais,0.0002210537214628805
2013,Educação não especificada,Coluna de Consolidação,-0.0002688529527194756
2013,Educação não especificada,Governo Geral,0.0013357846446247908
2014,Educação não especificada,Governo Central,0.0014684042613529443
2014,Educação não especificada,Governos Estaduais,4.031543508169089e-05
2014,Educação não especificada,Governos Municipais,0.0002899458263859841
2014,Educação não especificada,Coluna de Consolidação,-0.0002429916211247619
2014,Educação não especificada,Governo Geral,0.0015556739016958573
2015,Educação não especificada,Governo Central,0.001107584981878132
2015,Educação não especificada,Governos Estaduais,4.1319054101026314e-05
2015,Educação não especificada,Governos Municipais,0.00026096942571148484
2015,Educação não especificada,Coluna de Consolidação,-0.00011023754127252231
2015,Educação não especificada,Governo Geral,0.0012996359204181208
2016,Educação não especificada,Governo Central,0.00099437421469008
2016,Educação não especificada,Governos Estaduais,0.00010875398432840079
2016,Educação não especificada,Governos Municipais,0.00026221752729584823
2016,Educação não especificada,Coluna de Consolidação,-0.0002133535668085219
2016,Educação não especificada,Governo Geral,0.0011519921595058073
2017,Educação não especificada,Governo Central,0.0008100504858905129
2017,Educação não especificada,Governos Estaduais,0.00010956545137854062
2017,Educação não especificada,Governos Municipais,0.00024014850961792247
2017,Educação não especificada,Coluna de Consolidação,-0.00020184471425637522
2017,Educação não especificada,Governo Geral,0.0009579197326306008
2018,Educação não especificada,Governo Central,0.0008155672497382571
2018,Educação não especificada,Governos Estaduais,0.00010880190392027288
2018,Educação não especificada,Governos Municipais,0.000289730791576977
2018,Educação não especificada,Coluna de Consolidação,-0.00018344148292715788
2018,Educação não especificada,Governo Geral,0.0010306584623083492
2019,Educação não especificada,Governo Central,0.0005564643211503803
2019,Educação não especificada,Governos Estaduais,0.00010506180694242789
2019,Educação não especificada,Governos Municipais,0.0003225686925806752
2019,Educação não especificada,Coluna de Consolidação,-0.00010319334021068893
2019,Educação não especificada,Governo Geral,0.0008809014804627942
2020,Educação não especificada,Governo Central,0.0005594588002988661
2020,Educação não especificada,Governos Estaduais,0.0001211243506418493
2020,Educação não especificada,Governos Municipais,0.0003065419534404191
2020,Educação não especificada,Coluna de Consolidação,-4.0876999298145696e-05
2020,Educação não especificada,Governo Geral,0.0009462481050829888
2021,Educação não especificada,Governo Central,0.0004666994186403118
2021,Educação não especificada,Governos Estaduais,0.0005189922456944609
2021,Educação não especificada,Governos Municipais,0.0002895015069299
2021,Educação não especificada,Coluna de Consolidação,-4.056607704019335e-05
2021,Educação não especificada,Governo Geral,0.0012346270942244796
2022,Educação não especificada,Governo Central,0.0003684556776135965
2022,Educação não especificada,Governos Estaduais,0.00046690298051681563
2022,Educação não especificada,Governos Municipais,0.00041071369120896555
2022,Educação não especificada,Coluna de Consolidação,-3.598548032729544e-05
2022,Educação não especificada,Governo Geral,0.001210086869012082
2023,Educação não especificada,Governo Central,0.0006189909361643381
2023,Educação não especificada,Governos Estaduais,0.00030628130018812316
2023,Educação não especificada,Governos Municipais,0.0004163673908852262
2023,Educação não especificada,Coluna de Consolidação,-0.0001984539832654608
2023,Educação não especificada,Governo Geral,0.0011431856439722266
2024,Educação não especificada,Governo Central,0.00042375058247423543
2024,Educação não especificada,Governos Estaduais,0.00032982150532721844
2024,Educação não especificada,Governos Municipais,0.0004319561495242462
2024,Educação não especificada,Coluna de Consolidação,-6.503459140826374e-05
2024,Educação não especificada,Governo Geral,0.0011204936459174365
2010,Proteção social,Governo Central,0.1047541152542551
2010,Proteção social,Governos Estaduais,0.019374438470494137
2010,Proteção social,Governos Municipais,0.008986189612217406
2010,Proteção social,Coluna de Consolidação,-0.0019847357179690107
2010,Proteção social,Governo Geral,0.13113000761899762
2011,Proteção social,Governo Central,0.10491888384448303
2011,Proteção social,Governos Estaduais,0.019599686327796153
2011,Proteção social,Governos Municipais,0.006801160018689799
2011,Proteção social,Coluna de Consolidação,-0.0017953372936166262
2011,Proteção social,Governo Geral,0.12952439289735235
2012,Proteção social,Governo Central,0.10754594426599381
2012,Proteção social,Governos Estaduais,0.02046532345503629
2012,Proteção social,Governos Municipais,0.007891486329267889
2012,Proteção social,Coluna de Consolidação,-0.001988482419611721
2012,Proteção social,Governo Geral,0.13391427163068628
2013,Proteção social,Governo Central,0.10879912436750878
2013,Proteção social,Governos Estaduais,0.02075021520423938
2013,Proteção social,Governos Municipais,0.007817236400941167
2013,Proteção social,Coluna de Consolidação,-0.0020015755955963403
2013,Proteção social,Governo Geral,0.13536500037709298
2014,Proteção social,Governo Central,0.11252509193121289
2014,Proteção social,Governos Estaduais,0.0219056674142091
2014,Proteção social,Governos Municipais,0.00870494579009753
2014,Proteção social,Coluna de Consolidação,-0.0019740744151702785
2014,Proteção social,Governo Geral,0.14116163072034926
2015,Proteção social,Governo Central,0.11433345538057453
2015,Proteção social,Governos Estaduais,0.023341589721828596
2015,Proteção social,Governos Municipais,0.009319642500241806
2015,Proteção social,Coluna de Consolidação,-0.001360269155528726
2015,Proteção social,Governo Geral,0.1456344184471162
2016,Proteção social,Governo Central,0.12403597135776916
2016,Proteção social,Governos Estaduais,0.026172220240872852
2016,Proteção social,Governos Municipais,0.009890364827778908
2016,Proteção social,Coluna de Consolidação,-0.0015417603369191027
2016,Proteção social,Governo Geral,0.15855679608950182
2017,Proteção social,Governo Central,0.12813800682314874
2017,Proteção social,Governos Estaduais,0.027080357057077068
2017,Proteção social,Governos Municipais,0.010416995386996319
2017,Proteção social,Coluna de Consolidação,-0.001913244262882192
2017,Proteção social,Governo Geral,0.16372211500433995
2018,Proteção social,Governo Central,0.12551529550333454
2018,Proteção social,Governos Estaduais,0.027403131869112234
2018,Proteção social,Governos Municipais,0.010984225203829702
2018,Proteção social,Coluna de Consolidação,-0.0017873800144525584
2018,Proteção social,Governo Geral,0.1621152725618239
2019,Proteção social,Governo Central,0.12694391149180848
2019,Proteção social,Governos Estaduais,0.028272620230590524
2019,Proteção social,Governos Municipais,0.011555566171202744
2019,Proteção social,Coluna de Consolidação,-0.0019170678304740822
2019,Proteção social,Governo Geral,0.16485503006312766
2020,Proteção social,Governo Central,0.1706742541912537
2020,Proteção social,Governos Estaduais,0.029620737129829728
2020,Proteção social,Governos Municipais,0.012372154118977838
2020,Proteção social,Coluna de Consolidação,-0.0027010198502239176
2020,Proteção social,Governo Geral,0.20996612558983735
2021,Proteção social,Governo Central,0.12059168754264575
2021,Proteção social,Governos Estaduais,0.023099013680256738
2021,Proteção social,Governos Municipais,0.01144694395052346
2021,Proteção social,Coluna de Consolidação,-0.0016053577027751115
2021,Proteção social,Governo Geral,0.15353228747065084
2022,Proteção social,Governo Central,0.12351928245841035
2022,Proteção social,Governos Estaduais,0.024206522236468374
2022,Proteção social,Governos Municipais,0.011911884371975387
2022,Proteção social,Coluna de Consolidação,-0.0024832802776312383
2022,Proteção social,Governo Geral,0.15715440878922288
2023,Proteção social,Governo Central,0.1317107957889273
2023,Proteção social,Governos Estaduais,0.025907329966843428
2023,Proteção social,Governos Municipais,0.012369223363139645
2023,Proteção social,Coluna de Consolidação,-0.0024565813658689287
2023,Proteção social,Governo Geral,0.16753076775304143
2024,Proteção social,Governo Central,0.12929629393257194
2024,Proteção social,Governos Estaduais,0.025687039050457973
2024,Proteção social,Governos Municipais,0.012883072541215214
2024,Proteção social,Coluna de Consolidação,-0.0025490430736574057
2024,Proteção social,Governo Geral,0.16531736245058776
2010,Doença e invalidez,Governo Central,0.01628472100984597
2010,Doença e invalidez,Governos Estaduais,3.9433342030493995e-05
2010,Doença e invalidez,Governos Municipais,6.549881830818941e-05
2010,Doença e invalidez,Coluna de Consolidação,-7.4405015075408685e-06
2010,Doença e invalidez,Governo Geral,0.01638221266867711
2011,Doença e invalidez,Governo Central,0.016084823448828806
2011,Doença e invalidez,Governos Estaduais,3.8006758345262856e-05
2011,Doença e invalidez,Governos Municipais,6.136747382477104e-05
2011,Doença e invalidez,Coluna de Consolidação,-7.156580119488941e-06
2011,Doença e invalidez,Governo Geral,0.016177041100879353
2012,Doença e invalidez,Governo Central,0.016073042061312475
2012,Doença e invalidez,Governos Estaduais,4.851654116199513e-05
2012,Doença e invalidez,Governos Municipais,5.7540407419864726e-05
2012,Doença e invalidez,Coluna de Consolidação,-1.6934188869585344e-05
2012,Doença e invalidez,Governo Geral,0.01616216482102475
2013,Doença e invalidez,Governo Central,0.016246788269065858
2013,Doença e invalidez,Governos Estaduais,4.558497432052385e-05
2013,Doença e invalidez,Governos Municipais,5.714595161065875e-05
2013,Doença e invalidez,Coluna de Consolidação,-2.6929680313526927e-05
2013,Doença e invalidez,Governo Geral,0.016322589514683516
2014,Doença e invalidez,Governo Central,0.016805140196927297
2014,Doença e invalidez,Governos Estaduais,5.408606683299718e-05
2014,Doença e invalidez,Governos Municipais,4.598742156879468e-05
2014,Doença e invalidez,Coluna de Consolidação,-2.7529268969837553e-05
2014,Doença e invalidez,Governo Geral,0.01687768441635925
2015,Doença e invalidez,Governo Central,0.016538388787710512
2015,Doença e invalidez,Governos Estaduais,4.8186222942333346e-05
2015,Doença e invalidez,Governos Municipais,6.05672140505384e-05
2015,Doença e invalidez,Coluna de Consolidação,-9.149021218636408e-06
2015,Doença e invalidez,Governo Geral,0.016637993203484747
2016,Doença e invalidez,Governo Central,0.018893352013878657
2016,Doença e invalidez,Governos Estaduais,0.0001004289846401844
2016,Doença e invalidez,Governos Municipais,5.373315509688548e-05
2016,Doença e invalidez,Coluna de Consolidação,-1.2127952111978538e-05
2016,Doença e invalidez,Governo Geral,0.01903538620150375
2017,Doença e invalidez,Governo Central,0.018639967960038667
2017,Doença e invalidez,Governos Estaduais,9.642967264759142e-05
2017,Doença e invalidez,Governos Municipais,5.1954105623959304e-05
2017,Doença e invalidez,Coluna de Consolidação,-1.123222697348014e-05
2017,Doença e invalidez,Governo Geral,0.01877711951133674
2018,Doença e invalidez,Governo Central,0.01772368062994176
2018,Doença e invalidez,Governos Estaduais,9.673497696073087e-05
2018,Doença e invalidez,Governos Municipais,5.121673434789364e-05
2018,Doença e invalidez,Coluna de Consolidação,-1.1980452398798245e-05
2018,Doença e invalidez,Governo Geral,0.017859651888851587
2019,Doença e invalidez,Governo Central,0.017167078443450997
2019,Doença e invalidez,Governos Estaduais,9.353652781383511e-05
2019,Doença e invalidez,Governos Municipais,5.824171468615917e-05
2019,Doença e invalidez,Coluna de Consolidação,-1.2917057477725796e-05
2019,Doença e invalidez,Governo Geral,0.017305939628473266
2020,Doença e invalidez,Governo Central,0.016947588265482545
2020,Doença e invalidez,Governos Estaduais,4.755315786267141e-05
2020,Doença e invalidez,Governos Municipais,6.087257785949575e-05
2020,Doença e invalidez,Coluna de Consolidação,-2.2620777006239694e-05
2020,Doença e invalidez,Governo Geral,0.01703339322419847
2021,Doença e invalidez,Governo Central,0.015227382959665468
2021,Doença e invalidez,Governos Estaduais,8.142699743350775e-05
2021,Doença e invalidez,Governos Municipais,6.570211187333718e-05
2021,Doença e invalidez,Coluna de Consolidação,-1.5215251330311168e-05
2021,Doença e invalidez,Governo Geral,0.015359296817642006
2022,Doença e invalidez,Governo Central,0.015295044728381372
2022,Doença e invalidez,Governos Estaduais,7.261503061073207e-05
2022,Doença e invalidez,Governos Municipais,8.454227262793438e-05
2022,Doença e invalidez,Coluna de Consolidação,-8.189597681976155e-06
2022,Doença e invalidez,Governo Geral,0.015444012433938059
2023,Doença e invalidez,Governo Central,0.016695239278612526
2023,Doença e invalidez,Governos Estaduais,6.762280672810361e-05
2023,Doença e invalidez,Governos Municipais,9.851102827538367e-05
2023,Doença e invalidez,Coluna de Consolidação,-1.4492793801161955e-05
2023,Doença e invalidez,Governo Geral,0.016846880319814853
2024,Doença e invalidez,Governo Central,0.017051050664082943
2024,Doença e invalidez,Governos Estaduais,9.702373410724837e-05
2024,Doença e invalidez,Governos Municipais,0.00010951314774664742
2024,Doença e invalidez,Coluna de Consolidação,-4.707546668461428e-05
2024,Doença e invalidez,Governo Geral,0.017210512079252224
2010,Terceira idade,Governo Central,0.049427732308229694
2010,Terceira idade,Governos Estaduais,0.014404576304607468
2010,Terceira idade,Governos Municipais,0.00526272347796668
2010,Terceira idade,Coluna de Consolidação,-0.0010435705634271172
2010,Terceira idade,Governo Geral,0.06805146152737672
2011,Terceira idade,Governo Central,0.04856087966741058
2011,Terceira idade,Governos Estaduais,0.014668250172778098
2011,Terceira idade,Governos Municipais,0.0035165868305078434
2011,Terceira idade,Coluna de Consolidação,-0.0009974894769875793
2011,Terceira idade,Governo Geral,0.06574822719370894
2012,Terceira idade,Governo Central,0.0496845549481358
2012,Terceira idade,Governos Estaduais,0.015249957711354855
2012,Terceira idade,Governos Municipais,0.004520517828677581
2012,Terceira idade,Coluna de Consolidação,-0.0009880900974951906
2012,Terceira idade,Governo Geral,0.06846694039067305
2013,Terceira idade,Governo Central,0.050419928280175746
2013,Terceira idade,Governos Estaduais,0.015516164916559183
2013,Terceira idade,Governos Municipais,0.004603368842198674
2013,Terceira idade,Coluna de Consolidação,-0.00109572447207484
2013,Terceira idade,Governo Geral,0.06944373756685877
2014,Terceira idade,Governo Central,0.05160262481769044
2014,Terceira idade,Governos Estaduais,0.0164207767530944
2014,Terceira idade,Governos Municipais,0.005250108585630979
2014,Terceira idade,Coluna de Consolidação,-0.0011062087992414842
2014,Terceira idade,Governo Geral,0.07216730135717433
2015,Terceira idade,Governo Central,0.055474761693073485
2015,Terceira idade,Governos Estaduais,0.017597637475516004
2015,Terceira idade,Governos Municipais,0.005623318099063573
2015,Terceira idade,Coluna de Consolidação,-0.000593443016385523
2015,Terceira idade,Governo Geral,0.07810227425126753
2016,Terceira idade,Governo Central,0.05976605500428679
2016,Terceira idade,Governos Estaduais,0.020303554289891782
2016,Terceira idade,Governos Municipais,0.006213611846904196
2016,Terceira idade,Coluna de Consolidação,-0.00070717058869416
2016,Terceira idade,Governo Geral,0.08557605055238861
2017,Terceira idade,Governo Central,0.06491730838195907
2017,Terceira idade,Governos Estaduais,0.021059326746186487
2017,Terceira idade,Governos Municipais,0.006861445266597668
2017,Terceira idade,Coluna de Consolidação,-0.0010351697685287485
2017,Terceira idade,Governo Geral,0.09180291062621446
2018,Terceira idade,Governo Central,0.06460109697299758
2018,Terceira idade,Governos Estaduais,0.021327104640884584
2018,Terceira idade,Governos Municipais,0.007308069795735079
2018,Terceira idade,Coluna de Consolidação,-0.0011296897140960526
2018,Terceira idade,Governo Geral,0.0921065816955212
2019,Terceira idade,Governo Central,0.06649694180696014
2019,Terceira idade,Governos Estaduais,0.022066624795677146
2019,Terceira idade,Governos Municipais,0.007898090877344848
2019,Terceira idade,Coluna de Consolidação,-0.0011626845801615457
2019,Terceira idade,Governo Geral,0.09529897289982059
2020,Terceira idade,Governo Central,0.0691214343669656
2020,Terceira idade,Governos Estaduais,0.022948489550941375
2020,Terceira idade,Governos Municipais,0.00830400715925466
2020,Terceira idade,Coluna de Consolidação,-0.0020194614248921637
2020,Terceira idade,Governo Geral,0.09835446965226947
2021,Terceira idade,Governo Central,0.061346279759648105
2021,Terceira idade,Governos Estaduais,0.017656300961572405
2021,Terceira idade,Governos Municipais,0.007596761805533933
2021,Terceira idade,Coluna de Consolidação,-0.0009737769723408823
2021,Terceira idade,Governo Geral,0.08562556555441356
2022,Terceira idade,Governo Central,0.061250270805321
2022,Terceira idade,Governos Estaduais,0.018346167167325643
2022,Terceira idade,Governos Municipais,0.0077191996960912146
2022,Terceira idade,Coluna de Consolidação,-0.0012436750869986343
2022,Terceira idade,Governo Geral,0.08607196258173923
2023,Terceira idade,Governo Central,0.06514784393218825
2023,Terceira idade,Governos Estaduais,0.01947391771123504
2023,Terceira idade,Governos Municipais,0.008000704719750364
2023,Terceira idade,Coluna de Consolidação,-0.0014557826849109909
2023,Terceira idade,Governo Geral,0.09116668367826268
2024,Terceira idade,Governo Central,0.0625607218042029
2024,Terceira idade,Governos Estaduais,0.01939349463631221
2024,Terceira idade,Governos Municipais,0.008245324003427892
2024,Terceira idade,Coluna de Consolidação,-0.0015575174396014915
2024,Terceira idade,Governo Geral,0.0886420230043415
2010,Sobreviventes,Governo Central,0.022455841297587317
2010,Sobreviventes,Governos Estaduais,0.003729362624195094
2010,Sobreviventes,Governos Municipais,0.001346371612077247
2010,Sobreviventes,Coluna de Consolidação,-0.00011187670975163286
2010,Sobreviventes,Governo Geral,0.027419698824108028
2011,Sobreviventes,Governo Central,0.021811230919277568
2011,Sobreviventes,Governos Estaduais,0.0038156525532541453
2011,Sobreviventes,Governos Municipais,0.0007785308872409396
2011,Sobreviventes,Coluna de Consolidação,-0.00010000515892058291
2011,Sobreviventes,Governo Geral,0.02630540920085207
2012,Sobreviventes,Governo Central,0.022236449110180717
2012,Sobreviventes,Governos Estaduais,0.0040246170635972215
2012,Sobreviventes,Governos Municipais,0.0008579686239602169
2012,Sobreviventes,Coluna de Consolidação,-0.00010936450886467218
2012,Sobreviventes,Governo Geral,0.027009670288873484
2013,Sobreviventes,Governo Central,0.02190488615621421
2013,Sobreviventes,Governos Estaduais,0.0040790062660532225
2013,Sobreviventes,Governos Municipais,0.0008168645861456198
2013,Sobreviventes,Coluna de Consolidação,-0.00010463463839284584
2013,Sobreviventes,Governo Geral,0.026696122370020208
2014,Sobreviventes,Governo Central,0.022977490905432763
2014,Sobreviventes,Governos Estaduais,0.0042450828760298345
2014,Sobreviventes,Governos Municipais,0.0008045920675328738
2014,Sobreviventes,Coluna de Consolidação,-0.00010899290708394458
2014,Sobreviventes,Governo Geral,0.02791817294191153
2015,Sobreviventes,Governo Central,0.023981340823976655
2015,Sobreviventes,Governos Estaduais,0.004609131157267542
2015,Sobreviventes,Governos Municipais,0.0008548989364261376
2015,Sobreviventes,Coluna de Consolidação,-7.804202169736234e-05
2015,Sobreviventes,Governo Geral,0.029367328895972968
2016,Sobreviventes,Governo Central,0.02605381359653394
2016,Sobreviventes,Governos Estaduais,0.004914309252457983
2016,Sobreviventes,Governos Municipais,0.0009271286549544633
2016,Sobreviventes,Coluna de Consolidação,-8.287856848922575e-05
2016,Sobreviventes,Governo Geral,0.03181237293545716
2017,Sobreviventes,Governo Central,0.026582596001028216
2017,Sobreviventes,Governos Estaduais,0.005118335790331853
2017,Sobreviventes,Governos Municipais,0.0009827308783798721
2017,Sobreviventes,Coluna de Consolidação,-9.135057495851568e-05
2017,Sobreviventes,Governo Geral,0.032592312094781424
2018,Sobreviventes,Governo Central,0.02599445630092867
2018,Sobreviventes,Governos Estaduais,0.005188731305308128
2018,Sobreviventes,Governos Municipais,0.0009839491533470632
2018,Sobreviventes,Coluna de Consolidação,-8.887819822683513e-05
2018,Sobreviventes,Governo Geral,0.03207825856135703
2019,Sobreviventes,Governo Central,0.025853149995570302
2019,Sobreviventes,Governos Estaduais,0.005399099401495405
2019,Sobreviventes,Governos Municipais,0.0009733355620098587
2019,Sobreviventes,Coluna de Consolidação,-9.064534043307092e-05
2019,Sobreviventes,Governo Geral,0.03213493961864249
2020,Sobreviventes,Governo Central,0.026350874165103046
2020,Sobreviventes,Governos Estaduais,0.005569662798895496
2020,Sobreviventes,Governos Municipais,0.0009763791692457008
2020,Sobreviventes,Coluna de Consolidação,-0.00011153345607471412
2020,Sobreviventes,Governo Geral,0.03278538267716953
2021,Sobreviventes,Governo Central,0.02372138104160777
2021,Sobreviventes,Governos Estaduais,0.003914771018120334
2021,Sobreviventes,Governos Municipais,0.000891078919568003
2021,Sobreviventes,Coluna de Consolidação,-9.986556656913039e-05
2021,Sobreviventes,Governo Geral,0.028427365412726977
2022,Sobreviventes,Governo Central,0.023284910771611295
2022,Sobreviventes,Governos Estaduais,0.004164373425604339
2022,Sobreviventes,Governos Municipais,0.0008930116531783302
2022,Sobreviventes,Coluna de Consolidação,-9.968546453834647e-05
2022,Sobreviventes,Governo Geral,0.02824261038585562
2023,Sobreviventes,Governo Central,0.023003253141176197
2023,Sobreviventes,Governos Estaduais,0.0047638408488934175
2023,Sobreviventes,Governos Municipais,0.0009343134025294441
2023,Sobreviventes,Coluna de Consolidação,-0.00010724360722110661
2023,Sobreviventes,Governo Geral,0.028594163785377952
2024,Sobreviventes,Governo Central,0.022517946118853813
2024,Sobreviventes,Governos Estaduais,0.004492105543321932
2024,Sobreviventes,Governos Municipais,0.0009586830716340874
2024,Sobreviventes,Coluna de Consolidação,-0.00011017135701543767
2024,Sobreviventes,Governo Geral,0.027858563376794394
2010,Família e filhos,Governo Central,0.004048177239235225
2010,Família e filhos,Governos Estaduais,0.00024457276687886496
2010,Família e filhos,Governos Municipais,0.000509649395673147
2010,Família e filhos,Coluna de Consolidação,-0.0001851621837164847
2010,Família e filhos,Governo Geral,0.004617237218070754
2011,Família e filhos,Governo Central,0.004361464793546092
2011,Família e filhos,Governos Estaduais,0.00025271628224809653
2011,Família e filhos,Governos Municipais,0.0005222974119146721
2011,Família e filhos,Coluna de Consolidação,-0.00017222011575402025
2011,Família e filhos,Governo Geral,0.004964258371954841
2012,Família e filhos,Governo Central,0.004856243810884866
2012,Família e filhos,Governos Estaduais,0.00025898661598189093
2012,Família e filhos,Governos Municipais,0.0006066912577182456
2012,Família e filhos,Coluna de Consolidação,-0.00019647255919795256
2012,Família e filhos,Governo Geral,0.00552544912538705
2013,Família e filhos,Governo Central,0.005004029996851064
2013,Família e filhos,Governos Estaduais,0.00024198248163008037
2013,Família e filhos,Governos Municipais,0.0005261564831250669
2013,Família e filhos,Coluna de Consolidação,-0.00015727477735664967
2013,Família e filhos,Governo Geral,0.005614894184249561
2014,Família e filhos,Governo Central,0.0049151331216325455
2014,Família e filhos,Governos Estaduais,0.00024734868162220095
2014,Família e filhos,Governos Municipais,0.0005793923158577946
2014,Família e filhos,Coluna de Consolidação,-9.69302904422374e-05
2014,Família e filhos,Governo Geral,0.005644943828670304
2015,Família e filhos,Governo Central,0.004821543705729812
2015,Família e filhos,Governos Estaduais,0.00025126465453558975
2015,Família e filhos,Governos Municipais,0.000643332672305267
2015,Família e filhos,Coluna de Consolidação,-0.00011608105093359514
2015,Família e filhos,Governo Geral,0.005600059981637075
2016,Família e filhos,Governo Central,0.004858662223879061
2016,Família e filhos,Governos Estaduais,0.00020241817318945458
2016,Família e filhos,Governos Municipais,0.0005954851696981832
2016,Família e filhos,Coluna de Consolidação,-0.00012970732272498268
2016,Família e filhos,Governo Geral,0.0055268582440417165
2017,Família e filhos,Governo Central,0.004725198002046549
2017,Família e filhos,Governos Estaduais,0.0002189800696758163
2017,Família e filhos,Governos Municipais,0.0005669318132394625
2017,Família e filhos,Coluna de Consolidação,-0.00016408659373863375
2017,Família e filhos,Governo Geral,0.005347023291223194
2018,Família e filhos,Governo Central,0.004692289030719163
2018,Família e filhos,Governos Estaduais,0.00022460005486056117
2018,Família e filhos,Governos Municipais,0.0005525737658124196
2018,Família e filhos,Coluna de Consolidação,-0.0001551073855049141
2018,Família e filhos,Governo Geral,0.005314355465887229
2019,Família e filhos,Governo Central,0.004883951788395705
2019,Família e filhos,Governos Estaduais,0.00021364703264140127
2019,Família e filhos,Governos Municipais,0.0004954881949922434
2019,Família e filhos,Coluna de Consolidação,-0.00016758892045525047
2019,Família e filhos,Governo Geral,0.005425498095574099
2020,Família e filhos,Governo Central,0.002925476131333294
2020,Família e filhos,Governos Estaduais,0.00022350359931582088
2020,Família e filhos,Governos Municipais,0.0005019344760353297
2020,Família e filhos,Coluna de Consolidação,-0.00013870223596945986
2020,Família e filhos,Governo Geral,0.003512211970714985
2021,Família e filhos,Governo Central,0.003205870476837123
2021,Família e filhos,Governos Estaduais,0.00015734826859803953
2021,Família e filhos,Governos Municipais,0.0004997781562875145
2021,Família e filhos,Coluna de Consolidação,-0.00010608898852584816
2021,Família e filhos,Governo Geral,0.0037569079131968297
2022,Família e filhos,Governo Central,0.011605805989633476
2022,Família e filhos,Governos Estaduais,0.000210434442961163
2022,Família e filhos,Governos Municipais,0.0005575404442545038
2022,Família e filhos,Coluna de Consolidação,-0.00010577657260440546
2022,Família e filhos,Governo Geral,0.012268004304244738
2023,Família e filhos,Governo Central,0.015613118862362893
2023,Família e filhos,Governos Estaduais,0.0002469963945867549
2023,Família e filhos,Governos Municipais,0.0005864520151062141
2023,Família e filhos,Coluna de Consolidação,-0.00011077029655406833
2023,Família e filhos,Governo Geral,0.016335796975501794
2024,Família e filhos,Governo Central,0.014762185260844057
2024,Família e filhos,Governos Estaduais,0.00015912706616471158
2024,Família e filhos,Governos Municipais,0.0006139447917764484
2024,Família e filhos,Coluna de Consolidação,-0.00013475935828850396
2024,Família e filhos,Governo Geral,0.015400497760496712
2010,Desemprego,Governo Central,0.005359112222474114
2010,Desemprego,Governos Estaduais,1.4837112227912372e-05
2010,Desemprego,Governos Municipais,1.2605448631090343e-05
2010,Desemprego,Coluna de Consolidação,-9.138602901615362e-06
2010,Desemprego,Governo Geral,0.005377416180431502
2011,Desemprego,Governo Central,0.005504484377585182
2011,Desemprego,Governos Estaduais,1.558219044378263e-05
2011,Desemprego,Governos Municipais,1.2670404925722927e-05
2011,Desemprego,Coluna de Consolidação,-9.474979702059771e-06
2011,Desemprego,Governo Geral,0.0055232619932526275
2012,Desemprego,Governo Central,0.005757305329732812
2012,Desemprego,Governos Estaduais,1.4671592949728506e-05
2012,Desemprego,Governos Municipais,1.421108224301093e-05
2012,Desemprego,Coluna de Consolidação,-1.2350569336980498e-05
2012,Desemprego,Governo Geral,0.005773837435588571
2013,Desemprego,Governo Central,0.0061085323647484865
2013,Desemprego,Governos Estaduais,1.6266106262926833e-05
2013,Desemprego,Governos Municipais,1.815354488645071e-05
2013,Desemprego,Coluna de Consolidação,-1.8169505612285247e-05
2013,Desemprego,Governo Geral,0.006124782510285579
2014,Desemprego,Governo Central,0.006122510997907126
2014,Desemprego,Governos Estaduais,1.6265485187926847e-05
2014,Desemprego,Governos Municipais,1.5936766447432462e-05
2014,Desemprego,Coluna de Consolidação,-1.9086190734601036e-05
2014,Desemprego,Governo Geral,0.006135627058807884
2015,Desemprego,Governo Central,0.006412067722165407
2015,Desemprego,Governos Estaduais,1.6998569986725484e-05
2015,Desemprego,Governos Municipais,1.6085889050748215e-05
2015,Desemprego,Coluna de Consolidação,-2.0474912152056623e-05
2015,Desemprego,Governo Geral,0.006424677269050824
2016,Desemprego,Governo Central,0.006029689437109584
2016,Desemprego,Governos Estaduais,2.400511169251028e-05
2016,Desemprego,Governos Municipais,1.1227991041132442e-05
2016,Desemprego,Coluna de Consolidação,-4.907996278821534e-06
2016,Desemprego,Governo Geral,0.006060014543564406
2017,Desemprego,Governo Central,0.00587756183021439
2017,Desemprego,Governos Estaduais,2.2551366184404954e-05
2017,Desemprego,Governos Municipais,1.3092584539725445e-05
2017,Desemprego,Coluna de Consolidação,-4.558705923900122e-06
2017,Desemprego,Governo Geral,0.005908647075014619
2018,Desemprego,Governo Central,0.005201436207531324
2018,Desemprego,Governos Estaduais,2.167750283444523e-05
2018,Desemprego,Governos Municipais,1.6201671773361323e-05
2018,Desemprego,Coluna de Consolidação,-3.389253200001063e-06
2018,Desemprego,Governo Geral,0.0052359261289391295
2019,Desemprego,Governo Central,0.0050778785147991235
2019,Desemprego,Governos Estaduais,2.043348226718376e-05
2019,Desemprego,Governos Municipais,9.52221485248212e-06
2019,Desemprego,Coluna de Consolidação,-5.335694958312098e-08
2019,Desemprego,Governo Geral,0.005107780854969207
2020,Desemprego,Governo Central,0.009661994303122675
2020,Desemprego,Governos Estaduais,2.0097303191849357e-05
2020,Desemprego,Governos Municipais,1.0652611101185408e-05
2020,Desemprego,Coluna de Consolidação,-1.0711637104823925e-06
2020,Desemprego,Governo Geral,0.009691673053705227
2021,Desemprego,Governo Central,0.004824736227857062
2021,Desemprego,Governos Estaduais,7.877869766149896e-06
2021,Desemprego,Governos Municipais,1.019380716831961e-05
2021,Desemprego,Coluna de Consolidação,-3.033344486320491e-06
2021,Desemprego,Governo Geral,0.004839774560305211
2022,Desemprego,Governo Central,0.006377283045998659
2022,Desemprego,Governos Estaduais,2.917291806037666e-05
2022,Desemprego,Governos Municipais,1.130818777767476e-05
2022,Desemprego,Coluna de Consolidação,-9.245908095364228e-07
2022,Desemprego,Governo Geral,0.006416839561027175
2023,Desemprego,Governo Central,0.00668619946453631
2023,Desemprego,Governos Estaduais,4.158209713539939e-06
2023,Desemprego,Governos Municipais,1.1553538758676355e-05
2023,Desemprego,Coluna de Consolidação,-3.959240326806986e-06
2023,Desemprego,Governo Geral,0.00669795197268172
2024,Desemprego,Governo Central,0.006959211321691251
2024,Desemprego,Governos Estaduais,1.1308047200560225e-09
2024,Desemprego,Governos Municipais,1.2395100945518131e-05
2024,Desemprego,Coluna de Consolidação,-4.130430326272076e-06
2024,Desemprego,Governo Geral,0.006967477123115217
2010,Habitação,Governo Central,0.00045738073732306606
2010,Habitação,Governos Estaduais,0.0003025388199968539
2010,Habitação,Governos Municipais,9.432610361297439e-07
2010,Habitação,Coluna de Consolidação,-0.0002510289225703717
2010,Habitação,Governo Geral,0.000509833895785678
2011,Habitação,Governo Central,0.0022195083865747074
2011,Habitação,Governos Estaduais,0.00017575175614105185
2011,Habitação,Governos Municipais,2.536757233511e-07
2011,Habitação,Coluna de Consolidação,-0.00013076671590058397
2011,Habitação,Governo Geral,0.002264747102538526
2012,Habitação,Governo Central,0.002638196210881599
2012,Habitação,Governos Estaduais,0.00019632174523513592
2012,Habitação,Governos Municipais,4.3984451054970676e-07
2012,Habitação,Coluna de Consolidação,-0.00015304962698615813
2012,Habitação,Governo Geral,0.0026819081736411264
2013,Habitação,Governo Central,0.0028405553519445566
2013,Habitação,Governos Estaduais,0.00014221015833138878
2013,Habitação,Governos Municipais,2.018544425456918e-07
2013,Habitação,Coluna de Consolidação,-8.241037975595726e-05
2013,Habitação,Governo Geral,0.0029005569849625337
2014,Habitação,Governo Central,0.003406849846660931
2014,Habitação,Governos Estaduais,0.00018778155779586948
2014,Habitação,Governos Municipais,1.169381055624037e-06
2014,Habitação,Coluna de Consolidação,-0.00013065536448816638
2014,Habitação,Governo Geral,0.003465145421024259
2015,Habitação,Governo Central,0.001665421167949398
2015,Habitação,Governos Estaduais,0.00010384076699595362
2015,Habitação,Governos Municipais,1.5132695976147074e-06
2015,Habitação,Coluna de Consolidação,-6.360663144141513e-05
2015,Habitação,Governo Geral,0.0017071685731015508
2016,Habitação,Governo Central,0.0012758886772504102
2016,Habitação,Governos Estaduais,5.413414692268251e-05
2016,Habitação,Governos Municipais,1.071644962068e-06
2016,Habitação,Coluna de Consolidação,-1.4377196738706384e-05
2016,Habitação,Governo Geral,0.0013167172723964542
2017,Habitação,Governo Central,0.0005515764395563178
2017,Habitação,Governos Estaduais,3.774361007740995e-05
2017,Habitação,Governos Municipais,3.922337508981223e-07
2017,Habitação,Coluna de Consolidação,-5.578006859984029e-06
2017,Habitação,Governo Geral,0.0005841342765246419
2018,Habitação,Governo Central,0.0006533725840855675
2018,Habitação,Governos Estaduais,3.875594053759269e-05
2018,Habitação,Governos Municipais,4.872309948713972e-07
2018,Habitação,Coluna de Consolidação,-3.6270748609399027e-06
2018,Habitação,Governo Geral,0.0006889886807570916
2019,Habitação,Governo Central,0.0006516743910232858
2019,Habitação,Governos Estaduais,2.593009228534937e-05
2019,Habitação,Governos Municipais,1.90963454207875e-05
2019,Habitação,Coluna de Consolidação,-1.8347994391889027e-06
2019,Habitação,Governo Geral,0.0006948660292902338
2020,Habitação,Governo Central,0.00034100229047000024
2020,Habitação,Governos Estaduais,4.00497716188536e-05
2020,Habitação,Governos Municipais,2.427789813956216e-05
2020,Habitação,Coluna de Consolidação,-1.2718627409794295e-05
2020,Habitação,Governo Geral,0.00039261133281862174
2021,Habitação,Governo Central,0.00015486529766073475
2021,Habitação,Governos Estaduais,0.00011866602685295075
2021,Habitação,Governos Municipais,2.2230426938823757e-05
2021,Habitação,Coluna de Consolidação,-7.804138532569795e-06
2021,Habitação,Governo Geral,0.00028795761291993945
2022,Habitação,Governo Central,7.293582825749099e-05
2022,Habitação,Governos Estaduais,8.974671594854638e-05
2022,Habitação,Governos Municipais,2.936169124049938e-05
2022,Habitação,Coluna de Consolidação,-6.1983123072387365e-06
2022,Habitação,Governo Geral,0.00018584592313929802
2023,Habitação,Governo Central,0.0008515292463943323
2023,Habitação,Governos Estaduais,8.623805262544389e-05
2023,Habitação,Governos Municipais,5.3534269258588034e-05
2023,Habitação,Coluna de Consolidação,-9.53827193898059e-06
2023,Habitação,Governo Geral,0.0009817632963393837
2024,Habitação,Governo Central,0.0011007371827502456
2024,Habitação,Governos Estaduais,9.634410172008855e-05
2024,Habitação,Governos Municipais,8.518835148037589e-05
2024,Habitação,Coluna de Consolidação,-1.4654656311631007e-05
2024,Habitação,Governo Geral,0.0012676149796390789
2010,Exclusão social não especificada,Governo Central,0.0029411968946968
2010,Exclusão social não especificada,Governos Estaduais,0.0003898315093266955
2010,Exclusão social não especificada,Governos Municipais,9.723112510122477e-05
2010,Exclusão social não especificada,Coluna de Consolidação,-0.00030961359079263674
2010,Exclusão social não especificada,Governo Geral,0.0031186459383320837
2011,Exclusão social não especificada,Governo Central,0.0030106110548999794
2011,Exclusão social não especificada,Governos Estaduais,0.00038416307402043884
2011,Exclusão social não especificada,Governos Municipais,6.094797172196887e-05
2011,Exclusão social não especificada,Coluna de Consolidação,-0.0003152454609193126
2011,Exclusão social não especificada,Governo Geral,0.0031404766397230745
2012,Exclusão social não especificada,Governo Central,0.003214072262042714
2012,Exclusão social não especificada,Governos Estaduais,0.00041965985341047045
2012,Exclusão social não especificada,Governos Municipais,6.548589021711616e-05
2012,Exclusão social não especificada,Coluna de Consolidação,-0.0004307837981233097
2012,Exclusão social não especificada,Governo Geral,0.003268434207546991
2013,Exclusão social não especificada,Governo Central,0.0032711603451214097
2013,Exclusão social não especificada,Governos Estaduais,0.0004365344132829594
2013,Exclusão social não especificada,Governos Municipais,8.346599228470197e-05
2013,Exclusão social não especificada,Coluna de Consolidação,-0.00044013592080645666
2013,Exclusão social não especificada,Governo Geral,0.003351024829882614
2014,Exclusão social não especificada,Governo Central,0.0035954093850858633
2014,Exclusão social não especificada,Governos Estaduais,0.0004569157914353309
2014,Exclusão social não especificada,Governos Municipais,0.0001458826709461912
2014,Exclusão social não especificada,Coluna de Consolidação,-0.00040828428151022634
2014,Exclusão social não especificada,Governo Geral,0.003789923565957159
2015,Exclusão social não especificada,Governo Central,0.0022650706654312332
2015,Exclusão social não especificada,Governos Estaduais,0.00045661967952853724
2015,Exclusão social não especificada,Governos Municipais,0.00015466917065692
2015,Exclusão social não especificada,Coluna de Consolidação,-0.0004098882012154707
2015,Exclusão social não especificada,Governo Geral,0.0024664713144012195
2016,Exclusão social não especificada,Governo Central,0.003737437032157889
2016,Exclusão social não especificada,Governos Estaduais,0.0003384731397842264
2016,Exclusão social não especificada,Governos Municipais,0.00015120084365421462
2016,Exclusão social não especificada,Coluna de Consolidação,-0.0005032652953203861
2016,Exclusão social não especificada,Governo Geral,0.0037238457202759443
2017,Exclusão social não especificada,Governo Central,0.003323326571629711
2017,Exclusão social não especificada,Governos Estaduais,0.000333564678749669
2017,Exclusão social não especificada,Governos Municipais,0.00014292531367966608
2017,Exclusão social não especificada,Coluna de Consolidação,-0.0005142689050590513
2017,Exclusão social não especificada,Governo Geral,0.0032855476589999945
2018,Exclusão social não especificada,Governo Central,0.0030901344244338466
2018,Exclusão social não especificada,Governos Estaduais,0.000316385599658248
2018,Exclusão social não especificada,Governos Municipais,0.00012935635462267152
2018,Exclusão social não especificada,Coluna de Consolidação,-0.00032433436041507855
2018,Exclusão social não especificada,Governo Geral,0.0032115420182996877
2019,Exclusão social não especificada,Governo Central,0.003137707218081048
2019,Exclusão social não especificada,Governos Estaduais,0.0002824522842921044
2019,Exclusão social não especificada,Governos Municipais,0.0001900025383789217
2019,Exclusão social não especificada,Coluna de Consolidação,-0.0004227716555986278
2019,Exclusão social não especificada,Governo Geral,0.003187390385153447
2020,Exclusão social não especificada,Governo Central,0.04166136998697861
2020,Exclusão social não especificada,Governos Estaduais,0.00042905243075113243
2020,Exclusão social não especificada,Governos Municipais,0.0002643148104684024
2020,Exclusão social não especificada,Coluna de Consolidação,-0.00028355106143284633
2020,Exclusão social não especificada,Governo Geral,0.04207118616676529
2021,Exclusão social não especificada,Governo Central,0.008404179023847977
2021,Exclusão social não especificada,Governos Estaduais,0.000985367160910891
2021,Exclusão social não especificada,Governos Municipais,0.0002561635304845105
2021,Exclusão social não especificada,Coluna de Consolidação,-0.00032570950206049944
2021,Exclusão social não especificada,Governo Geral,0.00932000021318288
2022,Exclusão social não especificada,Governo Central,0.0017577789270232197
2022,Exclusão social não especificada,Governos Estaduais,0.0010104663010679113
2022,Exclusão social não especificada,Governos Municipais,0.0002853318952964696
2022,Exclusão social não especificada,Coluna de Consolidação,-0.0006631899729817835
2022,Exclusão social não especificada,Governo Geral,0.002390387150405817
2023,Exclusão social não especificada,Governo Central,0.0008871708280581907
2023,Exclusão social não especificada,Governos Estaduais,0.0010365345257516648
2023,Exclusão social não especificada,Governos Municipais,0.00029019860357210243
2023,Exclusão social não especificada,Coluna de Consolidação,-0.0005467130522822246
2023,Exclusão social não especificada,Governo Geral,0.0016671909050997333
2024,Exclusão social não especificada,Governo Central,0.0010321130287584978
2024,Exclusão social não especificada,Governos Estaduais,0.001121034178671302
2024,Exclusão social não especificada,Governos Municipais,0.0003183654466322957
2024,Exclusão social não especificada,Coluna de Consolidação,-0.000542608266814241
2024,Exclusão social não especificada,Governo Geral,0.0019289043872478546
2010,Pesquisa e desenvolvimento de proteção social,Governo Central,1.6431461225548608e-05
2010,Pesquisa e desenvolvimento de proteção social,Governos Estaduais,1.995714263044019e-05
2010,Pesquisa e desenvolvimento de proteção social,Governos Municipais,0.0
2010,Pesquisa e desenvolvimento de proteção social,Coluna de Consolidação,-2.207941149192895e-06
2010,Pesquisa e desenvolvimento de proteção social,Governo Geral,3.4180662706795895e-05
2011,Pesquisa e desenvolvimento de proteção social,Governo Central,1.1735584769185244e-05
2011,Pesquisa e desenvolvimento de proteção social,Governos Estaduais,1.7828984158457497e-05
2011,Pesquisa e desenvolvimento de proteção social,Governos Municipais,0.0
2011,Pesquisa e desenvolvimento de proteção social,Coluna de Consolidação,-2.1676701990113066e-06
2011,Pesquisa e desenvolvimento de proteção social,Governo Geral,2.7396898728631436e-05
2012,Pesquisa e desenvolvimento de proteção social,Governo Central,7.762500662954352e-06
2012,Pesquisa e desenvolvimento de proteção social,Governos Estaduais,1.3295012064812088e-05
2012,Pesquisa e desenvolvimento de proteção social,Governos Municipais,0.0
2012,Pesquisa e desenvolvimento de proteção social,Coluna de Consolidação,-1.8715662205132057e-06
2012,Pesquisa e desenvolvimento de proteção social,Governo Geral,1.9185946507253234e-05
2013,Pesquisa e desenvolvimento de proteção social,Governo Central,6.2874808341619824e-06
2013,Pesquisa e desenvolvimento de proteção social,Governos Estaduais,1.3801117828072051e-05
2013,Pesquisa e desenvolvimento de proteção social,Governos Municipais,0.0
2013,Pesquisa e desenvolvimento de proteção social,Coluna de Consolidação,-1.5463552272968865e-07
2013,Pesquisa e desenvolvimento de proteção social,Governo Geral,1.9933963139504342e-05
2014,Pesquisa e desenvolvimento de proteção social,Governo Central,8.976234667343364e-06
2014,Pesquisa e desenvolvimento de proteção social,Governos Estaduais,1.1583880820533657e-05
2014,Pesquisa e desenvolvimento de proteção social,Governos Municipais,0.0
2014,Pesquisa e desenvolvimento de proteção social,Coluna de Consolidação,-1.6969124481815647e-06
2014,Pesquisa e desenvolvimento de proteção social,Governo Geral,1.8863203039695458e-05
2015,Pesquisa e desenvolvimento de proteção social,Governo Central,1.0692744905137538e-05
2015,Pesquisa e desenvolvimento de proteção social,Governos Estaduais,9.77373475829191e-06
2015,Pesquisa e desenvolvimento de proteção social,Governos Municipais,0.0
2015,Pesquisa e desenvolvimento de proteção social,Coluna de Consolidação,-8.691606240543921e-07
2015,Pesquisa e desenvolvimento de proteção social,Governo Geral,1.9597319039375053e-05
2016,Pesquisa e desenvolvimento de proteção social,Governo Central,6.7165144339127256e-06
2016,Pesquisa e desenvolvimento de proteção social,Governos Estaduais,1.6743891003165036e-05
2016,Pesquisa e desenvolvimento de proteção social,Governos Municipais,0.0
2016,Pesquisa e desenvolvimento de proteção social,Coluna de Consolidação,-1.3428186078827762e-06
2016,Pesquisa e desenvolvimento de proteção social,Governo Geral,2.2117586829194987e-05
2017,Pesquisa e desenvolvimento de proteção social,Governo Central,6.60129232686447e-06
2017,Pesquisa e desenvolvimento de proteção social,Governos Estaduais,2.3357796660639953e-07
2017,Pesquisa e desenvolvimento de proteção social,Governos Municipais,0.0
2017,Pesquisa e desenvolvimento de proteção social,Coluna de Consolidação,-1.2871993592096869e-06
2017,Pesquisa e desenvolvimento de proteção social,Governo Geral,5.547670934261182e-06
2018,Pesquisa e desenvolvimento de proteção social,Governo Central,5.991759027983198e-06
2018,Pesquisa e desenvolvimento de proteção social,Governos Estaduais,3.0578123109229673e-07
2018,Pesquisa e desenvolvimento de proteção social,Governos Municipais,0.0
2018,Pesquisa e desenvolvimento de proteção social,Coluna de Consolidação,-5.057265307140514e-07
2018,Pesquisa e desenvolvimento de proteção social,Governo Geral,5.791813728361444e-06
2019,Pesquisa e desenvolvimento de proteção social,Governo Central,4.471726514944238e-06
2019,Pesquisa e desenvolvimento de proteção social,Governos Estaduais,5.526610375419455e-07
2019,Pesquisa e desenvolvimento de proteção social,Governos Municipais,0.0
2019,Pesquisa e desenvolvimento de proteção social,Coluna de Consolidação,-3.393906432479535e-07
2019,Pesquisa e desenvolvimento de proteção social,Governo Geral,4.68499690923823e-06
2020,Pesquisa e desenvolvimento de proteção social,Governo Central,4.020455930733365e-06
2020,Pesquisa e desenvolvimento de proteção social,Governos Estaduais,4.175023538867669e-08
2020,Pesquisa e desenvolvimento de proteção social,Governos Municipais,0.0
2020,Pesquisa e desenvolvimento de proteção social,Coluna de Consolidação,-7.445707675467182e-07
2020,Pesquisa e desenvolvimento de proteção social,Governo Geral,3.3176353985753243e-06
2021,Pesquisa e desenvolvimento de proteção social,Governo Central,2.878867124377573e-06
2021,Pesquisa e desenvolvimento de proteção social,Governos Estaduais,4.5650140265479694e-08
2021,Pesquisa e desenvolvimento de proteção social,Governos Municipais,0.0
2021,Pesquisa e desenvolvimento de proteção social,Coluna de Consolidação,-9.497467306528862e-08
2021,Pesquisa e desenvolvimento de proteção social,Governo Geral,2.829542591577764e-06
2022,Pesquisa e desenvolvimento de proteção social,Governo Central,2.8221252003857744e-06
2022,Pesquisa e desenvolvimento de proteção social,Governos Estaduais,5.2840392069355946e-08
2022,Pesquisa e desenvolvimento de proteção social,Governos Municipais,0.0
2022,Pesquisa e desenvolvimento de proteção social,Coluna de Consolidação,-2.0489037850456368e-07
2022,Pesquisa e desenvolvimento de proteção social,Governo Geral,2.670075213950567e-06
2023,Pesquisa e desenvolvimento de proteção social,Governo Central,3.733598376037114e-06
2023,Pesquisa e desenvolvimento de proteção social,Governos Estaduais,7.082371174908935e-08
2023,Pesquisa e desenvolvimento de proteção social,Governos Municipais,0.0
2023,Pesquisa e desenvolvimento de proteção social,Coluna de Consolidação,-7.029581469071442e-08
2023,Pesquisa e desenvolvimento de proteção social,Governo Geral,3.7341262730954893e-06
2024,Pesquisa e desenvolvimento de proteção social,Governo Central,5.4360899563943835e-06
2024,Pesquisa e desenvolvimento de proteção social,Governos Estaduais,0.0
2024,Pesquisa e desenvolvimento de proteção social,Governos Municipais,0.0
2024,Pesquisa e desenvolvimento de proteção social,Coluna de Consolidação,-6.611355409464275e-08
2024,Pesquisa e desenvolvimento de proteção social,Governo Geral,5.36997640229974e-06
2010,Proteção social não especificada,Governo Central,0.003763522083637374
2010,Proteção social não especificada,Governos Estaduais,0.00022932884860030707
2010,Proteção social não especificada,Governos Municipais,0.0016911664734236974
2010,Proteção social não especificada,Coluna de Consolidação,-6.46967021524183e-05
2010,Proteção social não especificada,Governo Geral,0.005619320703508961
2011,Proteção social não especificada,Governo Central,0.0033541456115909274
2011,Proteção social não especificada,Governos Estaduais,0.00023173455640681807
2011,Proteção social não especificada,Governos Municipais,0.0018485053628305298
2011,Proteção social não especificada,Coluna de Consolidação,-6.0811135113987196e-05
2011,Proteção social não especificada,Governo Geral,0.005373574395714288
2012,Proteção social não especificada,Governo Central,0.0030783180321598902
2012,Proteção social não especificada,Governos Estaduais,0.00023929731928018023
2012,Proteção social não especificada,Governos Municipais,0.001768631394521302
2012,Proteção social não especificada,Coluna de Consolidação,-7.956550451735872e-05
2012,Proteção social não especificada,Governo Geral,0.005006681241444013
2013,Proteção social não especificada,Governo Central,0.0029969561225533193
2013,Proteção social não especificada,Governos Estaduais,0.0002586647699710218
2013,Proteção social não especificada,Governos Municipais,0.0017118791462474494
2013,Proteção social não especificada,Coluna de Consolidação,-7.614158576104904e-05
2013,Proteção social não especificada,Governo Geral,0.004891358453010742
2014,Proteção social não especificada,Governo Central,0.0030909564252085877
2014,Proteção social não especificada,Governos Estaduais,0.0002658263213900103
2014,Proteção social não especificada,Governos Municipais,0.0018618765810578385
2014,Proteção social não especificada,Coluna de Consolidação,-7.469040025159979e-05
2014,Proteção social não especificada,Governo Geral,0.005143968927404837
2015,Proteção social não especificada,Governo Central,0.0031641680696328964
2015,Proteção social não especificada,Governos Estaduais,0.000248137460297619
2015,Proteção social não especificada,Governos Municipais,0.0019652572490910076
2015,Proteção social não especificada,Coluna de Consolidação,-6.871513986061222e-05
2015,Proteção social não especificada,Governo Geral,0.005308847639160911
2016,Proteção social não especificada,Governo Central,0.003414356858238924
2016,Proteção social não especificada,Governos Estaduais,0.00021815325129085798
2016,Proteção social não especificada,Governos Municipais,0.001936905521467764
2016,Proteção social não especificada,Coluna de Consolidação,-8.598259795295929e-05
2016,Proteção social não especificada,Governo Geral,0.005483433033044586
2017,Proteção social não especificada,Governo Central,0.0035138703443489566
2017,Proteção social não especificada,Governos Estaduais,0.00019319154525723552
2017,Proteção social não especificada,Governos Municipais,0.0017975231911850657
2017,Proteção social não especificada,Coluna de Consolidação,-8.571228148066851e-05
2017,Proteção social não especificada,Governo Geral,0.005418872799310589
2018,Proteção social não especificada,Governo Central,0.003552837593668637
2018,Proteção social não especificada,Governos Estaduais,0.0001888360668368538
2018,Proteção social não especificada,Governos Municipais,0.0019423704971963432
2018,Proteção social não especificada,Coluna de Consolidação,-6.986784921922454e-05
2018,Proteção social não especificada,Governo Geral,0.0056141763084826095
2019,Proteção social não especificada,Governo Central,0.003671057607012926
2019,Proteção social não especificada,Governos Estaduais,0.00017034395308056222
2019,Proteção social não especificada,Governos Municipais,0.0019117887235174426
2019,Proteção social não especificada,Coluna de Consolidação,-5.8232729315841654e-05
2019,Proteção social não especificada,Governo Geral,0.0056949575542950895
2020,Proteção social não especificada,Governo Central,0.003660494225867177
2020,Proteção social não especificada,Governos Estaduais,0.00034228676701714193
2020,Proteção social não especificada,Governos Municipais,0.002229715416873503
2020,Proteção social não especificada,Coluna de Consolidação,-0.00011061653296067085
2020,Proteção social não especificada,Governo Geral,0.006121879876797152
2021,Proteção social não especificada,Governo Central,0.0037041138883971607
2021,Proteção social não especificada,Governos Estaduais,0.00017720972686219443
2021,Proteção social não especificada,Governos Municipais,0.0021050351926690204
2021,Proteção social não especificada,Coluna de Consolidação,-7.376896425648486e-05
2021,Proteção social não especificada,Governo Geral,0.00591258984367189
2022,Proteção social não especificada,Governo Central,0.003872430236983456
2022,Proteção social não especificada,Governos Estaduais,0.00028349339449759546
2022,Proteção social não especificada,Governos Municipais,0.0023315885315087614
2022,Proteção social não especificada,Coluna de Consolidação,-0.00035543578933081276
2022,Proteção social não especificada,Governo Geral,0.006132076373659
2023,Proteção social não especificada,Governo Central,0.0028227074372225787
2023,Proteção social não especificada,Governos Estaduais,0.00022795059359771011
2023,Proteção social não especificada,Governos Municipais,0.002393955785888874
2023,Proteção social não especificada,Coluna de Consolidação,-0.00020801112301889823
2023,Proteção social não especificada,Governo Geral,0.005236602693690265
2024,Proteção social não especificada,Governo Central,0.0033068924614318785
2024,Proteção social não especificada,Governos Estaduais,0.0003279086593557554
2024,Proteção social não especificada,Governos Municipais,0.0025396586275719486
2024,Proteção social não especificada,Coluna de Consolidação,-0.00013805998506111962
2024,Proteção social não especificada,Governo Geral,0.006036399763298463
